name,min_price,max_price,target_price,diagonal_inches,width_px,height_px,aspect_ratio,PPI,frequency_hz,contrast_ratio,brightness_cd,matrix_type,response_time_ms,total_pixels,diagonal_category,resolution_category,is_gaming,is_premium,brand
NEC MultiSync C750Q,12513.0,12513.0,278038.86,75.0,3840.0,2160.0,1.7777777777777777,58.74419120219462,60.0,1200,350.0,IPS,8.0,8.2944,XLarge,4K,0,0,NEC
Asus TUF Gaming VG279Q1R,836.0,1749.0,28719.35,27.0,1920.0,1080.0,1.7777777777777777,81.58915444749253,144.0,1000,250.0,IPS,4.0,2.0736,Large,FullHD,1,0,Asus
NEC UN552V,13151.0,17853.0,344454.44,55.0,1920.0,1080.0,1.7777777777777777,40.05285763785997,60.0,1700,500.0,IPS,8.0,2.0736,XLarge,FullHD,0,0,NEC
HP 740pm,6022.0,8170.0,157673.12,39.7,5120.0,2160.0,2.3703703703703702,139.9742467450862,60.0,1000,300.0,IPS,5.0,11.0592,XLarge,4K,0,0,HP
Asus TUF Gaming VG27AQM5A,1370.0,1740.0,34552.1,27.0,2560.0,1440.0,1.7777777777777777,108.78553926332337,300.0,1300,300.0,IPS,1.0,3.6864,Large,QHD,1,0,Asus
Dell Pro Plus P2425,688.0,1012.0,18887.0,24.1,1920.0,1200.0,1.6,93.94835982131056,100.0,1500,300.0,IPS,8.0,2.304,Medium,FullHD,0,0,Dell
Iiyama ProLite TW3226AS-B3P,3225.0,3225.0,71659.5,31.5,1920.0,1080.0,1.7777777777777777,69.9335609549936,60.0,4000,430.0,VA,8.0,2.0736,Large,FullHD,0,0,Iiyama
Eizo FlexScan EV2456,1728.0,2299.0,44739.97,24.0,1920.0,1200.0,1.6,94.33981132056603,60.0,1000,350.0,IPS,5.0,2.304,Medium,FullHD,0,0,Eizo
Acer Nitro XV345CURV3bmiphuzx,1442.0,1712.0,35040.939999999995,34.0,3440.0,1440.0,2.388888888888889,109.68340725465096,180.0,1000,300.0,VA,1.0,4.9536,XLarge,QHD,1,0,Acer
Lenovo ThinkVision E24-40,530.0,687.0,13520.869999999999,23.8,1920.0,1080.0,1.7777777777777777,92.55912479337388,100.0,1300,250.0,IPS,6.0,2.0736,Small,FullHD,0,0,Lenovo
Port Designs 902101,705.0,760.0,16276.15,15.6,1920.0,1080.0,1.7777777777777777,141.21199808219862,60.0,1000,342.715043074884,IPS,4.951367781155016,2.0736,Small,FullHD,0,0,Port Designs
Iiyama G-Master G2770QSU-B1,713.0,1878.0,28786.01,27.0,2560.0,1440.0,1.7777777777777777,108.78553926332337,165.0,1000,400.0,IPS,4.951367781155016,3.6864,Large,QHD,1,0,Iiyama
MSI MPG 271QRX QD-OLED,2999.0,4987.0,88724.45999999999,26.5,2560.0,1440.0,1.7777777777777777,110.83809660791438,360.0,1500000,250.0,OLED,1.0,3.6864,Medium,QHD,1,0,MSI
Asus ROG Swift OLED PG32UCDMR,6362.0,7157.0,150196.09,31.5,3840.0,2160.0,1.7777777777777777,139.8671219099872,240.0,1500000,294.84496124031006,OLED,1.0,8.2944,Large,4K,1,1,Asus
Samsung OM46D-W,11399.0,15709.0,301169.88,46.0,1920.0,1080.0,1.7777777777777777,47.88928630613692,75.0,5000,2500.0,VA,6.0,2.0736,XLarge,FullHD,0,0,Samsung
Sharp PN-R556,15500.0,15500.0,344410.0,55.0,1920.0,1080.0,1.7777777777777777,40.05285763785997,60.0,1300,700.0,Other,8.0,2.0736,XLarge,FullHD,0,0,Sharp
AOC 22P2Q,767.0,787.0,17264.94,22.0,1920.0,1080.0,1.7777777777777777,100.13214409464992,75.0,1000,250.0,IPS,4.0,2.0736,Small,FullHD,0,0,AOC
Dell Pro Plus P5525QC,4126.0,4577.0,96690.33,54.6,3840.0,2160.0,1.7777777777777777,80.69257033268492,60.0,1200,400.0,IPS,8.0,8.2944,XLarge,4K,0,0,Dell
UPERFECT UPi B7,643.0,743.0,15398.46,10.1,1920.0,1200.0,1.6,224.17380907857276,60.0,800,370.0,IPS,25.0,2.304,Small,FullHD,0,0,UPERFECT
Acer R242YEymix,407.0,562.0,10765.59,23.8,1920.0,1080.0,1.7777777777777777,92.55912479337388,100.0,1000,250.0,IPS,4.951367781155016,2.0736,Small,FullHD,0,0,Acer
Asus TUF Gaming VG28UQL1A,3449.0,3449.0,76636.78,28.0,3840.0,2160.0,1.7777777777777777,157.3505121487356,144.0,1000,300.0,IPS,1.0,8.2944,Large,4K,1,1,Asus
Iiyama ProLite T1521MSC-B2,1403.0,1684.0,34296.57,15.0,1024.0,768.0,1.3333333333333333,85.33333333333333,75.0,800,325.0,TN,4.1020408163265305,0.786432,Small,HD,0,0,Iiyama
Samsung F24T450FZ,693.0,770.0,16253.929999999998,24.0,1920.0,1080.0,1.7777777777777777,91.7877987534291,75.0,1000,250.0,IPS,5.0,2.0736,Medium,FullHD,0,0,Samsung
Asus PA24AC,1344.0,1344.0,29863.68,24.0,1920.0,1200.0,1.6,94.33981132056603,60.0,1000,350.0,IPS,5.0,2.304,Medium,FullHD,0,0,Asus
Samsung Smart Monitor M70C 27,1877.0,2230.0,45628.77,27.0,3840.0,2160.0,1.7777777777777777,163.17830889498507,60.0,3000,300.0,VA,4.0,8.2944,Large,4K,0,0,Samsung
Philips Evnia 32M2N6800M,3022.0,7264.0,114277.45999999999,31.5,3840.0,2160.0,1.7777777777777777,139.8671219099872,144.0,1000,700.0,IPS,1.0,8.2944,Large,4K,1,1,Philips
LG UltraGear 32G810SA,2125.0,3266.0,59894.009999999995,31.5,3840.0,2160.0,1.7777777777777777,139.8671219099872,144.0,1000,400.0,IPS,1.0,8.2944,Large,4K,1,1,LG
Acer Nitro VG270Ebmiix,524.0,799.0,14698.529999999999,27.0,1920.0,1080.0,1.7777777777777777,81.58915444749253,100.0,1000,250.0,IPS,4.951367781155016,2.0736,Large,FullHD,0,0,Acer
Philips 24B2N3200J,532.0,591.0,12476.529999999999,23.8,1920.0,1080.0,1.7777777777777777,92.55912479337388,120.0,1500,300.0,IPS,4.0,2.0736,Small,FullHD,1,0,Philips
Hannspree HT240CUA,1758.0,1771.0,39207.189999999995,23.8,1920.0,1080.0,1.7777777777777777,92.55912479337388,100.0,4000,270.0,VA,6.0,2.0736,Small,FullHD,0,0,Hannspree
Asus BE279QSK,1403.0,3149.0,50572.719999999994,27.0,1920.0,1080.0,1.7777777777777777,81.58915444749253,60.0,1000,250.0,IPS,5.0,2.0736,Large,FullHD,0,0,Asus
LG 27BA75QB,1115.0,1386.0,27786.109999999997,27.0,2560.0,1440.0,1.7777777777777777,108.78553926332337,100.0,1000,350.0,IPS,5.0,3.6864,Large,QHD,0,0,LG
Samsung Odyssey G32A 24,613.0,1263.0,20842.36,24.0,1920.0,1080.0,1.7777777777777777,91.7877987534291,165.0,3000,250.0,VA,4.0,2.0736,Medium,FullHD,1,0,Samsung
LG UltraGear 27GP95RP,1858.0,2175.0,44806.63,27.0,3840.0,2160.0,1.7777777777777777,163.17830889498507,144.0,1000,400.0,IPS,1.0,8.2944,Large,4K,1,1,LG
LG UltraFine 27UL850,7009.0,7009.0,155739.97999999998,27.0,3840.0,2160.0,1.7777777777777777,163.17830889498507,60.0,1000,350.0,IPS,5.0,8.2944,Large,4K,0,0,LG
LG 27MP77HM,1123.0,1123.0,24953.059999999998,27.0,1920.0,1080.0,1.7777777777777777,81.58915444749253,75.0,1000,250.0,IPS,5.0,2.0736,Large,FullHD,0,0,LG
HP M24fw,486.0,486.0,10798.92,23.8,1920.0,1080.0,1.7777777777777777,92.55912479337388,75.0,1000,300.0,IPS,5.0,2.0736,Small,FullHD,0,0,HP
HP 524pu,915.0,1589.0,27819.44,23.8,1920.0,1080.0,1.7777777777777777,92.55912479337388,100.0,1500,350.0,IPS,5.0,2.0736,Small,FullHD,0,0,HP
AOC Q27G42XE,599.0,950.0,17209.39,27.0,2560.0,1440.0,1.7777777777777777,108.78553926332337,180.0,1000,300.0,IPS,1.0,3.6864,Large,QHD,1,0,AOC
Samsung QM32C,1652.0,2399.0,45006.61,32.0,1920.0,1080.0,1.7777777777777777,68.84084906507182,60.0,1200,400.0,IPS,8.0,2.0736,XLarge,FullHD,0,0,Samsung
AOC U3277Pqu,4629.0,4629.0,102856.37999999999,32.0,3840.0,2160.0,1.7777777777777777,137.68169813014364,80.0,1000,350.0,VA,4.0,8.2944,XLarge,4K,0,0,AOC
Viewsonic VG3456C,2299.0,3013.0,59016.32,34.0,3440.0,1440.0,2.388888888888889,109.68340725465096,100.0,3000,400.0,VA,5.0,4.9536,XLarge,QHD,0,0,Viewsonic
Gigabyte M32U,3100.0,3786.0,76503.45999999999,32.0,3840.0,2160.0,1.7777777777777777,137.68169813014364,144.0,1000,350.0,IPS,4.0,8.2944,XLarge,4K,1,1,Gigabyte
Acer Nitro ED340CURX0bmiipx,1199.0,1259.0,27308.379999999997,34.0,3440.0,1440.0,2.388888888888889,109.68340725465096,200.0,1000,250.0,VA,4.442516268980477,4.9536,XLarge,QHD,1,0,Acer
Xiaomi Gaming Monitor G27i 2026,495.0,766.0,14009.71,27.0,1920.0,1080.0,1.7777777777777777,81.58915444749253,200.0,1000,400.0,IPS,1.0,2.0736,Large,FullHD,1,0,Xiaomi
Asus TUF Gaming VG24VQ,1592.0,1592.0,35374.24,24.0,1920.0,1080.0,1.7777777777777777,91.7877987534291,144.0,3000,369.7073170731707,VA,5.0,2.0736,Medium,FullHD,1,0,Asus
Iiyama G-Master GB2470HSU-W6,634.0,747.0,15342.91,23.8,1920.0,1080.0,1.7777777777777777,92.55912479337388,180.0,1000,300.0,IPS,4.951367781155016,2.0736,Small,FullHD,1,0,Iiyama
Eizo ColorEdge CG2420,6355.0,6481.0,142607.96,24.0,1920.0,1200.0,1.6,94.33981132056603,71.0,1500,400.0,IPS,10.0,2.304,Medium,FullHD,0,0,Eizo
Corsair XENEON 315QHD165,1727.0,2523.0,47217.5,31.5,2560.0,1440.0,1.7777777777777777,93.24474793999147,165.0,1200,300.0,IPS,8.0,3.6864,Large,QHD,1,0,Corsair
Viewsonic VA2406-H,400.0,400.0,8888.0,24.0,1920.0,1080.0,1.7777777777777777,91.7877987534291,60.0,5000,250.0,VA,4.0,2.0736,Medium,FullHD,0,0,Viewsonic
Asus TUF Gaming VG34VQL3A,1329.0,2449.0,41973.579999999994,34.0,3440.0,1440.0,2.388888888888889,109.68340725465096,180.0,4000,400.0,VA,1.0,4.9536,XLarge,QHD,1,0,Asus
HP P174,2199.0,2199.0,48861.78,17.0,1280.0,1024.0,1.25,96.42351792840054,60.0,1000,250.0,TN,5.0,1.31072,Small,HD,0,0,HP
Samsung S24C310E,449.0,577.0,11398.859999999999,24.0,1920.0,1080.0,1.7777777777777777,91.7877987534291,75.0,1000,250.0,IPS,5.0,2.0736,Medium,FullHD,0,0,Samsung
Acer Nitro XZ271UP3bmiiphx,639.0,640.0,14209.689999999999,27.0,2560.0,1440.0,1.7777777777777777,108.78553926332337,180.0,3000,300.0,VA,4.442516268980477,3.6864,Large,QHD,1,0,Acer
Samsung S27A400UJ,895.0,895.0,19886.899999999998,27.0,1920.0,1080.0,1.7777777777777777,81.58915444749253,75.0,1000,250.0,IPS,5.0,2.0736,Large,FullHD,0,0,Samsung
Asus TUF Gaming VG249QL3A,490.0,995.0,16498.35,23.8,1920.0,1080.0,1.7777777777777777,92.55912479337388,180.0,1000,350.0,IPS,1.0,2.0736,Small,FullHD,1,0,Asus
Philips 16B1P3302,1205.0,1375.0,28663.8,16.0,1920.0,1080.0,1.7777777777777777,137.68169813014364,75.0,700,250.0,IPS,4.0,2.0736,Small,FullHD,0,0,Philips
MSI G242L E14,460.0,460.0,10221.199999999999,23.8,1920.0,1080.0,1.7777777777777777,92.55912479337388,144.0,1500,300.0,IPS,4.951367781155016,2.0736,Small,FullHD,1,0,MSI
Fujitsu B2711 TS QHD,858.0,1032.0,20997.899999999998,27.0,2560.0,1440.0,1.7777777777777777,108.78553926332337,60.0,1000,350.0,IPS,5.0,3.6864,Large,QHD,0,0,Fujitsu
LG UltraGear 32GS95UX,3969.0,4381.0,92768.5,31.5,3840.0,2160.0,1.7777777777777777,139.8671219099872,240.0,1500000,275.0,OLED,1.0,8.2944,Large,4K,1,1,LG
NEC MultiSync ME651,4000.0,8060.0,133986.6,65.0,3840.0,2160.0,1.7777777777777777,67.78175907945533,60.0,1200,400.0,IPS,8.0,8.2944,XLarge,4K,0,0,NEC
MSI MAG 272UP QD-OLED X24,4102.0,4678.0,97545.79999999999,26.5,3840.0,2160.0,1.7777777777777777,166.25714491187156,240.0,1500000,250.0,OLED,1.0,8.2944,Medium,4K,1,1,MSI
Eizo ColorEdge CS2400S,2849.0,4199.0,78303.28,24.1,1920.0,1200.0,1.6,93.94835982131056,60.0,1300,120.0,IPS,19.0,2.304,Medium,FullHD,0,0,Eizo
BenQ ST5501K,6999.0,6999.0,155517.78,55.0,3840.0,2160.0,1.7777777777777777,80.10571527571994,60.0,1200,350.0,Unknown,4.650088691829009,8.2944,XLarge,4K,0,0,BenQ
Viewsonic VX2718-PC-MHDJ,1334.0,1384.0,30196.98,27.0,1920.0,1080.0,1.7777777777777777,81.58915444749253,165.0,4000,250.0,VA,4.442516268980477,2.0736,Large,FullHD,1,0,Viewsonic
BenQ PD2700U,3453.0,3453.0,76725.65999999999,27.0,3840.0,2160.0,1.7777777777777777,163.17830889498507,60.0,1300,350.0,IPS,5.0,8.2944,Large,4K,0,0,BenQ
Viewsonic TD1655,1199.0,1331.0,28108.3,15.6,1920.0,1080.0,1.7777777777777777,141.21199808219862,60.0,800,250.0,IPS,7.0,2.0736,Small,FullHD,0,0,Viewsonic
HP P24h G4,1158.0,1176.0,25930.739999999998,24.0,1920.0,1080.0,1.7777777777777777,91.7877987534291,60.0,1000,250.0,IPS,5.0,2.0736,Medium,FullHD,0,0,HP
Asus ROG Strix XG259CMS,1499.0,1705.0,35596.439999999995,24.5,1920.0,1080.0,1.7777777777777777,89.91457837070605,310.0,1000,400.0,IPS,1.0,2.0736,Medium,FullHD,1,0,Asus
Philips 34B2U6603CH,2371.0,2693.0,56261.03999999999,34.0,3440.0,1440.0,2.388888888888889,109.68340725465096,120.0,4000,450.0,VA,4.0,4.9536,XLarge,QHD,1,0,Philips
Sharp ME552,4856.0,4856.0,107900.31999999999,55.0,3840.0,2160.0,1.7777777777777777,80.10571527571994,60.0,1200,450.0,IPS,8.0,8.2944,XLarge,4K,0,0,Sharp
Cooler Master GA27FC,878.0,878.0,19509.16,27.0,1920.0,1080.0,1.7777777777777777,81.58915444749253,120.0,1500,250.0,IPS,4.0,2.0736,Large,FullHD,1,0,Cooler Master
LG UltraGear 24GQ50F,1003.0,1003.0,22286.66,23.8,1920.0,1080.0,1.7777777777777777,92.55912479337388,144.0,3000,250.0,VA,5.0,2.0736,Small,FullHD,1,0,LG
HP OMEN 27 G2,759.0,943.0,18909.219999999998,27.0,1920.0,1080.0,1.7777777777777777,81.58915444749253,180.0,1000,400.0,IPS,1.0,2.0736,Large,FullHD,1,0,HP
MSI MPG 321CURX QD-OLED,4441.0,6265.0,118943.65999999999,31.5,3840.0,2160.0,1.7777777777777777,139.8671219099872,240.0,1500000,250.0,OLED,1.0,8.2944,Large,4K,1,1,MSI
Philips 275V8LA,629.0,855.0,16487.239999999998,27.0,2560.0,1440.0,1.7777777777777777,108.78553926332337,75.0,4000,250.0,VA,4.0,3.6864,Large,QHD,0,0,Philips
TCL 27R83U,2994.0,3530.0,72481.64,27.0,3840.0,2160.0,1.7777777777777777,163.17830889498507,160.0,4000,495.17525773195877,Other,1.0,8.2944,Large,4K,1,1,TCL
NEC X464UN,20561.0,20561.0,456865.42,46.0,1920.0,1080.0,1.7777777777777777,47.88928630613692,85.0,3500,700.0,VA,8.0,2.0736,XLarge,FullHD,0,0,NEC
AOC AGON AG493UCX2,3818.0,4883.0,96668.11,49.0,5120.0,1440.0,3.5555555555555554,108.54380498674065,165.0,3000,369.7073170731707,VA,4.442516268980477,7.3728,XLarge,QHD,1,0,AOC
Eizo FlexScan EV2360,1239.0,1440.0,29763.69,23.0,1920.0,1200.0,1.6,98.44154224754716,60.0,1000,250.0,IPS,5.0,2.304,Small,FullHD,0,0,Eizo
Acer Vero B247Wbmiprzx,1027.0,1027.0,22819.94,24.0,1920.0,1200.0,1.6,94.33981132056603,60.0,1000,300.0,IPS,4.0,2.304,Medium,FullHD,0,0,Acer
Philips 55BDL3117P,7065.0,7065.0,156984.3,54.6,3840.0,2160.0,1.7777777777777777,80.69257033268492,60.0,5000,750.0,VA,8.0,8.2944,XLarge,4K,0,0,Philips
Lenovo M14d,1116.0,1180.0,25508.559999999998,14.0,2240.0,1400.0,1.6,188.67962264113206,60.0,1500,300.0,IPS,6.0,3.136,Small,FullHD,0,0,Lenovo
Dell UltraSharp U2724DE,1799.0,2571.0,48550.7,27.0,2560.0,1440.0,1.7777777777777777,108.78553926332337,120.0,2000,350.0,IPS,8.0,3.6864,Large,QHD,1,0,Dell
Viewsonic VX2758A-2K-PRO-3,899.0,1366.0,25164.149999999998,27.0,2560.0,1440.0,1.7777777777777777,108.78553926332337,240.0,1000,300.0,IPS,4.951367781155016,3.6864,Large,QHD,1,0,Viewsonic
Iiyama ProLite XU2793HSU-B4,1934.0,2584.0,50194.979999999996,27.0,1920.0,1080.0,1.7777777777777777,81.58915444749253,75.0,1000,300.0,IPS,4.0,2.0736,Large,FullHD,0,0,Iiyama
Gigabyte GS27F,589.0,725.0,14598.539999999999,27.0,1920.0,1080.0,1.7777777777777777,81.58915444749253,170.0,1000,300.0,IPS,4.951367781155016,2.0736,Large,FullHD,1,0,Gigabyte
Samsung QM65H,8690.0,11049.0,219300.28999999998,65.0,3840.0,2160.0,1.7777777777777777,67.78175907945533,75.0,4000,500.0,Other,8.0,8.2944,XLarge,4K,0,0,Samsung
Iiyama ProLite LH6565UHSB-B1,5081.0,6460.0,128220.51,64.5,3840.0,2160.0,1.7777777777777777,68.30719907231932,60.0,1200,800.0,IPS,8.0,8.2944,XLarge,4K,0,0,Iiyama
Dell P2723QE,1543.0,2625.0,46306.479999999996,26.96,3840.0,2160.0,1.7777777777777777,163.42041321085298,60.0,1000,350.0,IPS,5.0,8.2944,Medium,4K,0,0,Dell
Asus VP227HE,443.0,624.0,11854.369999999999,21.45,1920.0,1080.0,1.7777777777777777,102.69963496887172,75.0,3000,250.0,VA,5.0,2.0736,Small,FullHD,0,0,Asus
Viewsonic TD2455,2529.0,2529.0,56194.38,24.0,1920.0,1080.0,1.7777777777777777,91.7877987534291,60.0,1000,250.0,IPS,6.0,2.0736,Medium,FullHD,0,0,Viewsonic
AOC 27P2Q,653.0,964.0,17964.87,27.0,1920.0,1080.0,1.7777777777777777,81.58915444749253,75.0,1000,250.0,IPS,4.0,2.0736,Large,FullHD,0,0,AOC
Asus VZ27EHF,463.0,589.0,11687.72,27.0,1920.0,1080.0,1.7777777777777777,81.58915444749253,100.0,1300,250.0,IPS,4.951367781155016,2.0736,Large,FullHD,0,0,Asus
Gigabyte S55U,6835.0,6835.0,151873.69999999998,54.6,3840.0,2160.0,1.7777777777777777,80.69257033268492,120.0,5000,500.0,Other,2.0,8.2944,XLarge,4K,1,1,Gigabyte
Samsung Odyssey G9 C49RG94S,9459.0,9459.0,210178.97999999998,48.8,5120.0,1440.0,3.5555555555555554,108.98865664652239,120.0,3000,600.0,VA,4.0,7.3728,XLarge,QHD,1,0,Samsung
ASRock Phantom Gaming PG27FFT1B,533.0,746.0,14209.689999999999,27.0,1920.0,1080.0,1.7777777777777777,81.58915444749253,180.0,1000,450.0,IPS,4.951367781155016,2.0736,Large,FullHD,1,0,ASRock
MSI PRO MP242,834.0,834.0,18531.48,24.0,1920.0,1080.0,1.7777777777777777,91.7877987534291,75.0,1000,250.0,IPS,5.0,2.0736,Medium,FullHD,0,0,MSI
HP LA2306x,249.0,249.0,5532.78,23.0,1920.0,1080.0,1.7777777777777777,95.77857261227383,146.44827586206895,1000,250.0,TN,5.0,2.0736,Small,FullHD,1,0,HP
LC-Power LC-M27-FHD-144,818.0,871.0,18764.789999999997,27.0,1920.0,1080.0,1.7777777777777777,81.58915444749253,144.0,1000,300.0,IPS,4.951367781155016,2.0736,Large,FullHD,1,0,LC-Power
Terra 3295W PV,1859.0,1878.0,41518.07,31.5,3840.0,2160.0,1.7777777777777777,139.8671219099872,60.0,1000,350.0,IPS,5.0,8.2944,Large,4K,0,0,Terra
HP OMEN 27u,2657.0,2657.0,59038.53999999999,27.0,3840.0,2160.0,1.7777777777777777,163.17830889498507,144.0,1000,450.0,IPS,1.0,8.2944,Large,4K,1,1,HP
BenQ RP704K,18300.0,18300.0,406626.0,70.0,3840.0,2160.0,1.7777777777777777,62.94020485949424,60.0,4000,330.0,Other,8.0,8.2944,XLarge,4K,0,0,BenQ
Viewsonic VP16-OLED,2012.0,2417.0,49206.189999999995,15.6,1920.0,1080.0,1.7777777777777777,141.21199808219862,60.0,1000,400.0,OLED,1.0,2.0736,Small,FullHD,0,0,Viewsonic
Acer Nitro XV240YPbmiiprx,579.0,579.0,12865.38,24.0,1920.0,1080.0,1.7777777777777777,91.7877987534291,144.0,1000,250.0,IPS,2.0,2.0736,Medium,FullHD,1,0,Acer
Philips Evnia 25M2N3200W,521.0,925.0,16065.06,24.5,1920.0,1080.0,1.7777777777777777,89.91457837070605,240.0,3000,300.0,VA,1.0,2.0736,Medium,FullHD,1,0,Philips
Acer EK321QHbi,749.0,830.0,17542.69,31.5,1920.0,1080.0,1.7777777777777777,69.9335609549936,100.0,3000,250.0,VA,5.0,2.0736,Large,FullHD,0,0,Acer
Samsung Odyssey G51F 32,1079.0,1645.0,30263.64,31.5,2560.0,1440.0,1.7777777777777777,93.24474793999147,180.0,3000,300.0,VA,4.442516268980477,3.6864,Large,QHD,1,0,Samsung
Philips 27E1N1800A,722.0,991.0,19031.43,27.0,3840.0,2160.0,1.7777777777777777,163.17830889498507,60.0,1000,350.0,IPS,4.0,8.2944,Large,4K,0,0,Philips
Acer Nitro ED240QS3bmiipx,379.0,597.0,10843.359999999999,23.6,1920.0,1080.0,1.7777777777777777,93.34352415602959,180.0,3000,250.0,VA,4.442516268980477,2.0736,Small,FullHD,1,0,Acer
Acer KA242YE0bi,433.0,565.0,11087.779999999999,23.8,1920.0,1080.0,1.7777777777777777,92.55912479337388,100.0,1000,250.0,IPS,4.951367781155016,2.0736,Small,FullHD,0,0,Acer
BenQ Zowie XL2586X+,4476.0,6063.0,117088.29,24.1,1920.0,1080.0,1.7777777777777777,91.40693651793768,600.0,1000,320.0,TN,4.1020408163265305,2.0736,Medium,FullHD,1,0,BenQ
Philips 32E1N3100LA,738.0,998.0,19286.96,31.5,1920.0,1080.0,1.7777777777777777,69.9335609549936,75.0,3000,300.0,VA,4.0,2.0736,Large,FullHD,0,0,Philips
Asus VG258QR,1417.0,1417.0,31485.739999999998,25.0,1920.0,1080.0,1.7777777777777777,88.11628680329193,165.0,1000,400.0,TN,1.0,2.0736,Medium,FullHD,1,0,Asus
Acer Nitro VG240YGbmipx,453.0,453.0,10065.66,23.8,1920.0,1080.0,1.7777777777777777,92.55912479337388,120.0,1000,250.0,IPS,4.951367781155016,2.0736,Small,FullHD,1,0,Acer
AOC AGON PRO AG346UCD,2743.0,3089.0,64793.52,34.0,3440.0,1440.0,2.388888888888889,109.68340725465096,175.0,1500000,250.0,OLED,1.0,4.9536,XLarge,QHD,1,0,AOC
BenQ RD280U,2410.0,3014.0,60260.64,28.2,3840.0,2560.0,1.5,163.65622810616688,60.0,1200,350.0,IPS,5.0,9.8304,Large,4K,0,0,BenQ
Optoma Creative Touch 3 Series 3862RK,10490.0,18503.0,322112.23,86.0,3840.0,2160.0,1.7777777777777777,51.2303993042395,60.0,1200,400.0,Other,8.0,8.2944,XLarge,4K,0,0,Optoma
Iiyama ProLite XUB2490HSUH-B1,878.0,1076.0,21708.94,23.8,1920.0,1080.0,1.7777777777777777,92.55912479337388,100.0,1300,250.0,IPS,4.0,2.0736,Small,FullHD,0,0,Iiyama
LC-Power LC-M34-UWQHD-165-C,1305.0,1396.0,30008.109999999997,34.0,3440.0,1440.0,2.388888888888889,109.68340725465096,165.0,3000,350.0,VA,4.442516268980477,4.9536,XLarge,QHD,1,0,LC-Power
Asus ROG Strix XG27UCS,1599.0,2174.0,41918.03,27.0,3840.0,2160.0,1.7777777777777777,163.17830889498507,160.0,1000,400.0,IPS,1.0,8.2944,Large,4K,1,1,Asus
Iiyama ProLite T2754MSC-B1AG,1979.0,2165.0,46039.84,27.0,1920.0,1080.0,1.7777777777777777,81.58915444749253,60.0,1000,300.0,IPS,4.0,2.0736,Large,FullHD,0,0,Iiyama
Lenovo ThinkVision P49w-30,5903.0,12128.0,200324.41,49.0,5120.0,1440.0,3.5555555555555554,108.54380498674065,60.0,2000,350.0,IPS,6.0,7.3728,XLarge,QHD,0,0,Lenovo
Samsung QB85R-B,11847.0,17556.0,326667.32999999996,84.5,3840.0,2160.0,1.7777777777777777,52.1398146765041,60.0,4000,350.0,VA,8.0,8.2944,XLarge,4K,0,0,Samsung
MSI MAG 273QP QD-OLED X24,2299.0,2306.0,51161.549999999996,26.5,2560.0,1440.0,1.7777777777777777,110.83809660791438,240.0,1500000,250.0,OLED,1.0,3.6864,Medium,QHD,1,0,MSI
Iiyama ProLite T2752MSC-B1AG,1841.0,2290.0,45895.409999999996,27.0,1920.0,1080.0,1.7777777777777777,81.58915444749253,60.0,1000,344.0,IPS,5.0,2.0736,Large,FullHD,0,0,Iiyama
Samsung QB24C-T,2668.0,4383.0,78336.61,23.8,1920.0,1080.0,1.7777777777777777,92.55912479337388,75.0,1000,250.0,IPS,14.0,2.0736,Small,FullHD,0,0,Samsung
AOC 24P3CW,817.0,1379.0,24397.559999999998,23.8,1920.0,1080.0,1.7777777777777777,92.55912479337388,75.0,1000,300.0,IPS,4.0,2.0736,Small,FullHD,0,0,AOC
Viewsonic XG272-2K-OLED,2299.0,4894.0,79914.23,26.5,2560.0,1440.0,1.7777777777777777,110.83809660791438,240.0,150000,450.0,OLED,1.0,3.6864,Medium,QHD,1,0,Viewsonic
LG UltraGear 32GS95UV,3383.0,4464.0,87180.17,31.5,3840.0,2160.0,1.7777777777777777,139.8671219099872,240.0,1500000,275.0,OLED,1.0,8.2944,Large,4K,1,1,LG
Samsung MD40C,2599.0,2599.0,57749.78,40.0,1920.0,1080.0,1.7777777777777777,55.072679252057455,75.0,5000,350.0,VA,8.0,2.0736,XLarge,FullHD,0,0,Samsung
Philips 349X7FJEW,791.0,791.0,17576.02,34.0,3440.0,1440.0,2.388888888888889,109.68340725465096,60.0,3000,300.0,VA,4.0,4.9536,XLarge,QHD,0,0,Philips
AOC AGON AG456UCZD,3828.0,5309.0,101512.06999999999,44.5,3440.0,1440.0,2.388888888888889,83.80305273389062,240.0,150000,294.84496124031006,OLED,1.0,4.9536,XLarge,QHD,1,0,AOC
Iiyama ProLite TF3215MC-B2,3696.0,4254.0,88324.5,31.5,1920.0,1080.0,1.7777777777777777,69.9335609549936,60.0,3000,460.0,VA,8.0,2.0736,Large,FullHD,0,0,Iiyama
AOC 24G2SPAE,659.0,797.0,16176.16,23.8,1920.0,1080.0,1.7777777777777777,92.55912479337388,165.0,1000,300.0,IPS,4.0,2.0736,Small,FullHD,1,0,AOC
AOC 27G2,1146.0,1146.0,25464.12,27.0,1920.0,1080.0,1.7777777777777777,81.58915444749253,144.0,1000,250.0,IPS,4.0,2.0736,Large,FullHD,1,0,AOC
Dahua LM22-C200,389.0,389.0,8643.58,21.45,1920.0,1080.0,1.7777777777777777,102.69963496887172,75.0,3000,250.0,VA,4.0,2.0736,Small,FullHD,0,0,Dahua
Iiyama ProLite XUB2793QSU-B7,704.0,1093.0,19964.67,27.0,2560.0,1440.0,1.7777777777777777,108.78553926332337,100.0,1300,300.0,IPS,4.951367781155016,3.6864,Large,QHD,0,0,Iiyama
Iiyama ProLite B1980SD,570.0,570.0,12665.4,19.0,1280.0,1024.0,1.25,86.27367393593732,75.0,1000,250.0,TN,5.0,1.31072,Small,HD,0,0,Iiyama
Lenovo Legion Y27h-30,884.0,999.0,20920.129999999997,27.0,2560.0,1440.0,1.7777777777777777,108.78553926332337,180.0,1000,400.0,IPS,1.0,3.6864,Large,QHD,1,0,Lenovo
Dell Alienware AW2525HM,899.0,1358.0,25075.27,24.5,1920.0,1080.0,1.7777777777777777,89.91457837070605,320.0,1000,400.0,IPS,4.951367781155016,2.0736,Medium,FullHD,1,0,Dell
HP 724pu,1118.0,1878.0,33285.56,24.0,1920.0,1200.0,1.6,94.33981132056603,100.0,1500,350.0,IPS,5.0,2.304,Medium,FullHD,0,0,HP
Acer SA322QHbi,650.0,780.0,15887.3,31.5,1920.0,1080.0,1.7777777777777777,69.9335609549936,100.0,3000,300.0,VA,4.442516268980477,2.0736,Large,FullHD,0,0,Acer
Acer Vero RL272Eyiiv,684.0,806.0,16553.899999999998,27.0,1920.0,1080.0,1.7777777777777777,81.58915444749253,100.0,1000,250.0,IPS,4.951367781155016,2.0736,Large,FullHD,0,0,Acer
Sony INZONE M9 II,3531.0,4789.0,92435.2,26.7,3840.0,2160.0,1.7777777777777777,165.01177303987254,160.0,1000,400.0,IPS,1.0,8.2944,Medium,4K,1,1,Sony
Dell Pro Plus P2425HE,650.0,1394.0,22708.84,23.8,1920.0,1080.0,1.7777777777777777,92.55912479337388,100.0,1500,250.0,IPS,8.0,2.0736,Small,FullHD,0,0,Dell
Samsung Odyssey OLED G85SD 34,3199.0,5579.0,97523.58,34.0,3440.0,1440.0,2.388888888888889,109.68340725465096,175.0,1000000,250.0,OLED,1.0,4.9536,XLarge,QHD,1,0,Samsung
Viewsonic VX2476-SMHD,387.0,662.0,11654.39,24.0,1920.0,1080.0,1.7777777777777777,91.7877987534291,60.0,1000,250.0,IPS,4.0,2.0736,Medium,FullHD,0,0,Viewsonic
AOC 24B35HM2,264.0,415.0,7543.69,23.8,1920.0,1080.0,1.7777777777777777,92.55912479337388,100.0,4000,300.0,VA,4.0,2.0736,Small,FullHD,0,0,AOC
Asus ProArt PA279CV,1567.0,1933.0,38885.0,27.0,3840.0,2160.0,1.7777777777777777,163.17830889498507,60.0,1000,350.0,IPS,5.0,8.2944,Large,4K,0,0,Asus
UPERFECT UGame C2 Ver A,997.0,997.0,22153.34,16.0,2560.0,1600.0,1.6,188.67962264113208,120.0,1200,400.0,IPS,9.0,4.096,Small,QHD,1,0,UPERFECT
Samsung S27B610E,1022.0,1022.0,22708.84,27.0,2560.0,1440.0,1.7777777777777777,108.78553926332337,75.0,1000,300.0,IPS,5.0,3.6864,Large,QHD,0,0,Samsung
Acer Nitro XZ342CUV3bmiiphx,1349.0,1349.0,29974.78,34.0,3440.0,1440.0,2.388888888888889,109.68340725465096,180.0,4000,400.0,VA,4.442516268980477,4.9536,XLarge,QHD,1,0,Acer
Asus VA24ECPSN,799.0,859.0,18420.379999999997,23.8,1920.0,1080.0,1.7777777777777777,92.55912479337388,75.0,1000,300.0,IPS,5.0,2.0736,Small,FullHD,0,0,Asus
AOC 25G4SRE,699.0,839.0,17087.18,24.5,1920.0,1080.0,1.7777777777777777,89.91457837070605,300.0,1000,400.0,IPS,1.0,2.0736,Medium,FullHD,1,0,AOC
Viewsonic VG2440V,1000.0,1122.0,23575.42,24.0,1920.0,1080.0,1.7777777777777777,91.7877987534291,60.0,1000,250.0,IPS,5.0,2.0736,Medium,FullHD,0,0,Viewsonic
AOC 24B36X,360.0,410.0,8554.699999999999,23.8,1920.0,1080.0,1.7777777777777777,92.55912479337388,144.0,1500,300.0,IPS,4.0,2.0736,Small,FullHD,1,0,AOC
MSI PRO MP252 E2,407.0,445.0,9465.72,24.5,1920.0,1080.0,1.7777777777777777,89.91457837070605,120.0,1500,300.0,IPS,4.0,2.0736,Medium,FullHD,1,0,MSI
LG 75XS4G,32779.0,32779.0,728349.38,75.0,3840.0,2160.0,1.7777777777777777,58.74419120219462,60.0,1200,4000.0,IPS,8.0,8.2944,XLarge,4K,0,0,LG
Iiyama G-Master G2470HSU-B1,601.0,899.0,16665.0,24.0,1920.0,1080.0,1.7777777777777777,91.7877987534291,165.0,1100,250.0,IPS,4.0,2.0736,Medium,FullHD,1,0,Iiyama
Acer Predator XB273KV5bmiiprx,1699.0,1754.0,38362.829999999994,27.0,3840.0,2160.0,1.7777777777777777,163.17830889498507,160.0,1000,400.0,IPS,4.951367781155016,8.2944,Large,4K,1,1,Acer
MSI G24C4 E2,430.0,625.0,11721.05,23.6,1920.0,1080.0,1.7777777777777777,93.34352415602959,180.0,3000,250.0,VA,4.442516268980477,2.0736,Small,FullHD,1,0,MSI
Philips 27E2N2500,544.0,691.0,13720.849999999999,27.0,2560.0,1440.0,1.7777777777777777,108.78553926332337,120.0,1500,300.0,IPS,4.0,3.6864,Large,QHD,1,0,Philips
Ricoh Portable Monitor 150,1568.0,2094.0,40684.82,15.6,1920.0,1080.0,1.7777777777777777,141.21199808219862,60.0,100000,300.0,OLED,1.0,2.0736,Small,FullHD,0,0,Ricoh
AOC 24B3CA2,379.0,667.0,11621.06,23.8,1920.0,1080.0,1.7777777777777777,92.55912479337388,100.0,1300,250.0,IPS,4.0,2.0736,Small,FullHD,0,0,AOC
Acer Nitro ED320QRS3biipx,799.0,899.0,18864.78,31.5,1920.0,1080.0,1.7777777777777777,69.9335609549936,180.0,3000,250.0,VA,4.442516268980477,2.0736,Large,FullHD,1,0,Acer
LG 27UK670P,1261.0,1375.0,29285.96,27.0,3840.0,2160.0,1.7777777777777777,163.17830889498507,60.0,1000,300.0,IPS,5.0,8.2944,Large,4K,0,0,LG
Kruger&Matz KM9901-MT27,439.0,439.0,9754.58,27.0,1920.0,1080.0,1.7777777777777777,81.58915444749253,100.0,1000,230.0,IPS,4.0,2.0736,Large,FullHD,0,0,Kruger&Matz
AOC CQ32G4VE,782.0,988.0,19664.7,31.5,2560.0,1440.0,1.7777777777777777,93.24474793999147,180.0,3500,300.0,VA,1.0,3.6864,Large,QHD,1,0,AOC
MSI Modern MD272XPW,799.0,799.0,17753.78,27.0,1920.0,1080.0,1.7777777777777777,81.58915444749253,100.0,1000,342.715043074884,IPS,4.0,2.0736,Large,FullHD,0,0,MSI
Philips 45B1U6900CH,3206.0,4526.0,85902.51999999999,44.5,5120.0,1440.0,3.5555555555555554,119.5201448168605,75.0,3000,450.0,VA,4.0,7.3728,XLarge,QHD,0,0,Philips
HP V24v G5,328.0,543.0,9676.81,23.8,1920.0,1080.0,1.7777777777777777,92.55912479337388,75.0,3000,250.0,VA,5.0,2.0736,Small,FullHD,0,0,HP
Dell Pro Plus P2424HEB,1393.0,3002.0,48828.45,23.8,1920.0,1080.0,1.7777777777777777,92.55912479337388,60.0,1000,250.0,IPS,5.0,2.0736,Small,FullHD,0,0,Dell
Samsung PM49H,4590.0,5889.0,116421.68999999999,49.0,1920.0,1080.0,1.7777777777777777,44.95728918535303,75.0,4000,500.0,Other,8.0,2.0736,XLarge,FullHD,0,0,Samsung
HP OMEN 34c,1399.0,2076.0,38607.25,34.0,3440.0,1440.0,2.388888888888889,109.68340725465096,165.0,3000,400.0,VA,1.0,4.9536,XLarge,QHD,1,0,HP
Asus ProArt PA248QV,819.0,950.0,19653.59,24.0,1920.0,1200.0,1.6,94.33981132056603,75.0,1000,300.0,IPS,5.0,2.304,Medium,FullHD,0,0,Asus
Asus ROG Strix XG259CS,661.0,881.0,17131.62,24.5,1920.0,1080.0,1.7777777777777777,89.91457837070605,180.0,1000,400.0,IPS,1.0,2.0736,Medium,FullHD,1,0,Asus
AOC 27B2DM,449.0,596.0,11609.949999999999,27.0,1920.0,1080.0,1.7777777777777777,81.58915444749253,75.0,4000,250.0,VA,4.0,2.0736,Large,FullHD,0,0,AOC
Dell UltraSharp U3224KBA,9440.0,10564.0,222244.44,31.5,6144.0,3456.0,1.7777777777777777,223.7873950559795,60.0,2000,450.0,IPS,5.0,21.233664,Large,4K,0,0,Dell
AOC Q24G2A,838.0,1061.0,21097.89,23.8,2560.0,1440.0,1.7777777777777777,123.41216639116517,165.0,1000,350.0,IPS,4.0,3.6864,Small,QHD,1,0,AOC
Iiyama ProLite LH3260HS-B1AG,1680.0,2077.0,41740.27,31.5,1920.0,1080.0,1.7777777777777777,69.9335609549936,60.0,4000,500.0,VA,8.0,2.0736,Large,FullHD,0,0,Iiyama
Samsung QH55H,8650.0,9819.0,205190.59,55.0,3840.0,2160.0,1.7777777777777777,80.10571527571994,75.0,1000,1500.0,Other,6.0,8.2944,XLarge,4K,0,0,Samsung
MSI MAG 321UP QD-OLED,3599.0,4513.0,90124.31999999999,31.5,3840.0,2160.0,1.7777777777777777,139.8671219099872,165.0,1500000,250.0,OLED,1.0,8.2944,Large,4K,1,1,MSI
Acer PD193QEbmiuux,1399.0,2049.0,38307.28,18.5,1920.0,1080.0,1.7777777777777777,119.0760632476918,60.0,1000,250.0,IPS,4.0,2.0736,Small,FullHD,0,0,Acer
HP M27ha,963.0,963.0,21397.86,27.0,1920.0,1080.0,1.7777777777777777,81.58915444749253,60.0,1000,250.0,IPS,5.0,2.0736,Large,FullHD,0,0,HP
Philips 27M1F5800,4327.0,4327.0,96145.94,27.0,3840.0,2160.0,1.7777777777777777,163.17830889498507,144.0,1000,450.0,IPS,1.0,8.2944,Large,4K,1,1,Philips
Dahua LM28-F400,1125.0,1500.0,29163.75,28.0,3840.0,2160.0,1.7777777777777777,157.3505121487356,60.0,1000,300.0,IPS,5.0,8.2944,Large,4K,0,0,Dahua
HP 532sf,753.0,1267.0,22442.199999999997,32.0,1920.0,1080.0,1.7777777777777777,68.84084906507182,100.0,3000,300.0,VA,7.0,2.0736,XLarge,FullHD,0,0,HP
Viewsonic VA270-H-2,379.0,555.0,10376.74,27.0,1920.0,1080.0,1.7777777777777777,81.58915444749253,100.0,1000,300.0,IPS,4.951367781155016,2.0736,Large,FullHD,0,0,Viewsonic
MSI Optix MEG381CQR Plus,9153.0,11060.0,224566.43,37.5,3840.0,1600.0,2.4,110.93333333333334,175.0,1000,400.0,IPS,1.0,6.144,XLarge,QHD,1,0,MSI
Gigabyte GS32QCA,827.0,1539.0,26286.26,31.5,2560.0,1440.0,1.7777777777777777,93.24474793999147,180.0,3500,250.0,VA,4.442516268980477,3.6864,Large,QHD,1,0,Gigabyte
LG UltraGear 27GR95UM,2999.0,4349.0,81636.28,27.0,3840.0,2160.0,1.7777777777777777,163.17830889498507,144.0,1000,450.0,IPS,1.0,8.2944,Large,4K,1,1,LG
Philips Evnia 34M2C6500,2458.0,3114.0,61904.92,34.0,3440.0,1440.0,2.388888888888889,109.68340725465096,175.0,1000000,250.0,OLED,1.0,4.9536,XLarge,QHD,1,0,Philips
Samsung RM40D,2699.0,2699.0,59971.78,40.0,1920.0,1080.0,1.7777777777777777,55.072679252057455,75.0,1000,350.0,Other,8.0,2.0736,XLarge,FullHD,0,0,Samsung
Samsung Odyssey G55C 32,799.0,1194.0,22142.23,32.0,2560.0,1440.0,1.7777777777777777,91.7877987534291,165.0,2500,300.0,VA,4.442516268980477,3.6864,XLarge,QHD,1,0,Samsung
Acer Nitro QG271M3bmiipx,703.0,703.0,15620.66,27.0,1920.0,1080.0,1.7777777777777777,81.58915444749253,180.0,1000,250.0,IPS,4.951367781155016,2.0736,Large,FullHD,1,0,Acer
Samsung WA86F,9404.0,14429.0,264784.63,86.0,3840.0,2160.0,1.7777777777777777,51.2303993042395,60.0,1200,400.0,IPS,8.0,8.2944,XLarge,4K,0,0,Samsung
Acer Vero B277Ebmiprxv,734.0,840.0,17487.14,27.0,1920.0,1080.0,1.7777777777777777,81.58915444749253,100.0,1000,250.0,IPS,4.0,2.0736,Large,FullHD,0,0,Acer
Samsung Odyssey G70B 32,2309.0,3992.0,70004.11,32.0,3840.0,2160.0,1.7777777777777777,137.68169813014364,144.0,1000,350.0,IPS,1.0,8.2944,XLarge,4K,1,1,Samsung
Samsung Odyssey G40B 25,594.0,1079.0,18587.03,25.0,1920.0,1080.0,1.7777777777777777,88.11628680329193,240.0,1000,400.0,IPS,1.0,2.0736,Medium,FullHD,1,0,Samsung
Asus TUF Gaming VG249Q1R,483.0,984.0,16298.369999999999,24.0,1920.0,1080.0,1.7777777777777777,91.7877987534291,165.0,1000,250.0,IPS,4.0,2.0736,Medium,FullHD,1,0,Asus
MSI Modern MD272UPHW,1237.0,1499.0,30396.96,27.0,3840.0,2160.0,1.7777777777777777,163.17830889498507,60.0,1000,400.0,IPS,4.0,8.2944,Large,4K,0,0,MSI
Samsung S24C430G,490.0,1017.0,16742.77,24.0,1920.0,1080.0,1.7777777777777777,91.7877987534291,100.0,1000,250.0,Other,4.0,2.0736,Medium,FullHD,0,0,Samsung
Iiyama G-Master GB2745HSU-B2,499.0,692.0,13232.01,27.0,1920.0,1080.0,1.7777777777777777,81.58915444749253,100.0,1300,300.0,IPS,4.951367781155016,2.0736,Large,FullHD,0,0,Iiyama
Acer Vero CB273bemipruzx,1401.0,1700.0,34452.11,27.0,1920.0,1080.0,1.7777777777777777,81.58915444749253,75.0,1000,250.0,IPS,4.951367781155016,2.0736,Large,FullHD,0,0,Acer
Sony FW-43XE8001,5129.0,5129.0,113966.37999999999,43.0,3840.0,2160.0,1.7777777777777777,102.460798608479,60.0,1300,400.0,Other,8.0,8.2944,XLarge,4K,0,0,Sony
Fujitsu B2410 WS,1250.0,1396.0,29397.059999999998,24.1,1920.0,1200.0,1.6,93.94835982131056,60.0,1000,300.0,IPS,5.0,2.304,Medium,FullHD,0,0,Fujitsu
Xiaomi 4K Monitor A27Ui,979.0,1296.0,25275.25,27.0,3840.0,2160.0,1.7777777777777777,163.17830889498507,60.0,1200,360.0,IPS,6.0,8.2944,Large,4K,0,0,Xiaomi
Asus ProArt PA27UCX,4899.0,5893.0,119899.12,27.0,3840.0,2160.0,1.7777777777777777,163.17830889498507,60.0,1000,1200.0,IPS,5.0,8.2944,Large,4K,0,0,Asus
Iiyama ProLite XUB2792UHSU-B6,999.0,1325.0,25819.64,27.0,3840.0,2160.0,1.7777777777777777,163.17830889498507,60.0,1300,350.0,IPS,4.0,8.2944,Large,4K,0,0,Iiyama
Dell SE2425H,379.0,516.0,9943.449999999999,23.8,1920.0,1080.0,1.7777777777777777,92.55912479337388,75.0,3000,250.0,VA,5.0,2.0736,Small,FullHD,0,0,Dell
Gigabyte M27QA,1090.0,1090.0,24219.8,27.0,2560.0,1440.0,1.7777777777777777,108.78553926332337,180.0,1000,350.0,IPS,4.951367781155016,3.6864,Large,QHD,1,0,Gigabyte
Hannspree HP278PJB,1376.0,1376.0,30574.719999999998,27.0,1920.0,1080.0,1.7777777777777777,81.58915444749253,60.0,1000,300.0,IPS,4.0,2.0736,Large,FullHD,0,0,Hannspree
ALOGIC Clarity Max Touch 32C4KPDWT,6574.0,6662.0,147051.96,32.0,3840.0,2160.0,1.7777777777777777,137.68169813014364,60.0,3000,320.0,VA,4.442516268980477,8.2944,XLarge,4K,0,0,ALOGIC
AOC 27B31H,376.0,496.0,9687.92,27.0,1920.0,1080.0,1.7777777777777777,81.58915444749253,120.0,1500,300.0,IPS,4.0,2.0736,Large,FullHD,1,0,AOC
Iiyama ProLite TE9218UWI-B1AG,13945.0,27499.0,460442.83999999997,91.5,5120.0,2160.0,2.3703703703703702,60.73199558229423,60.0,4000,500.0,VA,4.442516268980477,11.0592,XLarge,4K,0,0,Iiyama
MSI MPG 322URX QD-OLED,3999.0,5282.0,103111.90999999999,31.5,3840.0,2160.0,1.7777777777777777,139.8671219099872,240.0,1500000,250.0,OLED,1.0,8.2944,Large,4K,1,1,MSI
Philips 43BDL3651T,7409.0,7808.0,169060.87,43.0,3840.0,2160.0,1.7777777777777777,102.460798608479,60.0,1200,400.0,IPS,4.951367781155016,8.2944,XLarge,4K,0,0,Philips
Asus BE24ECSBT,1340.0,1975.0,36829.65,23.8,1920.0,1080.0,1.7777777777777777,92.55912479337388,75.0,1000,300.0,IPS,5.0,2.0736,Small,FullHD,0,0,Asus
Gigabyte G27FC A,904.0,1346.0,24997.5,27.0,1920.0,1080.0,1.7777777777777777,81.58915444749253,165.0,3000,250.0,VA,4.442516268980477,2.0736,Large,FullHD,1,0,Gigabyte
Samsung ML55E,13499.0,13499.0,299947.77999999997,55.0,1920.0,1080.0,1.7777777777777777,40.05285763785997,75.0,3500,400.0,VA,6.0,2.0736,XLarge,FullHD,0,0,Samsung
Terra 2727W HA V2,629.0,690.0,14654.09,27.0,1920.0,1080.0,1.7777777777777777,81.58915444749253,100.0,1000,300.0,VA,5.0,2.0736,Large,FullHD,0,0,Terra
AOC Q27P3QW,1039.0,1395.0,27041.739999999998,27.0,2560.0,1440.0,1.7777777777777777,108.78553926332337,75.0,1000,350.0,IPS,4.0,3.6864,Large,QHD,0,0,AOC
Iiyama ProLite T1932MSC-W1SAG,2496.0,2937.0,60360.63,19.0,1280.0,1024.0,1.25,86.27367393593732,75.0,1000,215.0,IPS,14.0,1.31072,Small,HD,0,0,Iiyama
Samsung Odyssey G55T 34,1020.0,1867.0,32074.57,34.0,3440.0,1440.0,2.388888888888889,109.68340725465096,165.0,2500,250.0,VA,4.0,4.9536,XLarge,QHD,1,0,Samsung
MSI G255PF E2,499.0,831.0,14776.3,24.5,1920.0,1080.0,1.7777777777777777,89.91457837070605,180.0,1000,300.0,IPS,1.0,2.0736,Medium,FullHD,1,0,MSI
Viewsonic VA3456-MHDJ,1202.0,1708.0,32330.1,34.0,3440.0,1440.0,2.388888888888889,109.68340725465096,75.0,1000,400.0,IPS,4.0,4.9536,XLarge,QHD,0,0,Viewsonic
HP Z27q,1059.0,1059.0,23530.98,27.0,5120.0,2880.0,1.7777777777777777,217.57107852664674,60.0,1000,300.0,IPS,14.0,14.7456,Large,4K,0,0,HP
NEC MultiSync M651-2,9488.0,13137.0,251363.75,65.0,3840.0,2160.0,1.7777777777777777,67.78175907945533,60.0,1000,500.0,IPS,6.0,8.2944,XLarge,4K,0,0,NEC
MSI MAG 274QRFW,997.0,1302.0,25541.89,27.0,2560.0,1440.0,1.7777777777777777,108.78553926332337,180.0,1000,400.0,IPS,1.0,3.6864,Large,QHD,1,0,MSI
AOC 24B2XH,385.0,535.0,10221.199999999999,24.0,1920.0,1080.0,1.7777777777777777,91.7877987534291,75.0,1000,250.0,IPS,7.0,2.0736,Medium,FullHD,0,0,AOC
LG UltraWide 34WQ650,1147.0,1221.0,26308.48,34.0,2560.0,1080.0,2.3703703703703702,81.72025876146944,100.0,1000,400.0,IPS,5.0,2.7648,XLarge,FullHD,0,0,LG
Philips 40B1U6903CH,5919.0,8435.0,159472.94,39.7,5120.0,2160.0,2.3703703703703702,139.9742467450862,75.0,1000,300.0,IPS,4.0,11.0592,XLarge,4K,0,0,Philips
LG UltraWide 34WR50QK,999.0,1383.0,26464.02,34.0,3440.0,1440.0,2.388888888888889,109.68340725465096,100.0,3000,300.0,VA,5.0,4.9536,XLarge,QHD,0,0,LG
Redragon Pearl II,529.0,627.0,12843.16,23.6,1920.0,1080.0,1.7777777777777777,93.34352415602959,180.0,3000,250.0,VA,4.0,2.0736,Small,FullHD,1,0,Redragon
Asus TUF Gaming VG249Q3A,518.0,796.0,14598.539999999999,23.8,1920.0,1080.0,1.7777777777777777,92.55912479337388,180.0,1000,250.0,IPS,1.0,2.0736,Small,FullHD,1,0,Asus
Lenovo D32u-40,1247.0,1602.0,31652.39,31.5,3840.0,2160.0,1.7777777777777777,139.8671219099872,60.0,3000,250.0,VA,4.0,8.2944,Large,4K,0,0,Lenovo
Samsung UD22B,10184.0,10184.0,226288.47999999998,22.0,960.0,960.0,1.0,61.711137267189606,126.92706645056727,4000,450.0,VA,8.0,0.9216,Small,HD,1,0,Samsung
Acer SA242YEwi,433.0,499.0,10354.519999999999,23.8,1920.0,1080.0,1.7777777777777777,92.55912479337388,100.0,1000,250.0,IPS,4.0,2.0736,Small,FullHD,0,0,Acer
Asus ROG Strix OLED XG27ACDNG,2857.0,3582.0,71537.29,26.5,2560.0,1440.0,1.7777777777777777,110.83809660791438,360.0,1500000,250.0,OLED,1.0,3.6864,Medium,QHD,1,0,Asus
Asus VY27UQ,898.0,1036.0,21486.739999999998,27.0,3840.0,2160.0,1.7777777777777777,163.17830889498507,60.0,1000,350.0,IPS,5.0,8.2944,Large,4K,0,0,Asus
LG 24M38D,489.0,489.0,10865.58,24.0,1920.0,1080.0,1.7777777777777777,91.7877987534291,75.0,1000,200.0,TN,5.0,2.0736,Medium,FullHD,0,0,LG
Viewsonic VP2768a-4K,2160.0,3052.0,57905.32,27.0,3840.0,2160.0,1.7777777777777777,163.17830889498507,60.0,1300,350.0,IPS,6.0,8.2944,Large,4K,0,0,Viewsonic
Acer Vero CB272Gbmiprx,654.0,863.0,16853.87,27.0,1920.0,1080.0,1.7777777777777777,81.58915444749253,120.0,1000,250.0,IPS,4.951367781155016,2.0736,Large,FullHD,1,0,Acer
Cooler Master Tempest GP27Q,2125.0,2125.0,47217.5,27.0,2560.0,1440.0,1.7777777777777777,108.78553926332337,165.0,1000,1200.0,Other,1.0,3.6864,Large,QHD,1,0,Cooler Master
ASRock Phantom Gaming PG32QF2B,857.0,1237.0,23264.34,31.5,2560.0,1440.0,1.7777777777777777,93.24474793999147,165.0,3000,550.0,VA,5.0,3.6864,Large,QHD,1,0,ASRock
Samsung QM43B-T,7011.0,10959.0,199646.69999999998,43.0,3840.0,2160.0,1.7777777777777777,102.460798608479,60.0,4000,500.0,VA,8.0,8.2944,XLarge,4K,0,0,Samsung
Iiyama ProLite LH5041UHS-B2AG,2361.0,3147.0,61193.88,50.0,3840.0,2160.0,1.7777777777777777,88.11628680329193,60.0,5000,500.0,VA,4.442516268980477,8.2944,XLarge,4K,0,0,Iiyama
Asus C1275Q,498.0,534.0,11465.519999999999,27.0,1920.0,1080.0,1.7777777777777777,81.58915444749253,75.0,1000,250.0,IPS,5.0,2.0736,Large,FullHD,0,0,Asus
Viewsonic IFP8650,25152.0,25152.0,558877.44,86.0,3840.0,2160.0,1.7777777777777777,51.2303993042395,60.0,1200,350.0,Other,8.0,8.2944,XLarge,4K,0,0,Viewsonic
Acer Nitro KG271M3bmiipx,684.0,835.0,16876.09,27.0,1920.0,1080.0,1.7777777777777777,81.58915444749253,180.0,1000,250.0,IPS,4.951367781155016,2.0736,Large,FullHD,1,0,Acer
Iiyama G-Master GCB3481WQSU-B1,1387.0,1599.0,33174.46,34.0,3440.0,1440.0,2.388888888888889,109.68340725465096,180.0,4000,500.0,VA,4.442516268980477,4.9536,XLarge,QHD,1,0,Iiyama
AOC AGON AG275QX,1399.0,1671.0,34107.7,27.0,2560.0,1440.0,1.7777777777777777,108.78553926332337,170.0,1000,400.0,IPS,1.0,3.6864,Large,QHD,1,0,AOC
AOC 24G4XED,347.0,347.0,7710.339999999999,23.8,1920.0,1080.0,1.7777777777777777,92.55912479337388,180.0,1000,300.0,IPS,1.0,2.0736,Small,FullHD,1,0,AOC
Philips 222B1TC,1075.0,1369.0,27152.84,22.0,1920.0,1080.0,1.7777777777777777,100.13214409464992,75.0,1000,250.0,IPS,4.0,2.0736,Small,FullHD,0,0,Philips
Neovo SC-2402,697.0,1181.0,20864.579999999998,23.8,1920.0,1080.0,1.7777777777777777,92.55912479337388,60.0,1000,250.0,VA,5.0,2.0736,Small,FullHD,0,0,Neovo
Lenovo P27u-10,1999.0,3860.0,65093.49,27.0,3840.0,2160.0,1.7777777777777777,163.17830889498507,60.0,1000,350.0,IPS,4.0,8.2944,Large,4K,0,0,Lenovo
Eizo FlexScan EV2460,1355.0,2069.0,38040.64,24.0,1920.0,1080.0,1.7777777777777777,91.7877987534291,60.0,1000,250.0,IPS,5.0,2.0736,Medium,FullHD,0,0,Eizo
Asus ProArt PA329CRV,2987.0,3906.0,76581.23,31.5,3840.0,2160.0,1.7777777777777777,139.8671219099872,60.0,1000,400.0,IPS,5.0,8.2944,Large,4K,0,0,Asus
Viewsonic VG2240,808.0,837.0,18275.95,21.5,1920.0,1080.0,1.7777777777777777,102.460798608479,60.0,3000,250.0,VA,5.0,2.0736,Small,FullHD,0,0,Viewsonic
AOC 22B2AM,383.0,587.0,10776.699999999999,22.0,1920.0,1080.0,1.7777777777777777,100.13214409464992,75.0,3000,250.0,VA,4.0,2.0736,Small,FullHD,0,0,AOC
Lenovo L24i-4B,609.0,648.0,13965.269999999999,23.8,1920.0,1080.0,1.7777777777777777,92.55912479337388,100.0,1300,250.0,IPS,4.0,2.0736,Small,FullHD,0,0,Lenovo
Acer Nitro VG270X1bmiipx,529.0,635.0,12932.039999999999,27.0,1920.0,1080.0,1.7777777777777777,81.58915444749253,200.0,1000,250.0,IPS,4.951367781155016,2.0736,Large,FullHD,1,0,Acer
Viewsonic Omni VX1755,1199.0,1673.0,31907.92,17.0,1920.0,1080.0,1.7777777777777777,129.58277471072344,144.0,800,250.0,IPS,4.0,2.0736,Small,FullHD,1,0,Viewsonic
Lenovo S22e-20,959.0,959.0,21308.98,22.0,1920.0,1080.0,1.7777777777777777,100.13214409464992,75.0,3000,250.0,VA,4.0,2.0736,Small,FullHD,0,0,Lenovo
LG UltraFine 32UR500K,1048.0,1458.0,27841.66,31.5,3840.0,2160.0,1.7777777777777777,139.8671219099872,60.0,3000,250.0,VA,4.0,8.2944,Large,4K,0,0,LG
Dell Alienware AW3423DW,5073.0,6956.0,133642.19,34.18,3440.0,1440.0,2.388888888888889,109.1057883750185,175.0,1000000,1000.0,OLED,1.0,4.9536,XLarge,QHD,1,0,Dell
Cooler Master GM25FP,606.0,606.0,13465.32,24.5,1920.0,1080.0,1.7777777777777777,89.91457837070605,180.0,1000,250.0,IPS,1.0,2.0736,Medium,FullHD,1,0,Cooler Master
HP 734pm,4107.0,6022.0,112533.18999999999,34.0,3440.0,1440.0,2.388888888888889,109.68340725465096,120.0,2000,400.0,IPS,5.0,4.9536,XLarge,QHD,1,0,HP
Samsung C24F390F,630.0,630.0,13998.599999999999,24.0,1920.0,1080.0,1.7777777777777777,91.7877987534291,60.0,3000,250.0,VA,4.0,2.0736,Medium,FullHD,0,0,Samsung
Acer K243Ybmix,1099.0,1099.0,24419.78,24.0,1920.0,1080.0,1.7777777777777777,91.7877987534291,75.0,1000,250.0,Other,4.0,2.0736,Medium,FullHD,0,0,Acer
MSI G274PF,629.0,1651.0,25330.8,27.0,1920.0,1080.0,1.7777777777777777,81.58915444749253,180.0,1000,250.0,IPS,1.0,2.0736,Large,FullHD,1,0,MSI
Philips 242B1TC,1116.0,1562.0,29752.579999999998,24.0,1920.0,1080.0,1.7777777777777777,91.7877987534291,75.0,1000,250.0,IPS,4.0,2.0736,Medium,FullHD,0,0,Philips
Lenovo ThinkCentre TIO 22 Gen 5 Touch,1409.0,1452.0,31785.71,21.5,1920.0,1080.0,1.7777777777777777,102.460798608479,60.0,1000,230.0,IPS,6.0,2.0736,Small,FullHD,0,0,Lenovo
Philips Evnia 34M2C3500L,959.0,1704.0,29585.93,34.0,3440.0,1440.0,2.388888888888889,109.68340725465096,180.0,4000,300.0,VA,1.0,4.9536,XLarge,QHD,1,0,Philips
Samsung OH55A-S,9222.0,40509.0,552511.4099999999,55.0,1920.0,1080.0,1.7777777777777777,40.05285763785997,126.92706645056727,6000,3500.0,VA,6.0,2.0736,XLarge,FullHD,1,0,Samsung
MSI PRO MP245G,299.0,704.0,11143.33,23.8,1920.0,1080.0,1.7777777777777777,92.55912479337388,100.0,1300,300.0,IPS,4.0,2.0736,Small,FullHD,0,0,MSI
BenQ Mobiuz EX251,699.0,995.0,18820.34,24.5,1920.0,1080.0,1.7777777777777777,89.91457837070605,220.0,1000,350.0,IPS,1.0,2.0736,Medium,FullHD,1,0,BenQ
Philips Evnia 27M2C5200W,646.0,987.0,18142.629999999997,27.0,1920.0,1080.0,1.7777777777777777,81.58915444749253,280.0,4000,300.0,VA,1.0,2.0736,Large,FullHD,1,0,Philips
Iiyama ProLite T2252MSC-B2AG,1313.0,1623.0,32618.96,21.5,1920.0,1080.0,1.7777777777777777,102.460798608479,60.0,1000,215.0,IPS,5.0,2.0736,Small,FullHD,0,0,Iiyama
Samsung QB13R,1284.0,1915.0,35540.89,13.0,1920.0,1080.0,1.7777777777777777,169.45439769863833,60.0,800,300.0,IPS,8.0,2.0736,Small,FullHD,0,0,Samsung
Iiyama ProLite T5562AS-B1,9348.0,10338.0,218711.46,54.6,3840.0,2160.0,1.7777777777777777,80.69257033268492,60.0,5000,500.0,VA,8.0,8.2944,XLarge,4K,0,0,Iiyama
AOC AGON AG405UXC,2138.0,3045.0,57583.13,40.0,3440.0,1440.0,2.388888888888889,93.23089616645332,144.0,1200,342.715043074884,IPS,4.0,4.9536,XLarge,QHD,1,0,AOC
Samsung Odyssey OLED G93SC 49,4604.0,6879.0,127576.12999999999,49.0,5120.0,1440.0,3.5555555555555554,108.54380498674065,240.0,1000000,250.0,OLED,1.0,7.3728,XLarge,QHD,1,0,Samsung
Lenovo ThinkVision T24i-2L,839.0,985.0,20264.64,23.8,1920.0,1080.0,1.7777777777777777,92.55912479337388,60.0,1000,250.0,IPS,6.0,2.0736,Small,FullHD,0,0,Lenovo
Philips 273V7QSB,500.0,500.0,11110.0,27.0,1920.0,1080.0,1.7777777777777777,81.58915444749253,60.0,1000,250.0,IPS,8.0,2.0736,Large,FullHD,0,0,Philips
Dell P3223QE,2130.0,3471.0,62227.10999999999,31.5,3840.0,2160.0,1.7777777777777777,139.8671219099872,60.0,1000,350.0,IPS,5.0,8.2944,Large,4K,0,0,Dell
Dell UltraSharp U2412M,349.0,349.0,7754.78,24.0,1920.0,1200.0,1.6,94.33981132056603,60.0,1000,300.0,IPS,8.0,2.304,Medium,FullHD,0,0,Dell
Viewsonic VA3209-2K-MHD,853.0,1097.0,21664.5,31.5,2560.0,1440.0,1.7777777777777777,93.24474793999147,75.0,1200,250.0,IPS,4.0,3.6864,Large,QHD,0,0,Viewsonic
Philips Evnia 27M2N3501PA,895.0,1148.0,22697.73,27.0,2560.0,1440.0,1.7777777777777777,108.78553926332337,260.0,1000,300.0,IPS,1.0,3.6864,Large,QHD,1,0,Philips
Philips 24B2G5301,999.0,1681.0,29774.8,23.8,1920.0,1080.0,1.7777777777777777,92.55912479337388,100.0,1500,300.0,IPS,4.0,2.0736,Small,FullHD,0,0,Philips
Lenovo Creator Extreme,11317.0,11317.0,251463.74,27.0,3840.0,2160.0,1.7777777777777777,163.17830889498507,60.0,1100,1200.0,IPS,4.0,8.2944,Large,4K,0,0,Lenovo
LC-Power LC-M44-DFHD-120,2399.0,2593.0,55461.119999999995,43.8,3840.0,1080.0,3.5555555555555554,91.07271308818993,120.0,1000,400.0,IPS,4.0,4.1472,XLarge,QHD,1,0,LC-Power
Hannspree HO225HTB,1705.0,1789.0,38818.34,21.5,1920.0,1080.0,1.7777777777777777,102.460798608479,60.0,3000,250.0,Other,18.0,2.0736,Small,FullHD,0,0,Hannspree
Acer CB382CURbemiiphuzx,4476.0,4828.0,103367.43999999999,37.5,3840.0,1600.0,2.4,110.93333333333334,60.0,1000,300.0,IPS,4.951367781155016,6.144,XLarge,QHD,0,0,Acer
LC-Power LC-M32QC,991.0,1193.0,24264.239999999998,31.5,2560.0,1440.0,1.7777777777777777,93.24474793999147,180.0,3500,300.0,VA,4.442516268980477,3.6864,Large,QHD,1,0,LC-Power
Philips 32BDL4650D,2396.0,3480.0,65282.35999999999,32.0,1920.0,1080.0,1.7777777777777777,68.84084906507182,60.0,1200,400.0,IPS,8.0,2.0736,XLarge,FullHD,0,0,Philips
Samsung Odyssey Neo G95NC 57,8903.0,12613.0,239042.75999999998,57.0,7680.0,2160.0,3.5555555555555554,139.96438011448137,240.0,2500,420.0,Other,1.0,16.5888,XLarge,4K,1,1,Samsung
NEC MultiSync EA272Q,2097.0,2473.0,50772.7,27.0,2560.0,1440.0,1.7777777777777777,108.78553926332337,60.0,1000,350.0,IPS,6.0,3.6864,Large,QHD,0,0,NEC
Dell Alienware AW2523HF,1545.0,2219.0,41818.04,25.0,1920.0,1080.0,1.7777777777777777,88.11628680329193,360.0,1000,400.0,IPS,1.0,2.0736,Medium,FullHD,1,0,Dell
LG 55VSH7J-H,25383.0,28713.0,601006.5599999999,55.0,1920.0,1080.0,1.7777777777777777,40.05285763785997,60.0,1100,700.0,IPS,8.0,2.0736,XLarge,FullHD,0,0,LG
MSI MAG 27C6PF,649.0,669.0,14642.98,27.0,1920.0,1080.0,1.7777777777777777,81.58915444749253,180.0,3000,250.0,VA,4.442516268980477,2.0736,Large,FullHD,1,0,MSI
Acer B226WLymdr,754.0,754.0,16753.879999999997,22.0,1680.0,1050.0,1.6,90.05163807872212,146.44827586206895,1000,250.0,TN,5.0,1.764,Small,HD,1,0,Acer
Eizo FlexScan S1934,1500.0,1722.0,35796.42,19.0,1280.0,1024.0,1.25,86.27367393593732,61.0,1000,250.0,IPS,14.0,1.31072,Small,HD,0,0,Eizo
Dell Alienware AW3425DWM,1399.0,1782.0,35340.909999999996,34.0,3440.0,1440.0,2.388888888888889,109.68340725465096,180.0,3000,400.0,VA,1.0,4.9536,XLarge,QHD,1,0,Dell
Iiyama ProLite XUB2497HSU-B1,752.0,788.0,17109.399999999998,23.8,1920.0,1080.0,1.7777777777777777,92.55912479337388,100.0,1300,250.0,IPS,4.951367781155016,2.0736,Small,FullHD,0,0,Iiyama
Samsung S27C432G,569.0,1173.0,19353.62,27.0,1920.0,1080.0,1.7777777777777777,81.58915444749253,100.0,1000,250.0,IPS,4.0,2.0736,Large,FullHD,0,0,Samsung
Samsung Odyssey G52A 27,2189.0,2189.0,48639.579999999994,27.0,2560.0,1440.0,1.7777777777777777,108.78553926332337,165.0,1000,350.0,IPS,1.0,3.6864,Large,QHD,1,0,Samsung
MSI MAG 276CF E20,619.0,903.0,16909.42,27.0,1920.0,1080.0,1.7777777777777777,81.58915444749253,200.0,3000,250.0,VA,4.442516268980477,2.0736,Large,FullHD,1,0,MSI
Asus ZenScreen Smart MS27UC,1748.0,2544.0,47684.119999999995,27.0,3840.0,2160.0,1.7777777777777777,163.17830889498507,60.0,1000,350.0,IPS,5.0,8.2944,Large,4K,0,0,Asus
AOC 25G4SXU,640.0,1030.0,18553.7,24.5,1920.0,1080.0,1.7777777777777777,89.91457837070605,300.0,1000,400.0,IPS,1.0,2.0736,Medium,FullHD,1,0,AOC
HP 527pq,882.0,1474.0,26175.16,27.0,2560.0,1440.0,1.7777777777777777,108.78553926332337,100.0,1500,350.0,IPS,5.0,3.6864,Large,QHD,0,0,HP
Lenovo TIO 24 Gen 4,1399.0,1399.0,31085.78,24.0,1920.0,1080.0,1.7777777777777777,91.7877987534291,60.0,1000,250.0,IPS,4.0,2.0736,Medium,FullHD,0,0,Lenovo
Acer EK251QGbi,319.0,505.0,9154.64,24.5,1920.0,1080.0,1.7777777777777777,89.91457837070605,120.0,1500,250.0,IPS,4.951367781155016,2.0736,Medium,FullHD,1,0,Acer
MSI MAG 275F,628.0,900.0,16976.079999999998,27.0,1920.0,1080.0,1.7777777777777777,81.58915444749253,180.0,1000,250.0,IPS,4.951367781155016,2.0736,Large,FullHD,1,0,MSI
Iiyama ProLite XUB2797UHSNP-B1,1336.0,1776.0,34574.32,27.0,3840.0,2160.0,1.7777777777777777,163.17830889498507,60.0,1300,350.0,IPS,4.0,8.2944,Large,4K,0,0,Iiyama
AOC AGON AG275QXN,1449.0,1449.0,32196.78,27.0,2560.0,1440.0,1.7777777777777777,108.78553926332337,165.0,3000,400.0,VA,1.0,3.6864,Large,QHD,1,0,AOC
MSI PRO MP225V,381.0,381.0,8465.82,21.5,1920.0,1080.0,1.7777777777777777,102.460798608479,100.0,4000,300.0,VA,4.0,2.0736,Small,FullHD,0,0,MSI
Redragon Thugga V2,337.0,369.0,7843.66,21.5,1920.0,1080.0,1.7777777777777777,102.460798608479,100.0,3000,250.0,VA,5.0,2.0736,Small,FullHD,0,0,Redragon
Dahua LM43-F200,1041.0,1539.0,28663.8,43.0,1920.0,1080.0,1.7777777777777777,51.2303993042395,60.0,1200,330.0,Other,8.0,2.0736,XLarge,FullHD,0,0,Dahua
Iiyama ProLite XUB3493WQSU-B1,1732.0,1767.0,38873.89,34.0,3440.0,1440.0,2.388888888888889,109.68340725465096,75.0,1000,400.0,IPS,4.0,4.9536,XLarge,QHD,0,0,Iiyama
AOC Graphic Pro Q27U3CV,1145.0,1486.0,29230.41,27.0,2560.0,1440.0,1.7777777777777777,108.78553926332337,75.0,1000,495.17525773195877,Other,4.0,3.6864,Large,QHD,0,0,AOC
LG 55VM5J-H,19454.0,19454.0,432267.88,55.0,1920.0,1080.0,1.7777777777777777,40.05285763785997,60.0,1000,500.0,IPS,8.0,2.0736,XLarge,FullHD,0,0,LG
MSI MAG 276CPXF,748.0,914.0,18464.82,27.0,1920.0,1080.0,1.7777777777777777,81.58915444749253,280.0,4000,300.0,VA,4.442516268980477,2.0736,Large,FullHD,1,0,MSI
Redragon Azur II,550.0,677.0,13631.97,23.8,1920.0,1080.0,1.7777777777777777,92.55912479337388,180.0,1000,250.0,IPS,5.0,2.0736,Small,FullHD,1,0,Redragon
Eizo FlexScan FLT,1899.0,2440.0,48206.29,23.8,1920.0,1080.0,1.7777777777777777,92.55912479337388,60.0,1000,250.0,IPS,5.0,2.0736,Small,FullHD,0,0,Eizo
LG UltraGear 27GS75Q,729.0,1159.0,20975.68,27.0,2560.0,1440.0,1.7777777777777777,108.78553926332337,180.0,1000,300.0,IPS,1.0,3.6864,Large,QHD,1,0,LG
AOC AGON Q27G2S,914.0,1373.0,25408.57,27.0,2560.0,1440.0,1.7777777777777777,108.78553926332337,165.0,1000,350.0,IPS,4.0,3.6864,Large,QHD,1,0,AOC
Samsung S27C390E,659.0,831.0,16553.899999999998,27.0,1920.0,1080.0,1.7777777777777777,81.58915444749253,75.0,3000,250.0,VA,4.0,2.0736,Large,FullHD,0,0,Samsung
Samsung Odyssey CRG9 49,4999.0,4999.0,111077.78,48.8,5120.0,1440.0,3.5555555555555554,108.98865664652239,120.0,3000,600.0,VA,4.0,7.3728,XLarge,QHD,1,0,Samsung
Asus ZenScreen MB16ACE,736.0,1229.0,21831.149999999998,15.6,1920.0,1080.0,1.7777777777777777,141.21199808219862,60.0,800,220.0,IPS,5.0,2.0736,Small,FullHD,0,0,Asus
AOC Q27G4XN,655.0,914.0,17431.59,27.0,2560.0,1440.0,1.7777777777777777,108.78553926332337,180.0,5000,300.0,VA,1.0,3.6864,Large,QHD,1,0,AOC
HP P22 G5,404.0,494.0,9976.779999999999,21.5,1920.0,1080.0,1.7777777777777777,102.460798608479,75.0,1000,250.0,IPS,5.0,2.0736,Small,FullHD,0,0,HP
Lenovo T24m,1283.0,1659.0,32685.62,24.0,1920.0,1080.0,1.7777777777777777,91.7877987534291,60.0,1000,300.0,IPS,6.0,2.0736,Medium,FullHD,0,0,Lenovo
LG UltraWide 34WR55QC,3109.0,3109.0,69081.98,34.0,3440.0,1440.0,2.388888888888889,109.68340725465096,100.0,3000,300.0,VA,5.0,4.9536,XLarge,QHD,0,0,LG
Philips 24B2U4301,1176.0,3080.0,47284.159999999996,23.8,1920.0,1080.0,1.7777777777777777,92.55912479337388,120.0,1500,300.0,IPS,4.0,2.0736,Small,FullHD,1,0,Philips
MSI MAG 274URFW,1680.0,2907.0,50961.57,27.0,3840.0,2160.0,1.7777777777777777,163.17830889498507,160.0,1000,400.0,IPS,4.951367781155016,8.2944,Large,4K,1,1,MSI
AOC CU34E4CV,1416.0,1930.0,37174.06,34.0,3440.0,1440.0,2.388888888888889,109.68340725465096,120.0,3500,350.0,VA,4.0,4.9536,XLarge,QHD,1,0,AOC
Hannspree HO245PTB,1712.0,2137.0,42762.39,23.8,1920.0,1080.0,1.7777777777777777,92.55912479337388,60.0,1000,350.0,IPS,5.0,2.0736,Small,FullHD,0,0,Hannspree
NEC CB751Q,16310.0,16310.0,362408.19999999995,75.0,3840.0,2160.0,1.7777777777777777,58.74419120219462,60.0,1200,350.0,Other,8.0,8.2944,XLarge,4K,0,0,NEC
LC-Power LC-M27-QHD-180,900.0,1086.0,22064.46,27.0,2560.0,1440.0,1.7777777777777777,108.78553926332337,180.0,1000,300.0,IPS,1.0,3.6864,Large,QHD,1,0,LC-Power
Philips 32BDL4511D,2295.0,2427.0,52461.42,32.0,1920.0,1080.0,1.7777777777777777,68.84084906507182,60.0,1200,400.0,IPS,8.0,2.0736,XLarge,FullHD,0,0,Philips
Sharp MultiSync EA272Q,2140.0,2400.0,50439.399999999994,27.0,2560.0,1440.0,1.7777777777777777,108.78553926332337,60.0,1000,350.0,IPS,6.0,3.6864,Large,QHD,0,0,Sharp
MSI MAG 27C6F,529.0,805.0,14820.74,27.0,1920.0,1080.0,1.7777777777777777,81.58915444749253,180.0,3000,250.0,VA,4.442516268980477,2.0736,Large,FullHD,1,0,MSI
MSI MAG 275CQRF-QD,1768.0,2134.0,43351.22,27.0,2560.0,1440.0,1.7777777777777777,108.78553926332337,170.0,4000,300.0,Other,1.0,3.6864,Large,QHD,1,0,MSI
Iiyama ProLite T2252MSC-W2,1142.0,1587.0,30319.19,21.5,1920.0,1080.0,1.7777777777777777,102.460798608479,60.0,1000,225.0,IPS,5.0,2.0736,Small,FullHD,0,0,Iiyama
AOC Q32P2,974.0,1328.0,25575.219999999998,32.0,2560.0,1440.0,1.7777777777777777,91.7877987534291,75.0,1000,250.0,IPS,4.0,3.6864,XLarge,QHD,0,0,AOC
Iiyama ProLite T6562AS-B1,9389.0,12240.0,240298.18999999997,64.5,3840.0,2160.0,1.7777777777777777,68.30719907231932,60.0,1200,500.0,IPS,8.0,8.2944,XLarge,4K,0,0,Iiyama
LG 37U730SA,2849.0,3299.0,68304.28,36.5,3840.0,2160.0,1.7777777777777777,120.70724219629032,60.0,1000,300.0,IPS,5.0,8.2944,XLarge,4K,0,0,LG
Lenovo ThinkVision T24D-40,939.0,1165.0,23375.44,23.8,1920.0,1080.0,1.7777777777777777,92.55912479337388,120.0,1500,250.0,IPS,4.0,2.0736,Small,FullHD,1,0,Lenovo
Samsung Odyssey G60SF 27,3199.0,4979.0,90857.58,27.0,2560.0,1440.0,1.7777777777777777,108.78553926332337,500.0,1000000,300.0,OLED,1.0,3.6864,Large,QHD,1,0,Samsung
BenQ PD2725U,3153.0,5263.0,93501.76,27.0,3840.0,2160.0,1.7777777777777777,163.17830889498507,60.0,1200,250.0,IPS,5.0,8.2944,Large,4K,0,0,BenQ
Dell UltraSharp U2422H,976.0,1278.0,25041.94,24.0,1920.0,1080.0,1.7777777777777777,91.7877987534291,60.0,1000,250.0,IPS,4.951367781155016,2.0736,Medium,FullHD,0,0,Dell
Philips 273S1,766.0,1061.0,20297.969999999998,27.0,1920.0,1080.0,1.7777777777777777,81.58915444749253,75.0,1000,300.0,IPS,4.0,2.0736,Large,FullHD,0,0,Philips
AOC Q27V4EA,498.0,841.0,14876.289999999999,27.0,2560.0,1440.0,1.7777777777777777,108.78553926332337,75.0,1000,250.0,IPS,4.0,3.6864,Large,QHD,0,0,AOC
Dell Alienware AW3425DW,2999.0,3853.0,76125.72,34.2,3440.0,1440.0,2.388888888888889,109.04198382041322,240.0,1500000,250.0,OLED,1.0,4.9536,XLarge,QHD,1,0,Dell
Philips 242B1H,837.0,1129.0,21842.26,24.0,1920.0,1080.0,1.7777777777777777,91.7877987534291,75.0,1000,250.0,IPS,4.0,2.0736,Medium,FullHD,0,0,Philips
Lenovo Legion Y32p-30,2299.0,3385.0,63149.24,31.5,3840.0,2160.0,1.7777777777777777,139.8671219099872,144.0,1000,400.0,IPS,2.0,8.2944,Large,4K,1,1,Lenovo
Xiaomi Curved Gaming Monitor G34WQi,999.0,1479.0,27530.579999999998,34.0,3440.0,1440.0,2.388888888888889,109.68340725465096,180.0,4000,350.0,VA,4.442516268980477,4.9536,XLarge,QHD,1,0,Xiaomi
Lenovo ThinkCentre TIO Flex 27i,1267.0,1267.0,28152.739999999998,27.0,1920.0,1080.0,1.7777777777777777,81.58915444749253,60.0,1000,300.0,IPS,4.0,2.0736,Large,FullHD,0,0,Lenovo
Samsung OH75F,79900.0,101639.0,2016898.2899999998,75.0,1920.0,1080.0,1.7777777777777777,29.37209560109731,60.0,5000,2500.0,Other,8.0,2.0736,XLarge,FullHD,0,0,Samsung
Iiyama ProLite XUB2792QSU-B6,816.0,1085.0,21120.11,27.0,2560.0,1440.0,1.7777777777777777,108.78553926332337,100.0,1300,250.0,IPS,4.951367781155016,3.6864,Large,QHD,0,0,Iiyama
Acer Nitro XV272UKVbmiiprzx,1699.0,1699.0,37751.78,27.0,2560.0,1440.0,1.7777777777777777,108.78553926332337,144.0,1000,400.0,IPS,1.0,3.6864,Large,QHD,1,0,Acer
AOC 22E2UMF,401.0,498.0,9987.89,21.5,1920.0,1080.0,1.7777777777777777,102.460798608479,75.0,3000,250.0,VA,4.0,2.0736,Small,FullHD,0,0,AOC
Philips Evnia 24M2N3201A,469.0,751.0,13554.199999999999,23.8,1920.0,1080.0,1.7777777777777777,92.55912479337388,180.0,1000,300.0,IPS,1.0,2.0736,Small,FullHD,1,0,Philips
Acer Nitro XF270X1biiph,540.0,859.0,15542.89,27.0,1920.0,1080.0,1.7777777777777777,81.58915444749253,200.0,1000,250.0,IPS,4.951367781155016,2.0736,Large,FullHD,1,0,Acer
MSI Optix G272CQP,1342.0,1342.0,29819.239999999998,27.0,2560.0,1440.0,1.7777777777777777,108.78553926332337,170.0,3000,300.0,VA,4.442516268980477,3.6864,Large,QHD,1,0,MSI
Dell S2422HG,1025.0,1037.0,22908.82,24.0,1920.0,1080.0,1.7777777777777777,91.7877987534291,165.0,3000,350.0,VA,4.0,2.0736,Medium,FullHD,1,0,Dell
Dell Pro Plus P3225DE,1588.0,1965.0,39473.829999999994,31.5,2560.0,1440.0,1.7777777777777777,93.24474793999147,100.0,1500,350.0,IPS,5.0,3.6864,Large,QHD,0,0,Dell
TCL 27G64,1660.0,1919.0,39762.689999999995,27.0,2560.0,1440.0,1.7777777777777777,108.78553926332337,180.0,5000,600.0,VA,1.0,3.6864,Large,QHD,1,0,TCL
Cooler Master GM2711S,1149.0,1149.0,25530.78,27.0,2560.0,1440.0,1.7777777777777777,108.78553926332337,180.0,1000,350.0,IPS,2.0,3.6864,Large,QHD,1,0,Cooler Master
HP 738pu,4666.0,5341.0,111177.76999999999,37.5,3840.0,1600.0,2.4,110.93333333333334,60.0,2000,400.0,IPS,5.0,6.144,XLarge,QHD,0,0,HP
AOC C27G2E,910.0,1046.0,21731.16,27.0,1920.0,1080.0,1.7777777777777777,81.58915444749253,165.0,3000,369.7073170731707,VA,4.0,2.0736,Large,FullHD,1,0,AOC
Acer K273Ebmix,517.0,517.0,11487.74,27.0,1920.0,1080.0,1.7777777777777777,81.58915444749253,100.0,1000,250.0,IPS,4.951367781155016,2.0736,Large,FullHD,0,0,Acer
Sony BRAVIA FW-85BZ30L,12841.0,14372.0,302336.43,85.0,3840.0,2160.0,1.7777777777777777,51.83310988428937,60.0,6000,440.0,VA,4.442516268980477,8.2944,XLarge,4K,0,0,Sony
Viewsonic IFP55G1,4814.0,6385.0,124420.89,55.0,3840.0,2160.0,1.7777777777777777,80.10571527571994,60.0,1200,350.0,IPS,8.0,8.2944,XLarge,4K,0,0,Viewsonic
Acer Nitro KG242YEbmiix,444.0,492.0,10398.96,23.8,1920.0,1080.0,1.7777777777777777,92.55912479337388,100.0,1000,250.0,IPS,4.951367781155016,2.0736,Small,FullHD,0,0,Acer
Asus ProArt PA24ACRV,1441.0,1932.0,37474.03,23.8,2560.0,1440.0,1.7777777777777777,123.41216639116517,75.0,1000,350.0,IPS,5.0,3.6864,Small,QHD,0,0,Asus
Iiyama G-Master GCB3482WQSU-B1,1083.0,1297.0,26441.8,34.0,3440.0,1440.0,2.388888888888889,109.68340725465096,120.0,3000,500.0,VA,4.442516268980477,4.9536,XLarge,QHD,1,0,Iiyama
AOC AGON AG275QZN,1599.0,1865.0,38485.04,27.0,2560.0,1440.0,1.7777777777777777,108.78553926332337,240.0,1000,400.0,VA,1.0,3.6864,Large,QHD,1,0,AOC
AOC 24G2ZU,835.0,835.0,18553.7,24.0,1920.0,1080.0,1.7777777777777777,91.7877987534291,240.0,1000,350.0,IPS,4.0,2.0736,Medium,FullHD,1,0,AOC
Eizo FlexScan EV2457,2149.0,2731.0,54216.799999999996,24.0,1920.0,1200.0,1.6,94.33981132056603,60.0,1000,350.0,IPS,5.0,2.304,Medium,FullHD,0,0,Eizo
Iiyama G-Master GCB3484WQSU-B1,1280.0,1408.0,29863.68,34.0,3440.0,1440.0,2.388888888888889,109.68340725465096,180.0,4000,500.0,VA,4.442516268980477,4.9536,XLarge,QHD,1,0,Iiyama
Asus ROG Strix XG259QNS,1849.0,2183.0,44795.52,24.5,1920.0,1080.0,1.7777777777777777,89.91457837070605,380.0,1000,400.0,IPS,1.0,2.0736,Medium,FullHD,1,0,Asus
UPERFECT Ubegin B5,424.0,499.0,10254.529999999999,15.6,1920.0,1080.0,1.7777777777777777,141.21199808219862,60.0,800,250.0,IPS,30.0,2.0736,Small,FullHD,0,0,UPERFECT
Samsung S32A700N,1499.0,2032.0,39229.409999999996,32.0,3840.0,2160.0,1.7777777777777777,137.68169813014364,60.0,1000,300.0,VA,5.0,8.2944,XLarge,4K,0,0,Samsung
Samsung Digital Signage QH50B,5499.0,6906.0,137819.55,50.0,3840.0,2160.0,1.7777777777777777,88.11628680329193,60.0,4000,700.0,VA,4.442516268980477,8.2944,XLarge,4K,0,0,Samsung
Dell Plus S2725QS,1139.0,1372.0,27897.21,27.0,3840.0,2160.0,1.7777777777777777,163.17830889498507,120.0,1500,350.0,IPS,4.0,8.2944,Large,4K,1,1,Dell
Philips 24M1N3200ZA,666.0,1099.0,19609.149999999998,24.0,1920.0,1080.0,1.7777777777777777,91.7877987534291,165.0,1100,250.0,IPS,4.0,2.0736,Medium,FullHD,1,0,Philips
Asus VZ239HE,548.0,2139.0,29852.57,23.0,1920.0,1080.0,1.7777777777777777,95.77857261227383,60.0,1000,250.0,IPS,5.0,2.0736,Small,FullHD,0,0,Asus
Viewsonic VX2758A-2K-PRO-2,1114.0,1274.0,26530.68,27.0,2560.0,1440.0,1.7777777777777777,108.78553926332337,180.0,1000,300.0,IPS,4.951367781155016,3.6864,Large,QHD,1,0,Viewsonic
Viewsonic VP2776T-4K,3599.0,3998.0,84402.67,27.0,3840.0,2160.0,1.7777777777777777,163.17830889498507,60.0,2000,400.0,IPS,5.0,8.2944,Large,4K,0,0,Viewsonic
Viewsonic TD3207,4708.0,5385.0,112133.23,32.0,1920.0,1080.0,1.7777777777777777,68.84084906507182,60.0,3000,450.0,VA,5.0,2.0736,XLarge,FullHD,0,0,Viewsonic
ASRock Phantom Gaming PGO32UFS,3431.0,3893.0,81369.64,31.5,3840.0,2160.0,1.7777777777777777,139.8671219099872,240.0,1500000,275.0,OLED,1.0,8.2944,Large,4K,1,1,ASRock
Samsung QM55N,6689.0,6689.0,148629.58,55.0,3840.0,2160.0,1.7777777777777777,80.10571527571994,60.0,4000,500.0,Other,8.0,8.2944,XLarge,4K,0,0,Samsung
Iiyama ProLite LH5052UHS-B1,3177.0,3177.0,70592.94,50.0,3840.0,2160.0,1.7777777777777777,88.11628680329193,60.0,4000,500.0,VA,8.0,8.2944,XLarge,4K,0,0,Iiyama
Gigabyte Aorus MO34WQC,2520.0,3479.0,66648.89,34.0,3440.0,1440.0,2.388888888888889,109.68340725465096,175.0,1500000,250.0,OLED,1.0,4.9536,XLarge,QHD,1,0,Gigabyte
Asus VA32UQSB,1844.0,2547.0,48784.009999999995,31.5,3840.0,2160.0,1.7777777777777777,139.8671219099872,60.0,1000,350.0,IPS,4.0,8.2944,Large,4K,0,0,Asus
HP Z25xs G3,1240.0,1586.0,31396.859999999997,25.0,2560.0,1440.0,1.7777777777777777,117.48838240438926,60.0,1000,266.0,IPS,14.0,3.6864,Medium,QHD,0,0,HP
NEC MultiSync M751,13947.0,20036.0,377551.13,75.0,3840.0,2160.0,1.7777777777777777,58.74419120219462,60.0,8000,500.0,IPS,8.0,8.2944,XLarge,4K,0,0,NEC
MSI MAG401QR,1699.0,2525.0,46928.64,40.0,3440.0,1440.0,2.388888888888889,93.23089616645332,155.0,1000,400.0,IPS,4.951367781155016,4.9536,XLarge,QHD,1,0,MSI
Asus ZenScreen MB229CF,1243.0,1492.0,30385.85,21.5,1920.0,1080.0,1.7777777777777777,102.460798608479,100.0,1000,250.0,IPS,5.0,2.0736,Small,FullHD,0,0,Asus
AOC AGON AG274QS,3899.0,3899.0,86635.78,27.0,2560.0,1440.0,1.7777777777777777,108.78553926332337,300.0,1000,350.0,IPS,1.0,3.6864,Large,QHD,1,0,AOC
LG UltraGear 32GS95UE,4346.0,6391.0,119288.06999999999,31.5,3840.0,2160.0,1.7777777777777777,139.8671219099872,240.0,1500000,275.0,OLED,1.0,8.2944,Large,4K,1,1,LG
AOC 24B2XHM2,419.0,644.0,11809.93,24.0,1920.0,1080.0,1.7777777777777777,91.7877987534291,75.0,3000,250.0,VA,4.0,2.0736,Medium,FullHD,0,0,AOC
Samsung PH55F,7740.0,9499.0,191525.28999999998,55.0,1920.0,1080.0,1.7777777777777777,40.05285763785997,75.0,5000,700.0,Other,8.0,2.0736,XLarge,FullHD,0,0,Samsung
Asus ROG Strix XG32AQ,2176.0,2323.0,49983.89,32.0,2560.0,1440.0,1.7777777777777777,91.7877987534291,175.0,1000,600.0,IPS,1.0,3.6864,XLarge,QHD,1,0,Asus
Asus BE248QF,932.0,997.0,21431.19,24.1,1920.0,1200.0,1.6,93.94835982131056,100.0,1500,350.0,IPS,5.0,2.304,Medium,FullHD,0,0,Asus
LG 37BH7N-H,3942.0,5721.0,107355.93,37.0,1920.0,540.0,3.5555555555555554,53.9052004494962,60.0,1000,700.0,IPS,14.0,1.0368,XLarge,HD,0,0,LG
Redragon Mirror II,672.0,829.0,16676.11,27.0,1920.0,1080.0,1.7777777777777777,81.58915444749253,180.0,1000,250.0,IPS,4.951367781155016,2.0736,Large,FullHD,1,0,Redragon
AOC G2790PX,1538.0,1745.0,36474.13,27.0,1920.0,1080.0,1.7777777777777777,81.58915444749253,144.0,1000,400.0,TN,1.0,2.0736,Large,FullHD,1,0,AOC
Philips 271V8LA,428.0,647.0,11943.25,27.0,1920.0,1080.0,1.7777777777777777,81.58915444749253,75.0,3000,250.0,VA,4.0,2.0736,Large,FullHD,0,0,Philips
Acer Vero CB272E3bmiprx,679.0,679.0,15087.38,27.0,1920.0,1080.0,1.7777777777777777,81.58915444749253,100.0,1000,250.0,IPS,4.951367781155016,2.0736,Large,FullHD,0,0,Acer
Asus ZenScreen Go MB16AHP,1159.0,1555.0,30152.539999999997,15.6,1920.0,1080.0,1.7777777777777777,141.21199808219862,60.0,700,250.0,IPS,5.0,2.0736,Small,FullHD,0,0,Asus
AOC Q27P3CW,1156.0,1496.0,29463.719999999998,27.0,2560.0,1440.0,1.7777777777777777,108.78553926332337,75.0,1000,350.0,IPS,4.0,3.6864,Large,QHD,0,0,AOC
Iiyama ProLite T1932MSC-B1S,2075.0,2413.0,49861.68,19.0,1280.0,1024.0,1.25,86.27367393593732,75.0,1000,225.0,IPS,14.0,1.31072,Small,HD,0,0,Iiyama
Dell Pro Plus P3425WE,1841.0,2441.0,47573.02,34.1,3440.0,1440.0,2.388888888888889,109.36175503396284,100.0,1500,350.0,IPS,5.0,4.9536,XLarge,QHD,0,0,Dell
Asus ProArt PA329C,4372.0,5279.0,107222.61,32.0,3840.0,2160.0,1.7777777777777777,137.68169813014364,60.0,1000,400.0,IPS,5.0,8.2944,XLarge,4K,0,0,Asus
Iiyama ProLite XUB2793HS-B7,471.0,789.0,13998.599999999999,27.0,1920.0,1080.0,1.7777777777777777,81.58915444749253,100.0,1300,300.0,IPS,4.951367781155016,2.0736,Large,FullHD,0,0,Iiyama
Samsung Flip Pro WM55B,4205.0,8912.0,145729.87,55.0,3840.0,2160.0,1.7777777777777777,80.10571527571994,60.0,4000,350.0,VA,8.0,8.2944,XLarge,4K,0,0,Samsung
Dell S2721HN,902.0,902.0,20042.44,27.0,1920.0,1080.0,1.7777777777777777,81.58915444749253,75.0,1000,300.0,IPS,4.0,2.0736,Large,FullHD,0,0,Dell
Samsung Odyssey Ark 2nd Gen,8199.0,12735.0,232576.74,55.0,3840.0,2160.0,1.7777777777777777,80.10571527571994,165.0,1000,600.0,VA,1.0,8.2944,XLarge,4K,1,1,Samsung
Lenovo Legion Y27-30,880.0,1768.0,29419.28,27.0,1920.0,1080.0,1.7777777777777777,81.58915444749253,180.0,1000,400.0,IPS,1.0,2.0736,Large,FullHD,1,0,Lenovo
LG 27BK55YP,673.0,1057.0,19220.3,27.0,1920.0,1080.0,1.7777777777777777,81.58915444749253,75.0,1000,250.0,IPS,5.0,2.0736,Large,FullHD,0,0,LG
Hannspree HP248PJB,607.0,739.0,14954.06,24.0,1920.0,1080.0,1.7777777777777777,91.7877987534291,60.0,1000,250.0,Other,4.0,2.0736,Medium,FullHD,0,0,Hannspree
ALOGIC Clarity 27C4KPDW,4244.0,4367.0,95668.20999999999,27.0,3840.0,2160.0,1.7777777777777777,163.17830889498507,60.0,1000,400.0,VA,5.0,8.2944,Large,4K,0,0,ALOGIC
Asus ZenScreen MB16AHG,1266.0,1483.0,30541.39,15.6,1920.0,1080.0,1.7777777777777777,141.21199808219862,144.0,1200,300.0,IPS,3.0,2.0736,Small,FullHD,1,0,Asus
MSI MAG 27CQ6F,719.0,1234.0,21697.829999999998,27.0,2560.0,1440.0,1.7777777777777777,108.78553926332337,180.0,5000,300.0,VA,4.442516268980477,3.6864,Large,QHD,1,0,MSI
Asus ZenScreen OLED MQ16AH,1799.0,2641.0,49328.399999999994,15.6,1920.0,1080.0,1.7777777777777777,141.21199808219862,60.0,100000,400.0,OLED,1.0,2.0736,Small,FullHD,0,0,Asus
Asus TUF Gaming VG27WQ3B,819.0,1174.0,22142.23,27.0,2560.0,1440.0,1.7777777777777777,108.78553926332337,180.0,5000,300.0,VA,1.0,3.6864,Large,QHD,1,0,Asus
Lenovo ThinkVision T34WD-40,2087.0,2846.0,54805.63,34.0,3440.0,1440.0,2.388888888888889,109.68340725465096,120.0,3000,300.0,VA,6.0,4.9536,XLarge,QHD,1,0,Lenovo
MSI MAG 244F,429.0,528.0,10632.269999999999,23.8,1920.0,1080.0,1.7777777777777777,92.55912479337388,200.0,1000,300.0,IPS,4.951367781155016,2.0736,Small,FullHD,1,0,MSI
Samsung S24C432G,474.0,831.0,14498.55,24.0,1920.0,1080.0,1.7777777777777777,91.7877987534291,100.0,1000,250.0,IPS,4.0,2.0736,Medium,FullHD,0,0,Samsung
Iiyama G-Master GB2770QSU-B5,899.0,899.0,19975.78,27.0,2560.0,1440.0,1.7777777777777777,108.78553926332337,165.0,1000,400.0,IPS,4.0,3.6864,Large,QHD,1,0,Iiyama
Acer Vero CB273Ebemipruzxv,845.0,884.0,19209.19,27.0,1920.0,1080.0,1.7777777777777777,81.58915444749253,100.0,1000,300.0,IPS,4.951367781155016,2.0736,Large,FullHD,0,0,Acer
Neovo FM-24,496.0,496.0,11021.119999999999,24.0,1920.0,1080.0,1.7777777777777777,91.7877987534291,75.0,1000,250.0,Other,5.0,2.0736,Medium,FullHD,0,0,Neovo
Fujitsu B2410 WE,1931.0,1931.0,42906.82,24.0,1920.0,1200.0,1.6,94.33981132056603,60.0,1000,300.0,IPS,5.0,2.304,Medium,FullHD,0,0,Fujitsu
BenQ Mobiuz EX271Q,1299.0,1691.0,33218.9,27.0,2560.0,1440.0,1.7777777777777777,108.78553926332337,180.0,1000,350.0,IPS,1.0,3.6864,Large,QHD,1,0,BenQ
Viewsonic VA270-H,408.0,474.0,9799.019999999999,27.0,1920.0,1080.0,1.7777777777777777,81.58915444749253,100.0,1000,250.0,IPS,4.951367781155016,2.0736,Large,FullHD,0,0,Viewsonic
Dell P3424WE,2170.0,3430.0,62216.0,34.14,3440.0,1440.0,2.388888888888889,109.23362175331378,60.0,1000,300.0,IPS,5.0,4.9536,XLarge,QHD,0,0,Dell
LG UltraGear 27GR75Q,1277.0,2559.0,42617.96,27.0,2560.0,1440.0,1.7777777777777777,108.78553926332337,165.0,1000,300.0,IPS,1.0,3.6864,Large,QHD,1,0,LG
Philips 439P1,2413.0,3015.0,60305.079999999994,43.0,3840.0,2160.0,1.7777777777777777,102.460798608479,60.0,4000,400.0,VA,4.0,8.2944,XLarge,4K,0,0,Philips
Philips 245E1S,532.0,681.0,13476.429999999998,24.0,2560.0,1440.0,1.7777777777777777,122.3837316712388,75.0,1000,250.0,IPS,4.0,3.6864,Medium,QHD,0,0,Philips
Acer RG270bmiix,1609.0,1609.0,35751.979999999996,27.0,1920.0,1080.0,1.7777777777777777,81.58915444749253,75.0,1000,250.0,IPS,5.0,2.0736,Large,FullHD,0,0,Acer
AOC U27G4R,1345.0,1660.0,33385.549999999996,27.0,3840.0,2160.0,1.7777777777777777,163.17830889498507,160.0,1000,400.0,IPS,1.0,8.2944,Large,4K,1,1,AOC
Acer Nitro QG270H3bix,521.0,521.0,11576.619999999999,27.0,1920.0,1080.0,1.7777777777777777,81.58915444749253,100.0,1000,250.0,VA,4.0,2.0736,Large,FullHD,0,0,Acer
Samsung WM55R,5412.0,7100.0,139008.32,55.0,3840.0,2160.0,1.7777777777777777,80.10571527571994,60.0,4000,350.0,Other,8.0,8.2944,XLarge,4K,0,0,Samsung
Acer Vero B277Ebmiprzxv,656.0,1223.0,20875.69,27.0,1920.0,1080.0,1.7777777777777777,81.58915444749253,100.0,1000,250.0,IPS,4.0,2.0736,Large,FullHD,0,0,Acer
Philips 27B2G5500,964.0,2590.0,39484.939999999995,27.0,2560.0,1440.0,1.7777777777777777,108.78553926332337,100.0,1500,300.0,IPS,4.0,3.6864,Large,QHD,0,0,Philips
Asus ProArt PA348CGV,3235.0,4490.0,85824.75,34.0,3440.0,1440.0,2.388888888888889,109.68340725465096,120.0,1000,350.0,IPS,2.0,4.9536,XLarge,QHD,1,0,Asus
Iiyama ProLite LH3275HS-B1AG,2035.0,2551.0,50950.46,31.5,1920.0,1080.0,1.7777777777777777,69.9335609549936,60.0,1200,500.0,IPS,8.0,2.0736,Large,FullHD,0,0,Iiyama
Samsung QM32R,2206.0,3760.0,66282.26,32.0,1920.0,1080.0,1.7777777777777777,68.84084906507182,60.0,5000,400.0,Other,8.0,2.0736,XLarge,FullHD,0,0,Samsung
Acer Nitro XV272UV3bmiiprx,699.0,1253.0,21686.719999999998,27.0,2560.0,1440.0,1.7777777777777777,108.78553926332337,180.0,1000,350.0,IPS,1.0,3.6864,Large,QHD,1,0,Acer
Iiyama ProLite XB2492HSU-B1,593.0,712.0,14498.55,23.8,1920.0,1080.0,1.7777777777777777,92.55912479337388,120.0,1500,300.0,IPS,3.0,2.0736,Small,FullHD,1,0,Iiyama
Philips 27M1N5200PA,1847.0,1847.0,41040.34,27.0,1920.0,1080.0,1.7777777777777777,81.58915444749253,240.0,1000,400.0,IPS,1.0,2.0736,Large,FullHD,1,0,Philips
HP M32f,999.0,999.0,22197.78,32.0,1920.0,1080.0,1.7777777777777777,68.84084906507182,75.0,1000,300.0,VA,7.0,2.0736,XLarge,FullHD,0,0,HP
HP 534pm,2260.0,2521.0,53116.909999999996,34.0,3440.0,1440.0,2.388888888888889,109.68340725465096,100.0,4000,400.0,VA,5.0,4.9536,XLarge,QHD,0,0,HP
Dahua LM30-E330CA,894.0,1042.0,21508.96,30.0,2560.0,1080.0,2.3703703703703702,92.6162932629987,200.0,3000,250.0,VA,4.442516268980477,2.7648,Large,FullHD,1,0,Dahua
Philips Evnia 25M2N5200U,1399.0,1469.0,31863.48,24.5,1920.0,1080.0,1.7777777777777777,89.91457837070605,390.0,1000,400.0,IPS,1.0,2.0736,Medium,FullHD,1,0,Philips
Philips Momentum 27M1C5500VL,899.0,1127.0,22508.86,27.0,2560.0,1440.0,1.7777777777777777,108.78553926332337,165.0,4000,250.0,VA,4.0,3.6864,Large,QHD,1,0,Philips
Philips 499P9H,4103.0,4620.0,96912.53,49.0,5120.0,1440.0,3.5555555555555554,108.54380498674065,60.0,3000,450.0,Other,5.0,7.3728,XLarge,QHD,0,0,Philips
MSI PRO MP341CQ,1049.0,1757.0,31174.66,34.0,3440.0,1440.0,2.388888888888889,109.68340725465096,100.0,3000,369.7073170731707,VA,4.0,4.9536,XLarge,QHD,0,0,MSI
Samsung PM32F,2690.0,3549.0,69315.29,32.0,1920.0,1080.0,1.7777777777777777,68.84084906507182,75.0,5000,400.0,Other,8.0,2.0736,XLarge,FullHD,0,0,Samsung
Acer Predator X34Vbmiiphuzx,2749.0,4399.0,79414.28,34.0,3440.0,1440.0,2.388888888888889,109.68340725465096,175.0,1500000,1000.0,OLED,1.0,4.9536,XLarge,QHD,1,0,Acer
Viewsonic Omni XG2431,1199.0,1506.0,30052.55,23.8,1920.0,1080.0,1.7777777777777777,92.55912479337388,240.0,1000,350.0,IPS,1.0,2.0736,Small,FullHD,1,0,Viewsonic
Gigabyte M28U,1564.0,4147.0,63449.21,28.0,3840.0,2160.0,1.7777777777777777,157.3505121487356,144.0,1000,300.0,IPS,1.0,8.2944,Large,4K,1,1,Gigabyte
Viewsonic VG2409U-2,865.0,1148.0,22364.43,23.8,1920.0,1080.0,1.7777777777777777,92.55912479337388,100.0,1300,350.0,IPS,4.0,2.0736,Small,FullHD,0,0,Viewsonic
AOC 27B35HM,349.0,411.0,8443.6,27.0,1920.0,1080.0,1.7777777777777777,81.58915444749253,100.0,3000,300.0,VA,4.0,2.0736,Large,FullHD,0,0,AOC
LG UltraGear 32GS85QX,1162.0,1610.0,30796.92,31.5,2560.0,1440.0,1.7777777777777777,93.24474793999147,180.0,1000,350.0,IPS,1.0,3.6864,Large,QHD,1,0,LG
Philips 55BDL3650Q,3814.0,5223.0,100401.06999999999,54.6,3840.0,2160.0,1.7777777777777777,80.69257033268492,60.0,1300,400.0,IPS,9.0,8.2944,XLarge,4K,0,0,Philips
Iiyama G-Master G2730HSU-B1,824.0,824.0,18309.28,27.0,1920.0,1080.0,1.7777777777777777,81.58915444749253,75.0,1000,300.0,TN,1.0,2.0736,Large,FullHD,0,0,Iiyama
Lenovo Legion R27qe Gen 2,1029.0,1356.0,26497.35,27.0,2560.0,1440.0,1.7777777777777777,108.78553926332337,200.0,1000,400.0,IPS,1.0,3.6864,Large,QHD,1,0,Lenovo
MSI G27C4 E3,569.0,1057.0,18064.86,27.0,1920.0,1080.0,1.7777777777777777,81.58915444749253,180.0,3000,250.0,VA,4.442516268980477,2.0736,Large,FullHD,1,0,MSI
Sharp PN-R903,69000.0,69000.0,1533180.0,90.0,1920.0,1080.0,1.7777777777777777,24.47674633424776,85.40625,4000,700.0,Other,6.0,2.0736,XLarge,FullHD,0,0,Sharp
LG 27UP850K,1208.0,1719.0,32518.969999999998,27.0,3840.0,2160.0,1.7777777777777777,163.17830889498507,60.0,1200,400.0,IPS,5.0,8.2944,Large,4K,0,0,LG
Acer Nitro ED320QRS3bmiipx,834.0,874.0,18975.879999999997,31.5,1920.0,1080.0,1.7777777777777777,69.9335609549936,165.0,3000,300.0,VA,4.442516268980477,2.0736,Large,FullHD,1,0,Acer
HP OMEN 27qs G2,1699.0,2107.0,42284.659999999996,27.0,2560.0,1440.0,1.7777777777777777,108.78553926332337,280.0,1000,400.0,IPS,1.0,3.6864,Large,QHD,1,0,HP
HP 724pn,1003.0,1544.0,28297.17,24.0,1920.0,1200.0,1.6,94.33981132056603,100.0,1500,350.0,IPS,5.0,2.304,Medium,FullHD,0,0,HP
Samsung Smart Monitor M70F 32,1319.0,1707.0,33618.86,31.5,3840.0,2160.0,1.7777777777777777,139.8671219099872,60.0,3000,300.0,VA,4.0,8.2944,Large,4K,0,0,Samsung
MSI PRO MP245PG,376.0,665.0,11565.51,23.8,1920.0,1080.0,1.7777777777777777,92.55912479337388,100.0,1300,300.0,IPS,4.0,2.0736,Small,FullHD,0,0,MSI
Acer Vero RS242Ybpamix,373.0,613.0,10954.46,23.8,1920.0,1080.0,1.7777777777777777,92.55912479337388,100.0,1000,250.0,IPS,4.951367781155016,2.0736,Small,FullHD,0,0,Acer
Acer KA272Gbip,465.0,758.0,13587.529999999999,27.0,1920.0,1080.0,1.7777777777777777,81.58915444749253,75.0,1000,250.0,IPS,4.951367781155016,2.0736,Large,FullHD,0,0,Acer
MSI Optix G32CQ4 E2,799.0,1825.0,29152.64,31.5,2560.0,1440.0,1.7777777777777777,93.24474793999147,170.0,3000,250.0,VA,4.442516268980477,3.6864,Large,QHD,1,0,MSI
Asus ROG Strix XG49VQ,3359.0,4727.0,89835.45999999999,49.0,3840.0,1080.0,3.5555555555555554,81.40785374005549,144.0,3000,450.0,VA,4.0,4.1472,XLarge,QHD,1,0,Asus
UPERFECT UFilm A17,899.0,1106.0,22275.55,15.6,3840.0,2160.0,1.7777777777777777,282.42399616439724,60.0,1000,340.0,IPS,30.0,8.2944,Small,4K,0,0,UPERFECT
Viewsonic VX2479J-HD-PRO,495.0,939.0,15931.74,23.8,1920.0,1080.0,1.7777777777777777,92.55912479337388,180.0,1000,250.0,IPS,4.951367781155016,2.0736,Small,FullHD,1,0,Viewsonic
Samsung S27A800NM,2063.0,2063.0,45839.86,27.0,3840.0,2160.0,1.7777777777777777,163.17830889498507,60.0,1000,300.0,IPS,5.0,8.2944,Large,4K,0,0,Samsung
Acer Nitro XZ340CURX0bmiiphx,1271.0,1549.0,31330.199999999997,34.0,3440.0,1440.0,2.388888888888889,109.68340725465096,200.0,1000,250.0,VA,4.442516268980477,4.9536,XLarge,QHD,1,0,Acer
Asus VA24DQSB,513.0,864.0,15298.47,24.0,1920.0,1080.0,1.7777777777777777,91.7877987534291,75.0,1000,250.0,IPS,5.0,2.0736,Medium,FullHD,0,0,Asus
Gigabyte M27Q,778.0,1179.0,21742.27,27.0,2560.0,1440.0,1.7777777777777777,108.78553926332337,170.0,1000,350.0,IPS,4.951367781155016,3.6864,Large,QHD,1,0,Gigabyte
AOC 27G2SAE,654.0,889.0,17142.73,27.0,1920.0,1080.0,1.7777777777777777,81.58915444749253,165.0,3000,350.0,VA,4.0,2.0736,Large,FullHD,1,0,AOC
Dahua LM27-E230C,414.0,1388.0,20020.219999999998,27.0,1920.0,1080.0,1.7777777777777777,81.58915444749253,165.0,3000,250.0,VA,5.0,2.0736,Large,FullHD,1,0,Dahua
Iiyama ProLite XUB2797QSN-B2,1021.0,1212.0,24808.629999999997,27.0,2560.0,1440.0,1.7777777777777777,108.78553926332337,103.74406332453826,1300,300.0,IPS,4.951367781155016,3.6864,Large,QHD,0,0,Iiyama
Iiyama ProLite B1980S-B1,639.0,712.0,15009.609999999999,19.0,1280.0,1024.0,1.25,86.27367393593732,75.0,1000,250.0,TN,3.0,1.31072,Small,HD,0,0,Iiyama
Philips 32B1N3800,1239.0,1788.0,33629.97,31.5,3840.0,2160.0,1.7777777777777777,139.8671219099872,60.0,3500,350.0,VA,4.0,8.2944,Large,4K,0,0,Philips
Asus ROG Strix XG27UQR,2257.0,2725.0,55350.02,27.0,3840.0,2160.0,1.7777777777777777,163.17830889498507,144.0,1000,350.0,IPS,4.951367781155016,8.2944,Large,4K,1,1,Asus
Iiyama ProLite XUB2495WSU-B7,689.0,888.0,17520.469999999998,24.1,1920.0,1200.0,1.6,93.94835982131056,75.0,1000,300.0,IPS,4.0,2.304,Medium,FullHD,0,0,Iiyama
Acer Predator X34X5bmiiphuzx,4999.0,6412.0,126776.20999999999,34.0,3440.0,1440.0,2.388888888888889,109.68340725465096,240.0,1500000,250.0,OLED,1.0,4.9536,XLarge,QHD,1,0,Acer
Iiyama ProLite T2755MSC-B1,1578.0,2232.0,42329.1,27.0,1920.0,1080.0,1.7777777777777777,81.58915444749253,60.0,1000,360.0,IPS,5.0,2.0736,Large,FullHD,0,0,Iiyama
Samsung QB98R,51522.0,51522.0,1144818.8399999999,98.0,3840.0,2160.0,1.7777777777777777,44.95728918535303,60.0,4000,350.0,Other,6.0,8.2944,XLarge,4K,0,0,Samsung
Lenovo ThinkVision P40w-20,5140.0,8881.0,155773.31,39.7,5120.0,2160.0,2.3703703703703702,139.9742467450862,75.0,1000,300.0,IPS,4.0,11.0592,XLarge,4K,0,0,Lenovo
Iiyama ProLite T2438MSC-B1,2201.0,2356.0,50628.27,23.8,1920.0,1080.0,1.7777777777777777,92.55912479337388,60.0,1000,525.0,IPS,5.0,2.0736,Small,FullHD,0,0,Iiyama
Samsung QB24C,1287.0,2000.0,36518.57,23.8,1920.0,1080.0,1.7777777777777777,92.55912479337388,103.74406332453826,1000,250.0,IPS,14.0,2.0736,Small,FullHD,0,0,Samsung
MSI MAG 341CQP QD-OLED,2699.0,11151.0,153873.5,34.0,3440.0,1440.0,2.388888888888889,109.68340725465096,175.0,1500000,250.0,OLED,1.0,4.9536,XLarge,QHD,1,0,MSI
LG 32UR500,1136.0,1256.0,26575.12,31.5,3840.0,2160.0,1.7777777777777777,139.8671219099872,60.0,3000,250.0,VA,4.0,8.2944,Large,4K,0,0,LG
Samsung Odyssey G30D 27,470.0,961.0,15898.41,27.0,1920.0,1080.0,1.7777777777777777,81.58915444749253,180.0,3000,250.0,VA,4.442516268980477,2.0736,Large,FullHD,1,0,Samsung
Samsung MD46B,5771.0,5771.0,128231.62,46.0,1920.0,1080.0,1.7777777777777777,47.88928630613692,75.0,5000,350.0,VA,8.0,2.0736,XLarge,FullHD,0,0,Samsung
Philips 346P1CRH,1989.0,3034.0,55805.53,34.0,3440.0,1440.0,2.388888888888889,109.68340725465096,100.0,3000,500.0,VA,4.0,4.9536,XLarge,QHD,0,0,Philips
Iiyama ProLite TF2738MSC-B2,2570.0,3379.0,66093.39,27.0,1920.0,1080.0,1.7777777777777777,81.58915444749253,60.0,1000,500.0,IPS,5.0,2.0736,Large,FullHD,0,0,Iiyama
Acer Predator X27Ubmiipruzx,4306.0,5009.0,103489.65,27.0,2560.0,1440.0,1.7777777777777777,108.78553926332337,240.0,1500000,150.0,OLED,1.0,3.6864,Large,QHD,1,0,Acer
Optoma Creative Touch 5 Series 5752RK+,9623.0,9623.0,213823.06,75.0,3840.0,2160.0,1.7777777777777777,58.74419120219462,85.40625,5000,400.0,Other,6.0,8.2944,XLarge,4K,0,0,Optoma
Asus ROG Strix XG279CNS,1567.0,1928.0,38829.45,27.0,1920.0,1080.0,1.7777777777777777,81.58915444749253,380.0,1000,400.0,IPS,4.951367781155016,2.0736,Large,FullHD,1,0,Asus
Iiyama ProLite XU2763HSU-B1,598.0,822.0,15776.199999999999,27.0,1920.0,1080.0,1.7777777777777777,81.58915444749253,100.0,1300,250.0,IPS,3.0,2.0736,Large,FullHD,0,0,Iiyama
LC-Power LC-M34-UWQHD-100-C-V3,1134.0,1441.0,28608.25,34.0,3440.0,1440.0,2.388888888888889,109.68340725465096,100.0,3000,300.0,VA,6.0,4.9536,XLarge,QHD,0,0,LC-Power
HP OMEN 32x,2979.0,3606.0,73159.34999999999,31.5,3840.0,2160.0,1.7777777777777777,139.8671219099872,144.0,1000,400.0,IPS,1.0,8.2944,Large,4K,1,1,HP
BenQ RP860K,29300.0,29300.0,651046.0,86.0,3840.0,2160.0,1.7777777777777777,51.2303993042395,60.0,1200,330.0,Other,8.0,8.2944,XLarge,4K,0,0,BenQ
Samsung Odyssey G30A 24,549.0,1060.0,17875.989999999998,24.0,1920.0,1080.0,1.7777777777777777,91.7877987534291,144.0,3000,250.0,VA,4.0,2.0736,Medium,FullHD,1,0,Samsung
AOC AGON PRO AG276QZD,2869.0,4126.0,77714.45,27.0,2560.0,1440.0,1.7777777777777777,108.78553926332337,240.0,1000,150.0,OLED,1.0,3.6864,Large,QHD,1,0,AOC
Lenovo P24q-30,874.0,1183.0,22853.27,23.8,2560.0,1440.0,1.7777777777777777,123.41216639116517,60.0,1000,300.0,IPS,4.0,3.6864,Small,QHD,0,0,Lenovo
KTC H27T22,758.0,959.0,19075.87,27.0,2560.0,1440.0,1.7777777777777777,108.78553926332337,180.0,1000,300.0,IPS,1.0,3.6864,Large,QHD,1,0,KTC
Samsung VM55T-E,9603.0,9603.0,213378.66,55.0,1920.0,1080.0,1.7777777777777777,40.05285763785997,75.0,1200,500.0,IPS,4.951367781155016,2.0736,XLarge,FullHD,0,0,Samsung
Viewsonic VA24E1-H,300.0,1487.0,19853.57,23.8,1920.0,1080.0,1.7777777777777777,92.55912479337388,120.0,1500,250.0,IPS,5.0,2.0736,Small,FullHD,1,0,Viewsonic
Acer Nitro KG251QP3biip,401.0,663.0,11821.039999999999,24.5,1920.0,1080.0,1.7777777777777777,89.91457837070605,180.0,3000,250.0,VA,4.442516268980477,2.0736,Medium,FullHD,1,0,Acer
Acer KA242YEbi,425.0,425.0,9443.5,23.8,1920.0,1080.0,1.7777777777777777,92.55912479337388,100.0,1000,250.0,IPS,5.0,2.0736,Small,FullHD,0,0,Acer
LG UltraGear 27GX790A,2549.0,3799.0,70526.28,26.5,2560.0,1440.0,1.7777777777777777,110.83809660791438,480.0,1500000,275.0,OLED,1.0,3.6864,Medium,QHD,1,0,LG
Acer Nitro VG270KV4bmiipx,1436.0,1549.0,33163.35,27.0,3840.0,2160.0,1.7777777777777777,163.17830889498507,160.0,1000,250.0,IPS,4.951367781155016,8.2944,Large,4K,1,1,Acer
HP 27mq,994.0,994.0,22086.68,27.0,2560.0,1440.0,1.7777777777777777,108.78553926332337,60.0,1000,300.0,IPS,5.0,3.6864,Large,QHD,0,0,HP
Viewsonic VG2456,984.0,1199.0,24253.129999999997,24.0,1920.0,1080.0,1.7777777777777777,91.7877987534291,60.0,1000,250.0,IPS,5.0,2.0736,Medium,FullHD,0,0,Viewsonic
Asus ROG Strix XG32WCS,1269.0,1800.0,34096.59,31.5,2560.0,1440.0,1.7777777777777777,93.24474793999147,180.0,3500,350.0,VA,1.0,3.6864,Large,QHD,1,0,Asus
Samsung S34A650UBU,2104.0,2500.0,51150.439999999995,34.0,3440.0,1440.0,2.388888888888889,109.68340725465096,100.0,4000,350.0,VA,5.0,4.9536,XLarge,QHD,0,0,Samsung
Samsung Odyssey G75F 40,3700.0,5544.0,102700.84,40.0,5120.0,2160.0,2.3703703703703702,138.92443989449805,180.0,3000,350.0,VA,1.0,11.0592,XLarge,4K,1,1,Samsung
MSI Optix G2412,725.0,725.0,16109.5,23.8,1920.0,1080.0,1.7777777777777777,92.55912479337388,170.0,1100,250.0,IPS,4.951367781155016,2.0736,Small,FullHD,1,0,MSI
LC-Power LC-M27FC,640.0,919.0,17320.489999999998,27.0,1920.0,1080.0,1.7777777777777777,81.58915444749253,180.0,3000,300.0,VA,4.442516268980477,2.0736,Large,FullHD,1,0,LC-Power
Terra 3285W HA,1690.0,1707.0,37740.67,31.5,2560.0,1440.0,1.7777777777777777,93.24474793999147,180.0,1000,350.0,VA,1.0,3.6864,Large,QHD,1,0,Terra
Philips 50BDL3550Q,2737.0,2838.0,61938.25,50.0,3840.0,2160.0,1.7777777777777777,88.11628680329193,60.0,4000,400.0,VA,8.0,8.2944,XLarge,4K,0,0,Philips
Lenovo M14t,1333.0,1850.0,35363.13,14.0,1920.0,1080.0,1.7777777777777777,157.3505121487356,60.0,700,300.0,IPS,8.0,2.0736,Small,FullHD,0,0,Lenovo
Dell Alienware AW2725Q,2990.0,3809.0,75536.89,26.7,3840.0,2160.0,1.7777777777777777,165.01177303987254,240.0,1500000,250.0,OLED,1.0,8.2944,Medium,4K,1,1,Dell
Iiyama ProLite XU2793HSU-B6,538.0,849.0,15409.57,27.0,1920.0,1080.0,1.7777777777777777,81.58915444749253,100.0,1000,250.0,IPS,4.951367781155016,2.0736,Large,FullHD,0,0,Iiyama
Samsung ViewFinity S80UD 27,1416.0,1860.0,36396.36,27.0,3840.0,2160.0,1.7777777777777777,163.17830889498507,60.0,1000,350.0,IPS,5.0,8.2944,Large,4K,0,0,Samsung
Neovo QM-65,10905.0,10905.0,242309.09999999998,65.0,3840.0,2160.0,1.7777777777777777,67.78175907945533,60.0,4000,350.0,VA,5.0,8.2944,XLarge,4K,0,0,Neovo
Iiyama ProLite LH5560UHS-B2AG,3285.0,3285.0,72992.7,54.6,3840.0,2160.0,1.7777777777777777,80.69257033268492,60.0,4000,500.0,VA,4.442516268980477,8.2944,XLarge,4K,0,0,Iiyama
Iiyama G-Master GB3290QSU-B1,1266.0,1399.0,29608.149999999998,31.5,2560.0,1440.0,1.7777777777777777,93.24474793999147,240.0,1000,400.0,IPS,4.951367781155016,3.6864,Large,QHD,1,0,Iiyama
Asus VP229Q,505.0,730.0,13720.849999999999,22.0,1920.0,1080.0,1.7777777777777777,100.13214409464992,75.0,1000,250.0,IPS,5.0,2.0736,Small,FullHD,0,0,Asus
Dell P2723D,1118.0,1893.0,33452.21,27.0,2560.0,1440.0,1.7777777777777777,108.78553926332337,60.0,1000,350.0,IPS,5.0,3.6864,Large,QHD,0,0,Dell
Viewsonic TD2430,1338.0,1641.0,33096.689999999995,24.0,1920.0,1080.0,1.7777777777777777,91.7877987534291,60.0,3000,250.0,VA,25.0,2.0736,Medium,FullHD,0,0,Viewsonic
AOC 24P1/GR,844.0,924.0,19642.48,23.8,1920.0,1080.0,1.7777777777777777,92.55912479337388,60.0,1000,250.0,IPS,5.0,2.0736,Small,FullHD,0,0,AOC
Philips 275S9JAL,681.0,715.0,15509.56,27.0,2560.0,1440.0,1.7777777777777777,108.78553926332337,75.0,4000,300.0,VA,4.0,3.6864,Large,QHD,0,0,Philips
AOC AGON PRO AG246FK6,3199.0,3199.0,71081.78,24.1,1920.0,1080.0,1.7777777777777777,91.40693651793768,600.0,1000,500.0,TN,4.1020408163265305,2.0736,Medium,FullHD,1,0,AOC
Asus TUF Gaming VG279QL3A,615.0,1294.0,21208.989999999998,27.0,1920.0,1080.0,1.7777777777777777,81.58915444749253,180.0,1000,350.0,IPS,1.0,2.0736,Large,FullHD,1,0,Asus
Samsung F32TU870,2523.0,2523.0,56061.06,31.5,3840.0,2160.0,1.7777777777777777,139.8671219099872,60.0,2500,350.0,VA,5.0,8.2944,Large,4K,0,0,Samsung
Acer Vero B247Wbmiprzxv,977.0,1739.0,30174.76,23.8,1920.0,1200.0,1.6,95.13258284426827,75.0,1000,300.0,IPS,4.0,2.304,Small,FullHD,0,0,Acer
Asus ROG Strix XG32UCG,2361.0,2952.0,59027.43,31.5,3840.0,2160.0,1.7777777777777777,139.8671219099872,160.0,1000,350.0,IPS,1.0,8.2944,Large,4K,1,1,Asus
Philips 34B2U5600C,1756.0,2399.0,46162.049999999996,34.0,3440.0,1440.0,2.388888888888889,109.68340725465096,120.0,4000,300.0,VA,4.0,4.9536,XLarge,QHD,1,0,Philips
Cooler Master GA2501,400.0,400.0,8888.0,24.5,1920.0,1080.0,1.7777777777777777,89.91457837070605,100.0,1300,250.0,IPS,4.0,2.0736,Medium,FullHD,0,0,Cooler Master
Samsung ME46C,6620.0,6620.0,147096.4,46.0,1920.0,1080.0,1.7777777777777777,47.88928630613692,75.0,5000,450.0,VA,8.0,2.0736,XLarge,FullHD,0,0,Samsung
LG UltraGear 27GS50FX,589.0,758.0,14965.17,27.0,1920.0,1080.0,1.7777777777777777,81.58915444749253,180.0,3000,250.0,VA,5.0,2.0736,Large,FullHD,1,0,LG
HP OMEN 32c,999.0,1533.0,28130.519999999997,31.5,2560.0,1440.0,1.7777777777777777,93.24474793999147,165.0,3000,400.0,VA,1.0,3.6864,Large,QHD,1,0,HP
MSI Modern MD2712PW,786.0,1018.0,20042.44,27.0,1920.0,1080.0,1.7777777777777777,81.58915444749253,100.0,1000,300.0,IPS,4.0,2.0736,Large,FullHD,0,0,MSI
Philips 24M1N3200VA,1318.0,1318.0,29285.96,24.0,1920.0,1080.0,1.7777777777777777,91.7877987534291,165.0,3500,350.0,VA,4.0,2.0736,Medium,FullHD,1,0,Philips
Philips 346E2LAE,899.0,1458.0,26186.27,34.0,3440.0,1440.0,2.388888888888889,109.68340725465096,100.0,4000,300.0,VA,4.0,4.9536,XLarge,QHD,0,0,Philips
NEC X463UN,584.0,584.0,12976.48,46.0,1920.0,1080.0,1.7777777777777777,47.88928630613692,85.0,3500,700.0,VA,8.0,2.0736,XLarge,FullHD,0,0,NEC
Gigabyte GS27U,1209.0,1779.0,33196.68,27.0,3840.0,2160.0,1.7777777777777777,163.17830889498507,160.0,1000,350.0,IPS,4.951367781155016,8.2944,Large,4K,1,1,Gigabyte
NEC MultiSync P495,9604.0,11585.0,235409.78999999998,49.0,3840.0,2160.0,1.7777777777777777,89.91457837070605,60.0,8000,700.0,IPS,8.0,8.2944,XLarge,4K,0,0,NEC
Eizo FlexScan EV3895,6017.0,8108.0,156928.75,38.0,3840.0,1600.0,2.4,109.47368421052632,60.0,1000,300.0,IPS,5.0,6.144,XLarge,QHD,0,0,Eizo
Dell C3422WE,2472.0,2472.0,54927.84,34.0,3440.0,1440.0,2.388888888888889,109.68340725465096,60.0,1000,300.0,IPS,5.0,4.9536,XLarge,QHD,0,0,Dell
BenQ GW2480T,345.0,345.0,7665.9,24.0,1920.0,1080.0,1.7777777777777777,91.7877987534291,60.0,1000,250.0,IPS,5.0,2.0736,Medium,FullHD,0,0,BenQ
Eizo ColorEdge CS2730,720.0,720.0,15998.4,27.0,2560.0,1440.0,1.7777777777777777,108.78553926332337,61.0,1000,350.0,IPS,10.0,3.6864,Large,QHD,0,0,Eizo
BenQ SW272Q,3416.0,4825.0,91557.51,27.0,2560.0,1440.0,1.7777777777777777,108.78553926332337,60.0,1000,300.0,IPS,5.0,3.6864,Large,QHD,0,0,BenQ
BenQ PD2705UA,2025.0,2277.0,47795.22,27.0,3840.0,2160.0,1.7777777777777777,163.17830889498507,60.0,1200,250.0,IPS,5.0,8.2944,Large,4K,0,0,BenQ
Viewsonic VX2718-PC-MHD,801.0,801.0,17798.219999999998,27.0,1920.0,1080.0,1.7777777777777777,81.58915444749253,165.0,4000,250.0,VA,1.0,2.0736,Large,FullHD,1,0,Viewsonic
Asus ROG Swift Pro PG248QP,4419.0,5412.0,109222.40999999999,24.1,1920.0,1080.0,1.7777777777777777,91.40693651793768,540.0,1000,400.0,TN,4.1020408163265305,2.0736,Medium,FullHD,1,0,Asus
Viewsonic TD2223,1143.0,1419.0,28463.82,22.0,1920.0,1080.0,1.7777777777777777,100.13214409464992,75.0,1000,250.0,TN,5.0,2.0736,Small,FullHD,0,0,Viewsonic
HP P24v G5,627.0,1121.0,19420.28,23.8,1920.0,1080.0,1.7777777777777777,92.55912479337388,75.0,3000,250.0,VA,5.0,2.0736,Small,FullHD,0,0,HP
HP P17A,2249.0,2249.0,49972.78,17.0,1280.0,1024.0,1.25,96.42351792840054,76.0,1000,250.0,TN,5.0,1.31072,Small,HD,0,0,HP
Samsung S24C314E,380.0,518.0,9976.779999999999,24.0,1920.0,1080.0,1.7777777777777777,91.7877987534291,75.0,1000,250.0,IPS,5.0,2.0736,Medium,FullHD,0,0,Samsung
Acer Nitro XV345CURVbmiphuzx,3309.0,3309.0,73525.98,34.0,3440.0,1440.0,2.388888888888889,109.68340725465096,165.0,4000,300.0,VA,1.0,4.9536,XLarge,QHD,1,0,Acer
Dell S2721QSA,1206.0,2042.0,36085.28,27.0,3840.0,2160.0,1.7777777777777777,163.17830889498507,60.0,1000,350.0,IPS,4.0,8.2944,Large,4K,0,0,Dell
Dell Alienware AW2725DF,2555.0,4094.0,73870.39,26.7,2560.0,1440.0,1.7777777777777777,110.00784869324836,360.0,1500000,250.0,OLED,1.0,3.6864,Medium,QHD,1,0,Dell
AOC 16T3EA,429.0,677.0,12287.66,15.6,1920.0,1080.0,1.7777777777777777,141.21199808219862,60.0,700,250.0,IPS,4.0,2.0736,Small,FullHD,0,0,AOC
Dell G3223Q,2966.0,4039.0,77825.55,32.0,3840.0,2160.0,1.7777777777777777,137.68169813014364,144.0,1000,400.0,IPS,1.0,8.2944,XLarge,4K,1,1,Dell
MSI G2422C,427.0,427.0,9487.939999999999,24.0,1920.0,1080.0,1.7777777777777777,91.7877987534291,180.0,3000,250.0,VA,4.442516268980477,2.0736,Medium,FullHD,1,0,MSI
Acer B248Ybemiqprcuzx,810.0,1400.0,24553.1,23.8,1920.0,1080.0,1.7777777777777777,92.55912479337388,75.0,1000,250.0,IPS,4.0,2.0736,Small,FullHD,0,0,Acer
Viewsonic VX2758A-2K-PRO,844.0,844.0,18753.68,27.0,2560.0,1440.0,1.7777777777777777,108.78553926332337,185.0,1000,250.0,IPS,4.951367781155016,3.6864,Large,QHD,1,0,Viewsonic
Avtek TS 7 Lite 55,5800.0,5800.0,128876.0,55.0,3840.0,2160.0,1.7777777777777777,80.10571527571994,60.0,4000,420.0,Other,8.0,8.2944,XLarge,4K,0,0,Avtek
Viewsonic VG3419C,1742.0,2149.0,43229.009999999995,34.0,3440.0,1440.0,2.388888888888889,109.68340725465096,120.0,3000,300.0,VA,4.442516268980477,4.9536,XLarge,QHD,1,0,Viewsonic
Xiaomi Mi Surface Display 34,1604.0,1604.0,35640.88,34.0,3440.0,1440.0,2.388888888888889,109.68340725465096,144.0,3000,300.0,VA,4.0,4.9536,XLarge,QHD,1,0,Xiaomi
Cooler Master GM34-CWQ2,2506.0,3107.0,62360.43,34.0,3440.0,1440.0,2.388888888888889,109.68340725465096,165.0,4000,320.0,Other,2.0,4.9536,XLarge,QHD,1,0,Cooler Master
Acer Nitro ED343CURHbmiippx,900.0,900.0,19998.0,34.0,3440.0,1440.0,2.388888888888889,109.68340725465096,100.0,3000,300.0,VA,4.442516268980477,4.9536,XLarge,QHD,0,0,Acer
Viewsonic VX3480-2K-PRO,1053.0,1619.0,29685.92,34.0,3440.0,1440.0,2.388888888888889,109.68340725465096,165.0,4000,300.0,VA,4.442516268980477,4.9536,XLarge,QHD,1,0,Viewsonic
Viewsonic VA2405-H,363.0,497.0,9554.6,24.0,1920.0,1080.0,1.7777777777777777,91.7877987534291,75.0,3000,250.0,VA,4.0,2.0736,Medium,FullHD,0,0,Viewsonic
Iiyama G-Master GCB3280QSU-B2,999.0,1464.0,27363.93,31.5,2560.0,1440.0,1.7777777777777777,93.24474793999147,180.0,3000,350.0,VA,4.442516268980477,3.6864,Large,QHD,1,0,Iiyama
Eizo ColorEdge CG2400S,6622.0,7696.0,159072.97999999998,24.1,1920.0,1200.0,1.6,93.94835982131056,60.0,1800,120.0,IPS,11.0,2.304,Medium,FullHD,0,0,Eizo
MSI PRO MP2412,299.0,423.0,8021.419999999999,23.8,1920.0,1080.0,1.7777777777777777,92.55912479337388,100.0,4000,300.0,VA,4.0,2.0736,Small,FullHD,0,0,MSI
Dell P2723DE,1310.0,1828.0,34863.18,27.0,2560.0,1440.0,1.7777777777777777,108.78553926332337,60.0,1000,350.0,IPS,4.951367781155016,3.6864,Large,QHD,0,0,Dell
Dell UltraSharp U2424HE,1000.0,1415.0,26830.649999999998,23.8,1920.0,1080.0,1.7777777777777777,92.55912479337388,120.0,1000,250.0,IPS,8.0,2.0736,Small,FullHD,1,0,Dell
LG UltraFine 27UQ850,1667.0,1899.0,39618.259999999995,27.0,3840.0,2160.0,1.7777777777777777,163.17830889498507,60.0,2000,400.0,IPS,5.0,8.2944,Large,4K,0,0,LG
HP M24m,515.0,1139.0,18375.94,23.8,1920.0,1080.0,1.7777777777777777,92.55912479337388,75.0,1000,300.0,IPS,5.0,2.0736,Small,FullHD,0,0,HP
LG 25MS500,407.0,563.0,10776.699999999999,24.5,1920.0,1080.0,1.7777777777777777,89.91457837070605,100.0,1000,250.0,IPS,5.0,2.0736,Medium,FullHD,0,0,LG
HP 524pf,629.0,866.0,16609.45,23.8,1920.0,1080.0,1.7777777777777777,92.55912479337388,100.0,1500,350.0,IPS,5.0,2.0736,Small,FullHD,0,0,HP
Philips Evnia 24M2N3200S,389.0,597.0,10954.46,23.8,1920.0,1080.0,1.7777777777777777,92.55912479337388,180.0,1000,300.0,IPS,1.0,2.0736,Small,FullHD,1,0,Philips
AOC Q32V4,702.0,836.0,17087.18,32.0,2560.0,1440.0,1.7777777777777777,91.7877987534291,75.0,1000,250.0,IPS,4.0,3.6864,XLarge,QHD,0,0,AOC
HP U32,680.0,2480.0,35107.6,32.0,3840.0,2160.0,1.7777777777777777,137.68169813014364,60.0,1000,400.0,IPS,4.0,8.2944,XLarge,4K,0,0,HP
Asus TUF Gaming VG328H1B,879.0,1218.0,23297.67,32.0,1920.0,1080.0,1.7777777777777777,68.84084906507182,165.0,3000,250.0,VA,4.0,2.0736,XLarge,FullHD,1,0,Asus
Neovo QX-28,6566.0,6566.0,145896.52,28.0,3840.0,2160.0,1.7777777777777777,157.3505121487356,60.0,1000,300.0,Other,3.0,8.2944,Large,4K,0,0,Neovo
Iiyama ProLite T1521MSC-B1,1796.0,1796.0,39907.119999999995,15.0,1024.0,768.0,1.3333333333333333,85.33333333333333,75.0,800,370.0,TN,8.0,0.786432,Small,HD,0,0,Iiyama
Samsung F24T370FWR,448.0,692.0,12665.4,24.0,1920.0,1080.0,1.7777777777777777,91.7877987534291,75.0,1000,250.0,IPS,5.0,2.0736,Medium,FullHD,0,0,Samsung
NEC P801 PG,63749.0,63749.0,1416502.78,80.0,1920.0,1080.0,1.7777777777777777,27.536339626028727,85.0,5000,700.0,Other,4.0,2.0736,XLarge,FullHD,0,0,NEC
Samsung Smart Monitor M50F 27,901.0,901.0,20020.219999999998,27.0,1920.0,1080.0,1.7777777777777777,81.58915444749253,60.0,1000,250.0,IPS,5.0,2.0736,Large,FullHD,0,0,Samsung
LG UltraGear 45GX950A,7912.0,8399.0,181215.21,44.5,5120.0,2160.0,2.3703703703703702,124.87590102876229,165.0,1500000,275.0,OLED,1.0,11.0592,XLarge,4K,1,1,LG
Gigabyte Aorus FO32U2,3299.0,5779.0,100856.58,31.5,3840.0,2160.0,1.7777777777777777,139.8671219099872,240.0,1500000,250.0,OLED,1.0,8.2944,Large,4K,1,1,Gigabyte
Acer Nitro VG270bmiix,969.0,969.0,21531.18,27.0,1920.0,1080.0,1.7777777777777777,81.58915444749253,75.0,1000,250.0,IPS,5.0,2.0736,Large,FullHD,0,0,Acer
Port Designs 902101T,1011.0,1011.0,22464.42,15.6,1920.0,1080.0,1.7777777777777777,141.21199808219862,60.0,1000,342.715043074884,IPS,4.951367781155016,2.0736,Small,FullHD,0,0,Port Designs
Iiyama G-Master GB2766HSU-B1,638.0,1021.0,18431.489999999998,27.0,1920.0,1080.0,1.7777777777777777,81.58915444749253,165.0,3000,250.0,VA,4.0,2.0736,Large,FullHD,1,0,Iiyama
MSI MAG 325CQF,1233.0,1249.0,27575.019999999997,31.5,2560.0,1440.0,1.7777777777777777,93.24474793999147,180.0,3500,300.0,VA,4.442516268980477,3.6864,Large,QHD,1,0,MSI
Asus ROG Swift OLED PG49WCD,6521.0,7540.0,156217.71,49.0,5120.0,1440.0,3.5555555555555554,108.54380498674065,144.0,1500000,250.0,OLED,1.0,7.3728,XLarge,QHD,1,0,Asus
Samsung OM55N-S,9725.0,13550.0,258585.25,55.0,1920.0,1080.0,1.7777777777777777,40.05285763785997,126.92706645056727,6000,4000.0,VA,6.0,2.0736,XLarge,FullHD,1,0,Samsung
LG 22SM3B,1295.0,1295.0,28774.899999999998,22.0,1920.0,1080.0,1.7777777777777777,100.13214409464992,60.0,1000,250.0,IPS,12.0,2.0736,Small,FullHD,0,0,LG
Sharp PN-Q701E,9099.0,9099.0,202179.78,70.0,1920.0,1080.0,1.7777777777777777,31.47010242974712,60.0,5000,350.0,Other,4.0,2.0736,XLarge,FullHD,0,0,Sharp
Dell Pro Plus P6524QT,15807.0,17707.0,372340.54,64.5,3840.0,2160.0,1.7777777777777777,68.30719907231932,60.0,1300,350.0,IPS,9.0,8.2944,XLarge,4K,0,0,Dell
NEC UN552VS,18563.0,31629.0,557633.12,55.0,1920.0,1080.0,1.7777777777777777,40.05285763785997,60.0,1700,500.0,IPS,8.0,2.0736,XLarge,FullHD,0,0,NEC
Gigabyte Aorus FI32U,3086.0,3086.0,68570.92,31.5,3840.0,2160.0,1.7777777777777777,139.8671219099872,144.0,1000,350.0,IPS,1.0,8.2944,Large,4K,1,1,Gigabyte
NEC MultiSync C860Q,17735.0,17735.0,394071.69999999995,86.0,3840.0,2160.0,1.7777777777777777,51.2303993042395,60.0,1200,350.0,IPS,8.0,8.2944,XLarge,4K,0,0,NEC
Lenovo T24i-30,699.0,1137.0,20397.96,23.8,1920.0,1080.0,1.7777777777777777,92.55912479337388,60.0,1000,250.0,IPS,4.0,2.0736,Small,FullHD,0,0,Lenovo
Samsung Smart Monitor M80D 32,2149.0,3163.0,59016.32,31.5,3840.0,2160.0,1.7777777777777777,139.8671219099872,60.0,3000,400.0,VA,4.0,8.2944,Large,4K,0,0,Samsung
Lenovo ThinkVision P24h-2L,1637.0,1637.0,36374.14,23.8,2560.0,1440.0,1.7777777777777777,123.41216639116517,60.0,1000,300.0,IPS,4.0,3.6864,Small,QHD,0,0,Lenovo
Iiyama ProLite TW2223AS-B2,1637.0,2037.0,40818.14,21.5,1920.0,1080.0,1.7777777777777777,102.460798608479,60.0,3000,345.0,VA,18.0,2.0736,Small,FullHD,0,0,Iiyama
MSI PRO MP275,389.0,875.0,14043.039999999999,27.0,1920.0,1080.0,1.7777777777777777,81.58915444749253,100.0,1000,300.0,IPS,4.0,2.0736,Large,FullHD,0,0,MSI
Gigabyte G34WQC2,1099.0,1479.0,28641.579999999998,34.0,3440.0,1440.0,2.388888888888889,109.68340725465096,200.0,4000,450.0,VA,1.0,4.9536,XLarge,QHD,1,0,Gigabyte
Acer Nitro VG240YX1bmiipx,501.0,501.0,11132.22,23.8,1920.0,1080.0,1.7777777777777777,92.55912479337388,200.0,1000,250.0,IPS,4.951367781155016,2.0736,Small,FullHD,1,0,Acer
Lenovo Legion R24s,529.0,529.0,11754.38,23.8,1920.0,1080.0,1.7777777777777777,92.55912479337388,144.0,1500,250.0,IPS,4.0,2.0736,Small,FullHD,1,0,Lenovo
Iiyama G-Master GCB3486WQSCP-B1,1686.0,1786.0,38573.92,34.0,3440.0,1440.0,2.388888888888889,109.68340725465096,240.0,4000,500.0,VA,4.442516268980477,4.9536,XLarge,QHD,1,0,Iiyama
Samsung ViewFinity S50GC 34,1039.0,1297.0,25952.96,34.0,3440.0,1440.0,2.388888888888889,109.68340725465096,100.0,3000,300.0,VA,5.0,4.9536,XLarge,QHD,0,0,Samsung
Acer Predator X27UF3bmiipruzx,5917.0,6850.0,141841.37,26.5,2560.0,1440.0,1.7777777777777777,110.83809660791438,480.0,1500000,275.0,OLED,1.0,3.6864,Medium,QHD,1,0,Acer
Gigabyte Aorus FI32Q,2723.0,2746.0,60760.59,32.0,2560.0,1440.0,1.7777777777777777,91.7877987534291,170.0,1000,350.0,IPS,1.0,3.6864,XLarge,QHD,1,0,Gigabyte
Samsung Odyssey OLED G91SD 49,3599.0,6330.0,110311.18999999999,49.0,5120.0,1440.0,3.5555555555555554,108.54380498674065,144.0,1000000,250.0,OLED,1.0,7.3728,XLarge,QHD,1,0,Samsung
BenQ Zowie XL2546X,1699.0,2649.0,48306.28,24.5,1920.0,1080.0,1.7777777777777777,89.91457837070605,240.0,1000,320.0,TN,4.1020408163265305,2.0736,Medium,FullHD,1,0,BenQ
LG 55VL5PJ-A,5868.0,14754.0,229110.41999999998,55.0,1920.0,1080.0,1.7777777777777777,40.05285763785997,60.0,1200,500.0,IPS,8.0,2.0736,XLarge,FullHD,0,0,LG
LG 27UL550P,1053.0,1053.0,23397.66,27.0,3840.0,2160.0,1.7777777777777777,163.17830889498507,60.0,1000,300.0,IPS,5.0,8.2944,Large,4K,0,0,LG
V7 L238IPS-HAS-E,976.0,976.0,21686.719999999998,23.8,1920.0,1080.0,1.7777777777777777,92.55912479337388,60.0,1200,250.0,IPS,14.0,2.0736,Small,FullHD,0,0,V7
BenQ GW2491,333.0,626.0,10654.49,23.8,1920.0,1080.0,1.7777777777777777,92.55912479337388,100.0,1300,250.0,IPS,5.0,2.0736,Small,FullHD,0,0,BenQ
Iiyama ProLite XUB2497HSU-B2,562.0,760.0,14687.42,23.8,1920.0,1080.0,1.7777777777777777,92.55912479337388,100.0,1300,300.0,IPS,4.951367781155016,2.0736,Small,FullHD,0,0,Iiyama
Iiyama ProLite TF5539UHSC-W1AG,7508.0,11728.0,213711.96,55.0,3840.0,2160.0,1.7777777777777777,80.10571527571994,60.0,1100,500.0,IPS,8.0,8.2944,XLarge,4K,0,0,Iiyama
UPERFECT USteam G16,699.0,969.0,18531.48,15.6,1920.0,1080.0,1.7777777777777777,141.21199808219862,120.0,1200,250.0,IPS,9.0,2.0736,Small,FullHD,1,0,UPERFECT
BenQ BL2486TC,778.0,1030.0,20086.879999999997,23.8,1920.0,1080.0,1.7777777777777777,92.55912479337388,100.0,1300,250.0,IPS,5.0,2.0736,Small,FullHD,0,0,BenQ
MSI PRO MP275PG,449.0,1039.0,16531.68,27.0,1920.0,1080.0,1.7777777777777777,81.58915444749253,100.0,1000,300.0,IPS,4.0,2.0736,Large,FullHD,0,0,MSI
Neovo PM-3202,1293.0,2429.0,41351.42,31.5,1920.0,1080.0,1.7777777777777777,69.9335609549936,60.0,4000,350.0,VA,5.0,2.0736,Large,FullHD,0,0,Neovo
Samsung Odyssey G95C 49,3699.0,7311.0,122321.09999999999,49.0,5120.0,1440.0,3.5555555555555554,108.54380498674065,240.0,2500,450.0,VA,1.0,7.3728,XLarge,QHD,1,0,Samsung
Philips 27B1U5601H,1712.0,2456.0,46306.479999999996,27.0,2560.0,1440.0,1.7777777777777777,108.78553926332337,75.0,1000,350.0,IPS,4.0,3.6864,Large,QHD,0,0,Philips
Samsung U32H850U,14419.0,14419.0,320390.18,32.0,3840.0,2160.0,1.7777777777777777,137.68169813014364,60.0,3000,250.0,VA,4.0,8.2944,XLarge,4K,0,0,Samsung
Samsung UD55D,8999.0,8999.0,199957.78,55.0,1920.0,1080.0,1.7777777777777777,40.05285763785997,75.0,3500,700.0,Other,8.0,2.0736,XLarge,FullHD,0,0,Samsung
HP M34d,1800.0,1800.0,39996.0,34.0,3440.0,1440.0,2.388888888888889,109.68340725465096,100.0,3500,250.0,VA,5.0,4.9536,XLarge,QHD,0,0,HP
Neovo LW-2402,372.0,447.0,9099.09,24.0,1920.0,1080.0,1.7777777777777777,91.7877987534291,75.0,1000,250.0,VA,5.0,2.0736,Medium,FullHD,0,0,Neovo
Philips 55BDL3452T,9001.0,9882.0,209790.12999999998,55.0,3840.0,2160.0,1.7777777777777777,80.10571527571994,60.0,1300,400.0,IPS,8.0,8.2944,XLarge,4K,0,0,Philips
Iiyama ProLite XB3270QS-B5,1248.0,1248.0,27730.559999999998,31.5,2560.0,1440.0,1.7777777777777777,93.24474793999147,60.0,1200,250.0,IPS,4.0,3.6864,Large,QHD,0,0,Iiyama
MSI MAG 274PFW,549.0,1548.0,23297.67,27.0,1920.0,1080.0,1.7777777777777777,81.58915444749253,180.0,1000,300.0,IPS,1.0,2.0736,Large,FullHD,1,0,MSI
Asus ROG Strix XG17AHP,4260.0,4260.0,94657.2,17.3,1920.0,1080.0,1.7777777777777777,127.33567457123111,240.0,1000,300.0,IPS,3.0,2.0736,Small,FullHD,1,0,Asus
LG UltraGear 27GR83Q,1602.0,2366.0,44084.479999999996,27.0,2560.0,1440.0,1.7777777777777777,108.78553926332337,240.0,1000,400.0,IPS,1.0,3.6864,Large,QHD,1,0,LG
HP OMEN 34c G2,1515.0,2030.0,39384.95,34.0,3440.0,1440.0,2.388888888888889,109.68340725465096,180.0,4000,400.0,VA,4.442516268980477,4.9536,XLarge,QHD,1,0,HP
Asus TUF Gaming VG27AQ1A,1120.0,1403.0,28030.53,27.0,2560.0,1440.0,1.7777777777777777,108.78553926332337,170.0,1000,250.0,IPS,4.0,3.6864,Large,QHD,1,0,Asus
Dell Pro Plus P1425,969.0,1307.0,25286.359999999997,14.0,1920.0,1200.0,1.6,161.72539083525606,60.0,1500,400.0,IPS,7.0,2.304,Small,FullHD,0,0,Dell
NEC P554,16519.0,16519.0,367052.18,55.0,1920.0,1080.0,1.7777777777777777,40.05285763785997,85.0,1200,700.0,VA,8.0,2.0736,XLarge,FullHD,0,0,NEC
Samsung SH37C,4655.0,8067.0,141341.41999999998,37.0,1920.0,540.0,3.5555555555555554,53.9052004494962,60.0,4000,700.0,VA,8.0,1.0368,XLarge,HD,0,0,Samsung
Acer Nitro XF273UXbmiiprx,899.0,1215.0,23486.539999999997,27.0,2560.0,1440.0,1.7777777777777777,108.78553926332337,240.0,2500,350.0,VA,4.442516268980477,3.6864,Large,QHD,1,0,Acer
Asus VY279HE,585.0,858.0,16031.73,27.0,1920.0,1080.0,1.7777777777777777,81.58915444749253,75.0,1000,250.0,IPS,4.0,2.0736,Large,FullHD,0,0,Asus
Acer Vero B247YGbmiprx,498.0,529.0,11409.97,23.8,1920.0,1080.0,1.7777777777777777,92.55912479337388,75.0,1000,250.0,IPS,4.0,2.0736,Small,FullHD,0,0,Acer
Philips Evnia 27M2C5501,689.0,1216.0,21164.55,27.0,2560.0,1440.0,1.7777777777777777,108.78553926332337,180.0,5000,300.0,VA,1.0,3.6864,Large,QHD,1,0,Philips
Lenovo S25e-30,627.0,627.0,13931.939999999999,24.5,1920.0,1080.0,1.7777777777777777,89.91457837070605,60.0,1000,325.0,Unknown,4.650088691829009,2.0736,Medium,FullHD,0,0,Lenovo
Asus VS247HR,1579.0,1579.0,35085.38,24.0,1920.0,1080.0,1.7777777777777777,91.7877987534291,75.0,1000,250.0,TN,2.0,2.0736,Medium,FullHD,0,0,Asus
MSI Optix G274QPX,1499.0,2750.0,47206.39,27.0,2560.0,1440.0,1.7777777777777777,108.78553926332337,240.0,1000,400.0,IPS,1.0,3.6864,Large,QHD,1,0,MSI
Asus ZenScreen MB249C,1379.0,2191.0,39662.7,23.8,1920.0,1080.0,1.7777777777777777,92.55912479337388,75.0,1000,250.0,IPS,5.0,2.0736,Small,FullHD,0,0,Asus
Asus ProArt PA34VCNV,2276.0,2505.0,53116.909999999996,34.1,3440.0,1440.0,2.388888888888889,109.36175503396284,60.0,1000,300.0,IPS,5.0,4.9536,XLarge,QHD,0,0,Asus
Samsung Odyssey Neo G7 G70NC 43,2668.0,5281.0,88313.39,43.0,3840.0,2160.0,1.7777777777777777,102.460798608479,144.0,4000,400.0,VA,4.442516268980477,8.2944,XLarge,4K,1,1,Samsung
Asus ProArt PA248CNV,1069.0,1256.0,25830.75,24.0,1920.0,1200.0,1.6,94.33981132056603,75.0,1000,300.0,IPS,5.0,2.304,Medium,FullHD,0,0,Asus
Iiyama ProLite XUB2792QSU-B5,1079.0,1299.0,26419.579999999998,27.0,2560.0,1440.0,1.7777777777777777,108.78553926332337,75.0,1000,350.0,IPS,5.0,3.6864,Large,QHD,0,0,Iiyama
Viewsonic VG2748a-2,723.0,1043.0,19620.26,27.0,1920.0,1080.0,1.7777777777777777,81.58915444749253,60.0,1000,250.0,IPS,5.0,2.0736,Large,FullHD,0,0,Viewsonic
Samsung C24F396F,445.0,445.0,9887.9,24.0,1920.0,1080.0,1.7777777777777777,91.7877987534291,60.0,3000,250.0,VA,4.0,2.0736,Medium,FullHD,0,0,Samsung
LG MyView 32U721SA,1473.0,1699.0,35240.92,31.5,3840.0,2160.0,1.7777777777777777,139.8671219099872,60.0,3000,250.0,VA,5.0,8.2944,Large,4K,0,0,LG
Asus VY249HGE,446.0,700.0,12732.06,23.8,1920.0,1080.0,1.7777777777777777,92.55912479337388,144.0,1000,250.0,IPS,4.951367781155016,2.0736,Small,FullHD,1,0,Asus
Lenovo Legion Y27q-30,1295.0,2063.0,37307.38,27.0,2560.0,1440.0,1.7777777777777777,108.78553926332337,180.0,1000,400.0,IPS,1.0,3.6864,Large,QHD,1,0,Lenovo
LG 27BN650Y,1226.0,1869.0,34385.45,27.0,1920.0,1080.0,1.7777777777777777,81.58915444749253,75.0,1000,250.0,IPS,5.0,2.0736,Large,FullHD,0,0,LG
LG UltraGear 34GS95QE,2737.0,3899.0,73725.95999999999,34.0,3440.0,1440.0,2.388888888888889,109.68340725465096,240.0,1500000,275.0,OLED,1.0,4.9536,XLarge,QHD,1,0,LG
Philips 43BDL4511D,3015.0,3633.0,73859.28,43.0,3840.0,2160.0,1.7777777777777777,102.460798608479,60.0,1200,500.0,IPS,8.0,8.2944,XLarge,4K,0,0,Philips
MSI Modern MD271UL,1540.0,1540.0,34218.799999999996,27.0,3840.0,2160.0,1.7777777777777777,163.17830889498507,60.0,1000,342.715043074884,IPS,4.0,8.2944,Large,4K,0,0,MSI
Iiyama ProLite TF1515MC-B1,2064.0,2447.0,50117.21,15.0,1024.0,768.0,1.3333333333333333,85.33333333333333,60.0,800,350.0,TN,8.0,0.786432,Small,HD,0,0,Iiyama
AOC Q27P3CV,1006.0,1244.0,24997.5,27.0,2560.0,1440.0,1.7777777777777777,108.78553926332337,75.0,1000,350.0,IPS,4.0,3.6864,Large,QHD,0,0,AOC
Iiyama ProLite T1732MSC-B1SAG,2114.0,2518.0,51461.52,17.0,1280.0,1024.0,1.25,96.42351792840054,75.0,1000,215.0,TN,4.1020408163265305,1.31072,Small,HD,0,0,Iiyama
Asus ZenScreen MB27ACF,1766.0,1966.0,41462.52,27.0,2560.0,1440.0,1.7777777777777777,108.78553926332337,100.0,1500,300.0,IPS,5.0,3.6864,Large,QHD,0,0,Asus
Neovo X-22E,2606.0,3444.0,67215.5,22.0,1920.0,1080.0,1.7777777777777777,100.13214409464992,60.0,1000,250.0,TN,3.0,2.0736,Small,FullHD,0,0,Neovo
Acer Vero B277UEwmiiprzxv,849.0,1018.0,20742.37,27.0,2560.0,1440.0,1.7777777777777777,108.78553926332337,100.0,1000,350.0,IPS,4.0,3.6864,Large,QHD,0,0,Acer
Philips 271V8L,388.0,505.0,9921.23,27.0,1920.0,1080.0,1.7777777777777777,81.58915444749253,75.0,3000,250.0,VA,4.0,2.0736,Large,FullHD,0,0,Philips
Asus VA27DQSB,681.0,769.0,16109.5,27.0,1920.0,1080.0,1.7777777777777777,81.58915444749253,75.0,1000,250.0,IPS,5.0,2.0736,Large,FullHD,0,0,Asus
Viewsonic XG2705,1244.0,1244.0,27641.68,27.0,1920.0,1080.0,1.7777777777777777,81.58915444749253,144.0,1000,250.0,IPS,1.0,2.0736,Large,FullHD,1,0,Viewsonic
BenQ Mobiuz EX2710Q,872.0,1079.0,21675.61,27.0,2560.0,1440.0,1.7777777777777777,108.78553926332337,165.0,1000,250.0,IPS,2.0,3.6864,Large,QHD,1,0,BenQ
LG UltraGear 27GS85Q,963.0,1158.0,23564.309999999998,27.0,2560.0,1440.0,1.7777777777777777,108.78553926332337,180.0,1000,400.0,IPS,1.0,3.6864,Large,QHD,1,0,LG
ASRock Phantom Gaming PG25FFT,488.0,608.0,12176.56,24.5,1920.0,1080.0,1.7777777777777777,89.91457837070605,180.0,1000,300.0,IPS,4.951367781155016,2.0736,Medium,FullHD,1,0,ASRock
Lenovo T27p-10,1898.0,1898.0,42173.56,27.0,3840.0,2160.0,1.7777777777777777,163.17830889498507,60.0,1000,350.0,IPS,4.0,8.2944,Large,4K,0,0,Lenovo
Dell P2418HT,22759.0,22759.0,505704.98,24.0,1920.0,1080.0,1.7777777777777777,91.7877987534291,60.0,1000,250.0,IPS,6.0,2.0736,Medium,FullHD,0,0,Dell
LG 27BK550Y,769.0,2049.0,31307.98,27.0,1920.0,1080.0,1.7777777777777777,81.58915444749253,75.0,1000,250.0,IPS,5.0,2.0736,Large,FullHD,0,0,LG
Iiyama ProLite XCB4594DQSN-B1,2690.0,3735.0,71381.75,44.5,5120.0,1440.0,3.5555555555555554,119.5201448168605,165.0,3000,450.0,VA,4.442516268980477,7.3728,XLarge,QHD,1,0,Iiyama
Philips 278B1,1104.0,1436.0,28219.399999999998,27.0,3840.0,2160.0,1.7777777777777777,163.17830889498507,60.0,1000,350.0,IPS,4.0,8.2944,Large,4K,0,0,Philips
LG UltraFine 40U990A,7320.0,10128.0,193847.28,39.7,5120.0,2160.0,2.3703703703703702,139.9742467450862,120.0,2000,450.0,IPS,5.0,11.0592,XLarge,4K,1,1,LG
Acer Nitro XF240YM3biiph,418.0,508.0,10287.859999999999,23.8,1920.0,1080.0,1.7777777777777777,92.55912479337388,180.0,1000,250.0,IPS,1.0,2.0736,Small,FullHD,1,0,Acer
MSI MAG 272QP QD-OLED X50,4999.0,5563.0,117343.81999999999,26.5,2560.0,1440.0,1.7777777777777777,110.83809660791438,500.0,1500000,300.0,OLED,1.0,3.6864,Medium,QHD,1,0,MSI
Iiyama ProLite XU2494HSU-B2,549.0,549.0,12198.779999999999,24.0,1920.0,1080.0,1.7777777777777777,91.7877987534291,75.0,3000,250.0,VA,4.0,2.0736,Medium,FullHD,0,0,Iiyama
Lenovo D32-40,693.0,1034.0,19186.969999999998,31.5,1920.0,1080.0,1.7777777777777777,69.9335609549936,60.0,3000,250.0,VA,4.0,2.0736,Large,FullHD,0,0,Lenovo
Samsung UD46C,12000.0,20086.0,356475.45999999996,46.0,1920.0,1080.0,1.7777777777777777,47.88928630613692,85.0,3500,450.0,VA,8.0,2.0736,XLarge,FullHD,0,0,Samsung
Lenovo ThinkVision T22i-10,499.0,499.0,11087.779999999999,22.0,1920.0,1080.0,1.7777777777777777,100.13214409464992,60.0,1000,250.0,IPS,6.0,2.0736,Small,FullHD,0,0,Lenovo
Viewsonic VP2788-5K,4599.0,5800.0,115532.89,27.0,5120.0,2880.0,1.7777777777777777,217.57107852664674,60.0,2000,500.0,IPS,5.0,14.7456,Large,4K,0,0,Viewsonic
AOC 27G15N2,470.0,532.0,11132.22,27.0,1920.0,1080.0,1.7777777777777777,81.58915444749253,180.0,3000,300.0,VA,1.0,2.0736,Large,FullHD,1,0,AOC
Cooler Master Tempest GZ2711,2711.0,3631.0,70459.62,27.0,2560.0,1440.0,1.7777777777777777,108.78553926332337,240.0,1500000,150.0,OLED,1.0,3.6864,Large,QHD,1,0,Cooler Master
BenQ RD240Q,1529.0,1907.0,38173.96,24.1,2560.0,1600.0,1.6,125.26447976174744,60.0,1000,300.0,IPS,5.0,4.096,Medium,QHD,0,0,BenQ
AOC 24G4HRE,448.0,575.0,11365.529999999999,23.8,1920.0,1080.0,1.7777777777777777,92.55912479337388,200.0,1000,300.0,IPS,1.0,2.0736,Small,FullHD,1,0,AOC
Viewsonic VX2780J-2K,579.0,1484.0,22919.93,27.0,2560.0,1440.0,1.7777777777777777,108.78553926332337,170.0,1000,350.0,IPS,4.951367781155016,3.6864,Large,QHD,1,0,Viewsonic
Asus ROG Swift OLED PG27UCDM,4941.0,5303.0,113810.84,26.5,3840.0,2160.0,1.7777777777777777,166.25714491187156,240.0,1500000,250.0,OLED,1.0,8.2944,Medium,4K,1,1,Asus
Acer Nitro EI322QURVbmiippx,1300.0,1300.0,28886.0,31.5,2560.0,1440.0,1.7777777777777777,93.24474793999147,180.0,1000,320.0,VA,4.442516268980477,3.6864,Large,QHD,1,0,Acer
BenQ GW2475H,395.0,395.0,8776.9,24.0,1920.0,1080.0,1.7777777777777777,91.7877987534291,60.0,1000,250.0,IPS,5.0,2.0736,Medium,FullHD,0,0,BenQ
Sony BRAVIA FW-65BZ40L,6900.0,8669.0,172971.59,65.0,3840.0,2160.0,1.7777777777777777,67.78175907945533,60.0,1200,700.0,IPS,8.0,8.2944,XLarge,4K,0,0,Sony
Viewsonic IFP6553,10137.0,12081.0,246841.97999999998,64.5,3840.0,2160.0,1.7777777777777777,68.30719907231932,60.0,5000,450.0,VA,4.442516268980477,8.2944,XLarge,4K,0,0,Viewsonic
Eizo FlexScan EV2485,1923.0,2499.0,49128.42,24.0,1920.0,1200.0,1.6,94.33981132056603,60.0,1000,350.0,IPS,5.0,2.304,Medium,FullHD,0,0,Eizo
CHiQ 24F650,386.0,398.0,8710.24,23.8,1920.0,1080.0,1.7777777777777777,92.55912479337388,75.0,1000,250.0,IPS,6.0,2.0736,Small,FullHD,0,0,CHiQ
Asus VA34VCPSN,1938.0,2754.0,52128.119999999995,34.0,3440.0,1440.0,2.388888888888889,109.68340725465096,100.0,3000,300.0,VA,4.0,4.9536,XLarge,QHD,0,0,Asus
Asus ZenScreen Go MB16AWP,1809.0,2776.0,50939.35,16.0,1920.0,1080.0,1.7777777777777777,137.68169813014364,60.0,1200,250.0,IPS,5.0,2.0736,Small,FullHD,0,0,Asus
Neovo SC-32E,1293.0,3756.0,56094.39,31.5,1920.0,1080.0,1.7777777777777777,69.9335609549936,60.0,1000,350.0,VA,5.0,2.0736,Large,FullHD,0,0,Neovo
Lenovo P32p-30,2299.0,4305.0,73370.44,31.5,3840.0,2160.0,1.7777777777777777,139.8671219099872,60.0,1000,350.0,IPS,4.0,8.2944,Large,4K,0,0,Lenovo
MSI Optix G32C4,1126.0,1126.0,25019.719999999998,32.0,1920.0,1080.0,1.7777777777777777,68.84084906507182,165.0,3000,250.0,VA,4.0,2.0736,XLarge,FullHD,1,0,MSI
Dell S2422HZ,289.0,289.0,6421.58,24.0,1920.0,1080.0,1.7777777777777777,91.7877987534291,75.0,1000,250.0,IPS,4.0,2.0736,Medium,FullHD,0,0,Dell
Acer Nitro XF270S3biphx,747.0,790.0,17076.07,32.61749201277956,1920.0,1080.0,1.7777777777777777,96.61369775073341,180.0,1000,300.0,VA,4.442516268980477,2.0736,XLarge,FullHD,1,0,Acer
Dahua LM32-P301A,1073.0,1495.0,28530.48,31.5,2560.0,1440.0,1.7777777777777777,93.24474793999147,75.0,1200,350.0,IPS,4.0,3.6864,Large,QHD,0,0,Dahua
Acer Vero V277Ebipv,571.0,649.0,13554.199999999999,27.0,1920.0,1080.0,1.7777777777777777,81.58915444749253,100.0,1000,250.0,IPS,4.0,2.0736,Large,FullHD,0,0,Acer
Dell Alienware AW2725QF,1679.0,3791.0,60771.7,27.0,3840.0,2160.0,1.7777777777777777,163.17830889498507,180.0,1000,400.0,IPS,1.0,8.2944,Large,4K,1,1,Dell
Lenovo C32u-40,1585.0,1748.0,37029.63,31.5,3840.0,2160.0,1.7777777777777777,139.8671219099872,75.0,3000,250.0,VA,4.0,8.2944,Large,4K,0,0,Lenovo
Viewsonic VA2708-4K-HD,748.0,944.0,18798.12,27.0,3840.0,2160.0,1.7777777777777777,163.17830889498507,60.0,1200,250.0,IPS,4.0,8.2944,Large,4K,0,0,Viewsonic
Samsung OM46B,8542.0,10869.0,215656.21,46.0,1920.0,1080.0,1.7777777777777777,47.88928630613692,60.0,6000,4000.0,VA,6.0,2.0736,XLarge,FullHD,0,0,Samsung
Dell E1715S,459.0,846.0,14498.55,17.0,1280.0,1024.0,1.25,96.42351792840054,60.0,1000,250.0,TN,5.0,1.31072,Small,HD,0,0,Dell
AOC CU34G4,1074.0,1503.0,28630.469999999998,34.0,3440.0,1440.0,2.388888888888889,109.68340725465096,180.0,2500,300.0,VA,1.0,4.9536,XLarge,QHD,1,0,AOC
Samsung Essential Monitor S30GD 27,369.0,740.0,12320.99,27.0,1920.0,1080.0,1.7777777777777777,81.58915444749253,100.0,1000,250.0,IPS,5.0,2.0736,Large,FullHD,0,0,Samsung
Dell P2422HE,734.0,1419.0,23919.829999999998,24.0,1920.0,1080.0,1.7777777777777777,91.7877987534291,60.0,1000,250.0,IPS,5.0,2.0736,Medium,FullHD,0,0,Dell
LG UltraWide 35WN75CP,1347.0,1995.0,37129.619999999995,35.0,3440.0,1440.0,2.388888888888889,106.54959561880379,100.0,2500,300.0,VA,5.0,4.9536,XLarge,QHD,0,0,LG
Lenovo L27m-30,945.0,1143.0,23197.68,27.0,1920.0,1080.0,1.7777777777777777,81.58915444749253,75.0,1000,250.0,IPS,6.0,2.0736,Large,FullHD,0,0,Lenovo
HP 322ph,399.0,856.0,13943.05,21.5,1920.0,1080.0,1.7777777777777777,102.460798608479,100.0,1000,250.0,IPS,5.0,2.0736,Small,FullHD,0,0,HP
Philips 27B2U6903,1970.0,2310.0,47550.799999999996,27.0,3840.0,2160.0,1.7777777777777777,163.17830889498507,60.0,1000,350.0,IPS,4.0,8.2944,Large,4K,0,0,Philips
Iiyama ProLite TE6514MIS-B1AG,4871.0,4871.0,108233.62,65.0,3840.0,2160.0,1.7777777777777777,67.78175907945533,60.0,4000,435.0,VA,7.0,8.2944,XLarge,4K,0,0,Iiyama
Eizo FlexScan EV2781,2167.0,2873.0,55994.399999999994,27.0,2560.0,1440.0,1.7777777777777777,108.78553926332337,60.0,1000,350.0,IPS,5.0,3.6864,Large,QHD,0,0,Eizo
Lenovo T32p-30,1795.0,2859.0,51705.939999999995,31.5,3840.0,2160.0,1.7777777777777777,139.8671219099872,60.0,1000,350.0,IPS,4.0,8.2944,Large,4K,0,0,Lenovo
Lenovo ThinkVision T27hv-30,1416.0,2120.0,39284.96,27.0,2560.0,1440.0,1.7777777777777777,108.78553926332337,75.0,1000,300.0,IPS,6.0,3.6864,Large,QHD,0,0,Lenovo
Asus ROG Strix OLED XG32UCDS,3599.0,4395.0,88813.34,31.5,3840.0,2160.0,1.7777777777777777,139.8671219099872,165.0,1500000,250.0,OLED,1.0,8.2944,Large,4K,1,1,Asus
MSI MAG 274CXF,639.0,745.0,15376.24,27.0,1920.0,1080.0,1.7777777777777777,81.58915444749253,280.0,4000,300.0,VA,4.442516268980477,2.0736,Large,FullHD,1,0,MSI
Asus ProArt PA278CGV,1496.0,2202.0,41084.78,27.0,2560.0,1440.0,1.7777777777777777,108.78553926332337,144.0,1000,400.0,IPS,5.0,3.6864,Large,QHD,1,0,Asus
Philips 272V8LA,476.0,476.0,10576.72,27.0,1920.0,1080.0,1.7777777777777777,81.58915444749253,75.0,3000,250.0,VA,4.0,2.0736,Large,FullHD,0,0,Philips
Iiyama ProLite OTF2216MC-B1,4614.0,4734.0,103856.28,21.5,1920.0,1080.0,1.7777777777777777,102.460798608479,60.0,5000,369.7073170731707,VA,4.442516268980477,2.0736,Small,FullHD,0,0,Iiyama
Dell UltraSharp U3824DW,4466.0,5463.0,110311.18999999999,37.5,3840.0,1600.0,2.4,110.93333333333334,60.0,2000,300.0,IPS,5.0,6.144,XLarge,QHD,0,0,Dell
Iiyama ProLite TF1633MSC-B1,1740.0,1843.0,39807.13,15.6,1920.0,1080.0,1.7777777777777777,141.21199808219862,60.0,1000,385.0,IPS,5.0,2.0736,Small,FullHD,0,0,Iiyama
AOC CU34G2X,1380.0,1494.0,31930.14,34.0,3440.0,1440.0,2.388888888888889,109.68340725465096,144.0,3000,300.0,VA,4.0,4.9536,XLarge,QHD,1,0,AOC
HP P22h G5,649.0,1022.0,18564.809999999998,21.5,1920.0,1080.0,1.7777777777777777,102.460798608479,75.0,1000,250.0,IPS,5.0,2.0736,Small,FullHD,0,0,HP
Lenovo T24m-20,1399.0,1424.0,31363.53,23.8,1920.0,1080.0,1.7777777777777777,92.55912479337388,60.0,1000,250.0,IPS,4.0,2.0736,Small,FullHD,0,0,Lenovo
LG UltraWide 29WP60G,726.0,1387.0,23475.43,29.0,2560.0,1080.0,2.3703703703703702,95.8099585479297,75.0,1000,250.0,IPS,5.0,2.7648,Large,FullHD,0,0,LG
Iiyama ProLite TW1025LASC-B1PNR,1447.0,1993.0,38218.4,10.1,1280.0,800.0,1.6,149.44920605238187,103.74406332453826,1000,390.0,IPS,25.0,1.024,Small,HD,0,0,Iiyama
Philips 243S1,680.0,1010.0,18775.899999999998,24.0,1920.0,1080.0,1.7777777777777777,91.7877987534291,75.0,1000,250.0,IPS,4.0,2.0736,Medium,FullHD,0,0,Philips
Acer Nitro XZ342CUS3bmiipphx,999.0,1454.0,27252.829999999998,34.0,3440.0,1440.0,2.388888888888889,109.68340725465096,180.0,4000,400.0,VA,4.442516268980477,4.9536,XLarge,QHD,1,0,Acer
Hannspree HO105HTB,1148.0,1419.0,28519.37,10.1,1280.0,800.0,1.6,149.44920605238187,60.0,800,350.0,IPS,25.0,1.024,Small,HD,0,0,Hannspree
Acer CB343CURbemiiphuzx,1999.0,2699.0,52194.78,34.0,3440.0,1440.0,2.388888888888889,109.68340725465096,60.0,1000,300.0,IPS,4.0,4.9536,XLarge,QHD,0,0,Acer
Gigabyte Aorus FI27Q-P,2572.0,2572.0,57149.84,27.0,2560.0,1440.0,1.7777777777777777,108.78553926332337,165.0,1000,350.0,IPS,4.0,3.6864,Large,QHD,1,0,Gigabyte
Eizo FlexScan EV4340X,7279.0,8610.0,176526.78999999998,42.5,3840.0,2160.0,1.7777777777777777,103.66621976857874,60.0,1000,350.0,IPS,5.0,8.2944,XLarge,4K,0,0,Eizo
Lenovo ThinkVision P27QD-40,1630.0,2406.0,44839.96,27.0,2560.0,1440.0,1.7777777777777777,108.78553926332337,120.0,1500,350.0,IPS,6.0,3.6864,Large,QHD,1,0,Lenovo
Dell S3221QSA,1660.0,2783.0,49361.729999999996,31.5,3840.0,2160.0,1.7777777777777777,139.8671219099872,60.0,3000,300.0,VA,4.0,8.2944,Large,4K,0,0,Dell
Samsung Odyssey G5A 32,1815.0,4491.0,70059.66,32.0,2560.0,1440.0,1.7777777777777777,91.7877987534291,165.0,1000,350.0,IPS,1.0,3.6864,XLarge,QHD,1,0,Samsung
Lenovo Legion R45w-30,2699.0,3619.0,70192.98,44.5,5120.0,1440.0,3.5555555555555554,119.5201448168605,165.0,3000,450.0,VA,4.0,7.3728,XLarge,QHD,1,0,Lenovo
Lenovo Legion 27Q-10,899.0,994.0,21031.23,27.0,2560.0,1440.0,1.7777777777777777,108.78553926332337,240.0,1000,300.0,IPS,1.0,3.6864,Large,QHD,1,0,Lenovo
Dell S3422DWG,1797.0,2796.0,51028.229999999996,34.0,3440.0,1440.0,2.388888888888889,109.68340725465096,144.0,3000,400.0,VA,2.0,4.9536,XLarge,QHD,1,0,Dell
Viewsonic VA240-H,340.0,586.0,10287.859999999999,23.8,1920.0,1080.0,1.7777777777777777,92.55912479337388,100.0,1000,250.0,IPS,4.951367781155016,2.0736,Small,FullHD,0,0,Viewsonic
Iiyama ProLite XU2794HSU-B6,642.0,654.0,14398.56,27.0,1920.0,1080.0,1.7777777777777777,81.58915444749253,100.0,4000,250.0,VA,4.442516268980477,2.0736,Large,FullHD,0,0,Iiyama
NEC V323 PG,4315.0,4315.0,95879.29999999999,32.0,1920.0,1080.0,1.7777777777777777,68.84084906507182,85.0,1300,450.0,IPS,8.0,2.0736,XLarge,FullHD,0,0,NEC
Asus VA24EQSB,528.0,956.0,16487.239999999998,23.8,1920.0,1080.0,1.7777777777777777,92.55912479337388,75.0,1000,300.0,IPS,5.0,2.0736,Small,FullHD,0,0,Asus
LG 27BQ75QB,1189.0,1270.0,27319.489999999998,27.0,2560.0,1440.0,1.7777777777777777,108.78553926332337,75.0,1000,350.0,IPS,5.0,3.6864,Large,QHD,0,0,LG
Dahua LM24-A200,312.0,731.0,11587.73,24.0,1920.0,1080.0,1.7777777777777777,91.7877987534291,60.0,3000,220.0,VA,5.0,2.0736,Medium,FullHD,0,0,Dahua
Asus ROG Strix OLED XG27AQDMG,2483.0,2731.0,57927.53999999999,26.5,2560.0,1440.0,1.7777777777777777,110.83809660791438,240.0,1500000,275.0,OLED,1.0,3.6864,Medium,QHD,1,0,Asus
Iiyama ProLite XUB3493WQSU-B5,1438.0,2305.0,41584.729999999996,34.0,3440.0,1440.0,2.388888888888889,109.68340725465096,75.0,1000,400.0,IPS,4.0,4.9536,XLarge,QHD,0,0,Iiyama
Dahua LM22-B201S,332.0,441.0,8588.029999999999,21.45,1920.0,1080.0,1.7777777777777777,102.69963496887172,100.0,1000,250.0,IPS,4.0,2.0736,Small,FullHD,0,0,Dahua
Viewsonic VA2708-2K-HD,539.0,941.0,16442.8,27.0,2560.0,1440.0,1.7777777777777777,108.78553926332337,100.0,1000,250.0,IPS,4.951367781155016,3.6864,Large,QHD,0,0,Viewsonic
Asus VA27ECPSN,763.0,1241.0,22264.44,27.0,1920.0,1080.0,1.7777777777777777,81.58915444749253,75.0,1000,300.0,IPS,5.0,2.0736,Large,FullHD,0,0,Asus
NEC MultiSync E274FL,1102.0,1102.0,24486.44,27.0,1920.0,1080.0,1.7777777777777777,81.58915444749253,60.0,4000,250.0,VA,6.0,2.0736,Large,FullHD,0,0,NEC
Asus VA279QGS,765.0,993.0,19531.379999999997,27.0,1920.0,1080.0,1.7777777777777777,81.58915444749253,120.0,1500,350.0,IPS,4.951367781155016,2.0736,Large,FullHD,1,0,Asus
LG UltraWide 38WR85QC,3996.0,4999.0,99934.45,37.5,3840.0,1600.0,2.4,110.93333333333334,144.0,1000,450.0,IPS,1.0,6.144,XLarge,QHD,1,0,LG
Viewsonic VX3276-2K-mhd,1139.0,1308.0,27186.17,32.0,2560.0,1440.0,1.7777777777777777,91.7877987534291,60.0,1200,250.0,IPS,4.0,3.6864,XLarge,QHD,0,0,Viewsonic
Iiyama ProLite XUB3493WQSU-B6,1399.0,1590.0,33207.79,34.0,3440.0,1440.0,2.388888888888889,109.68340725465096,120.0,1000,400.0,IPS,4.951367781155016,4.9536,XLarge,QHD,1,0,Iiyama
MSI PRO MP242PMG,670.0,971.0,18231.51,23.8,1920.0,1080.0,1.7777777777777777,92.55912479337388,120.0,1500,300.0,IPS,4.0,2.0736,Small,FullHD,1,0,MSI
ASRock Phantom Gaming PG34WQ15R3A,1760.0,1803.0,39584.93,34.0,3440.0,1440.0,2.388888888888889,109.68340725465096,165.0,3000,550.0,VA,5.0,4.9536,XLarge,QHD,1,0,ASRock
BenQ PD2506Q,1569.0,1809.0,37529.579999999994,25.0,2560.0,1440.0,1.7777777777777777,117.48838240438926,60.0,1000,350.0,IPS,5.0,3.6864,Medium,QHD,0,0,BenQ
Iiyama ProLite TW1623AS-B3P,1677.0,1677.0,37262.939999999995,15.6,1920.0,1080.0,1.7777777777777777,141.21199808219862,103.74406332453826,1000,385.0,IPS,30.0,2.0736,Small,FullHD,0,0,Iiyama
NEC E507Q,3366.0,3366.0,74792.51999999999,50.0,3840.0,2160.0,1.7777777777777777,88.11628680329193,60.0,4000,350.0,VA,8.0,8.2944,XLarge,4K,0,0,NEC
Gigabyte GS34WQCA,982.0,1392.0,26375.14,34.0,3440.0,1440.0,2.388888888888889,109.68340725465096,120.0,3000,300.0,VA,4.442516268980477,4.9536,XLarge,QHD,1,0,Gigabyte
Lenovo ThinkVision P27q-30,1201.0,1929.0,34774.299999999996,27.0,2560.0,1440.0,1.7777777777777777,108.78553926332337,60.0,1000,350.0,IPS,4.0,3.6864,Large,QHD,0,0,Lenovo
Asus ZenScreen OLED MQ16AHE,1733.0,1937.0,40773.7,15.6,1920.0,1080.0,1.7777777777777777,141.21199808219862,60.0,100000,400.0,OLED,1.0,2.0736,Small,FullHD,0,0,Asus
MSI PRO MP161 E2,379.0,865.0,13820.84,15.6,1920.0,1080.0,1.7777777777777777,141.21199808219862,60.0,800,250.0,IPS,4.0,2.0736,Small,FullHD,0,0,MSI
AOC AGON AG274QXM,2830.0,4059.0,76536.79,27.0,2560.0,1440.0,1.7777777777777777,108.78553926332337,175.0,1000,600.0,IPS,1.0,3.6864,Large,QHD,1,0,AOC
LG 98UH5J-H,58715.0,58715.0,1304647.3,98.0,3840.0,2160.0,1.7777777777777777,44.95728918535303,60.0,1200,500.0,IPS,8.0,8.2944,XLarge,4K,0,0,LG
Iiyama G-Master GB2570HSU-B1,762.0,762.0,16931.64,25.0,1920.0,1080.0,1.7777777777777777,88.11628680329193,165.0,1000,400.0,IPS,4.0,2.0736,Medium,FullHD,1,0,Iiyama
KOORUI 27E1QA,909.0,909.0,20197.98,27.0,2560.0,1440.0,1.7777777777777777,108.78553926332337,144.0,3000,300.0,VA,4.442516268980477,3.6864,Large,QHD,1,0,KOORUI
Lenovo ThinkVision T27Q-40,1094.0,1791.0,32052.35,27.0,2560.0,1440.0,1.7777777777777777,108.78553926332337,120.0,1500,350.0,IPS,6.0,3.6864,Large,QHD,1,0,Lenovo
Philips 241B8QJEB,658.0,923.0,17564.91,24.0,1920.0,1080.0,1.7777777777777777,91.7877987534291,60.0,1000,250.0,IPS,5.0,2.0736,Medium,FullHD,0,0,Philips
NEC P801,61909.0,61909.0,1375617.98,80.0,1920.0,1080.0,1.7777777777777777,27.536339626028727,85.0,5000,700.0,Other,4.0,2.0736,XLarge,FullHD,0,0,NEC
Samsung Smart Monitor M50D 27,780.0,1489.0,25208.59,27.0,1920.0,1080.0,1.7777777777777777,81.58915444749253,60.0,3000,250.0,VA,4.0,2.0736,Large,FullHD,0,0,Samsung
Acer Nitro XZ452CUVbemiiphuzx,2785.0,4726.0,83447.20999999999,44.5,5120.0,1440.0,3.5555555555555554,119.5201448168605,165.0,3000,450.0,VA,4.442516268980477,7.3728,XLarge,QHD,1,0,Acer
Asus ROG Strix XG32WCMS,1594.0,2263.0,42851.27,31.5,2560.0,1440.0,1.7777777777777777,93.24474793999147,280.0,4000,350.0,VA,1.0,3.6864,Large,QHD,1,0,Asus
LG UltraGear 39GX90SA,3999.0,5499.0,105522.78,39.0,3440.0,1440.0,2.388888888888889,95.62143196559315,240.0,1500000,275.0,OLED,1.0,4.9536,XLarge,QHD,1,0,LG
AOC 27E3QAF,522.0,716.0,13754.179999999998,27.0,1920.0,1080.0,1.7777777777777777,81.58915444749253,75.0,1000,342.715043074884,IPS,4.0,2.0736,Large,FullHD,0,0,AOC
AOC Q25G4SR,979.0,1120.0,23319.89,24.5,2560.0,1440.0,1.7777777777777777,119.88610449427475,300.0,1000,400.0,IPS,1.0,3.6864,Medium,QHD,1,0,AOC
Samsung F22T450F,600.0,600.0,13332.0,22.0,1920.0,1080.0,1.7777777777777777,100.13214409464992,75.0,1000,250.0,IPS,5.0,2.0736,Small,FullHD,0,0,Samsung
AOC U27E3UF,1059.0,1131.0,24330.899999999998,27.0,3840.0,2160.0,1.7777777777777777,163.17830889498507,60.0,1000,350.0,IPS,4.0,8.2944,Large,4K,0,0,AOC
LG 27BA400,491.0,563.0,11709.939999999999,27.0,1920.0,1080.0,1.7777777777777777,81.58915444749253,100.0,1000,250.0,IPS,5.0,2.0736,Large,FullHD,0,0,LG
Hannspree HT225HPB,1200.0,1529.0,30319.19,21.5,1920.0,1080.0,1.7777777777777777,102.460798608479,60.0,1000,300.0,IPS,7.0,2.0736,Small,FullHD,0,0,Hannspree
BenQ BL2381T,1245.0,1245.0,27663.899999999998,23.0,1920.0,1200.0,1.6,98.44154224754716,60.0,1000,250.0,IPS,5.0,2.304,Small,FullHD,0,0,BenQ
MSI MAG 27CQ6PF,649.0,1177.0,20286.86,27.0,2560.0,1440.0,1.7777777777777777,108.78553926332337,180.0,5000,300.0,VA,4.442516268980477,3.6864,Large,QHD,1,0,MSI
Acer Nitro VG270Sbmiipx,590.0,932.0,16909.42,27.0,1920.0,1080.0,1.7777777777777777,81.58915444749253,165.0,1000,250.0,IPS,2.0,2.0736,Large,FullHD,1,0,Acer
Lenovo Legion R34w-30,1113.0,1342.0,27275.05,34.0,3440.0,1440.0,2.388888888888889,109.68340725465096,180.0,3000,350.0,VA,5.0,4.9536,XLarge,QHD,1,0,Lenovo
Terra 2772W PV,1022.0,1092.0,23486.539999999997,27.0,2560.0,1440.0,1.7777777777777777,108.78553926332337,75.0,1000,300.0,IPS,5.0,3.6864,Large,QHD,0,0,Terra
LG UltraFine 27U730A,1350.0,1738.0,34307.68,27.0,3840.0,2160.0,1.7777777777777777,163.17830889498507,60.0,1000,300.0,IPS,5.0,8.2944,Large,4K,0,0,LG
LG 27QP88DP,2673.0,3491.0,68482.04,27.0,2560.0,1440.0,1.7777777777777777,108.78553926332337,75.0,1000,350.0,IPS,5.0,3.6864,Large,QHD,0,0,LG
LG UltraGear 27GS95QE,2162.0,3544.0,63393.659999999996,26.5,2560.0,1440.0,1.7777777777777777,110.83809660791438,240.0,1500000,275.0,OLED,1.0,3.6864,Medium,QHD,1,0,LG
Viewsonic VG3208-4K,1441.0,1539.0,33107.799999999996,31.5,3840.0,2160.0,1.7777777777777777,139.8671219099872,60.0,3000,300.0,VA,4.0,8.2944,Large,4K,0,0,Viewsonic
HP Z24m G3,1171.0,1724.0,32163.449999999997,23.8,2560.0,1440.0,1.7777777777777777,123.41216639116517,90.0,1000,400.0,IPS,5.0,3.6864,Small,QHD,0,0,HP
Acer Nitro ED320QUS3bmiipx,889.0,935.0,20264.64,31.5,2560.0,1440.0,1.7777777777777777,93.24474793999147,180.0,3500,250.0,VA,4.442516268980477,3.6864,Large,QHD,1,0,Acer
Apple Pro Display XDR,25226.0,25226.0,560521.72,32.0,6016.0,3384.0,1.7777777777777777,215.70132707055836,60.0,1000,1000.0,IPS,4.951367781155016,20.358144,XLarge,4K,0,0,Apple
Asus TUF Gaming VG27VH1B,904.0,1147.0,22786.61,27.0,1920.0,1080.0,1.7777777777777777,81.58915444749253,165.0,3000,250.0,VA,4.0,2.0736,Large,FullHD,1,0,Asus
Asus ProArt OLED PA27DCE-K,9650.0,13165.0,253474.65,26.9,3840.0,2160.0,1.7777777777777777,163.78491970872108,60.0,1000000,200.0,OLED,1.0,8.2944,Medium,4K,0,0,Asus
Iiyama ProLite XUB2790QSUH-B1,1292.0,1706.0,33307.78,27.0,2560.0,1440.0,1.7777777777777777,108.78553926332337,100.0,1300,250.0,IPS,4.951367781155016,3.6864,Large,QHD,0,0,Iiyama
AOC 24G4XE,398.0,644.0,11576.619999999999,23.8,1920.0,1080.0,1.7777777777777777,92.55912479337388,180.0,1000,300.0,IPS,1.0,2.0736,Small,FullHD,1,0,AOC
MSI Modern MD342CQPW,1502.0,1924.0,38062.86,34.0,3440.0,1440.0,2.388888888888889,109.68340725465096,120.0,3500,300.0,VA,4.0,4.9536,XLarge,QHD,1,0,MSI
Asus MB166C,435.0,878.0,14587.429999999998,15.6,1920.0,1080.0,1.7777777777777777,141.21199808219862,60.0,800,250.0,IPS,5.0,2.0736,Small,FullHD,0,0,Asus
Eizo ColorEdge CG2700X,10949.0,14956.0,287804.55,27.0,3840.0,2160.0,1.7777777777777777,163.17830889498507,60.0,1000,500.0,IPS,13.0,8.2944,Large,4K,0,0,Eizo
Samsung ViewFinity S60D 24,704.0,1218.0,21353.42,23.8,2560.0,1440.0,1.7777777777777777,123.41216639116517,100.0,1000,350.0,IPS,5.0,3.6864,Small,QHD,0,0,Samsung
NEC V652,17990.0,22104.0,445444.33999999997,65.0,1920.0,1080.0,1.7777777777777777,33.89087953972766,85.0,4000,450.0,VA,8.0,2.0736,XLarge,FullHD,0,0,NEC
Asus ZenScreen MB17AHG,1350.0,1702.0,33907.72,17.3,1920.0,1080.0,1.7777777777777777,127.33567457123111,144.0,800,300.0,IPS,5.0,2.0736,Small,FullHD,1,0,Asus
Asus VT169HE,854.0,889.0,19364.73,15.6,1920.0,1080.0,1.7777777777777777,141.21199808219862,60.0,1000,220.0,IPS,5.0,2.0736,Small,FullHD,0,0,Asus
Philips 19S4QAB,1418.0,1418.0,31507.96,19.0,1280.0,1024.0,1.25,86.27367393593732,60.0,1000,250.0,IPS,5.0,1.31072,Small,HD,0,0,Philips
Philips Evnia 27M2N8500,2400.0,2992.0,59905.119999999995,26.5,2560.0,1440.0,1.7777777777777777,110.83809660791438,360.0,1500000,250.0,OLED,1.0,3.6864,Medium,QHD,1,0,Philips
HP P22 G4,699.0,699.0,15531.779999999999,22.0,1920.0,1080.0,1.7777777777777777,100.13214409464992,60.0,1000,250.0,IPS,5.0,2.0736,Small,FullHD,0,0,HP
Acer Nitro XV282KKVbmiipruzx,1947.0,1957.0,43373.439999999995,28.0,3840.0,2160.0,1.7777777777777777,157.3505121487356,144.0,1000,400.0,IPS,4.0,8.2944,Large,4K,1,1,Acer
Dell S2721NX,698.0,698.0,15509.56,27.0,1920.0,1080.0,1.7777777777777777,81.58915444749253,75.0,1000,300.0,IPS,4.0,2.0736,Large,FullHD,0,0,Dell
AOC G2490VXA,845.0,845.0,18775.899999999998,24.0,1920.0,1080.0,1.7777777777777777,91.7877987534291,144.0,3500,350.0,VA,4.0,2.0736,Medium,FullHD,1,0,AOC
Acer B278Kbemiqprcuzx,2198.0,2513.0,52339.21,27.0,3840.0,2160.0,1.7777777777777777,163.17830889498507,60.0,1000,350.0,IPS,4.0,8.2944,Large,4K,0,0,Acer
Gigabyte Aorus FO32U2P,3999.0,6479.0,116410.57999999999,31.5,3840.0,2160.0,1.7777777777777777,139.8671219099872,240.0,1500000,250.0,OLED,1.0,8.2944,Large,4K,1,1,Gigabyte
NEC C751Q,17007.0,17007.0,377895.54,75.0,4096.0,2160.0,1.8962962962962964,61.74185110423706,60.0,1200,350.0,IPS,8.0,8.84736,XLarge,4K,0,0,NEC
BenQ GW2486TC,734.0,1008.0,19353.62,23.8,1920.0,1080.0,1.7777777777777777,92.55912479337388,100.0,1300,250.0,IPS,5.0,2.0736,Small,FullHD,0,0,BenQ
Eizo FlexScan EV2785,3454.0,3454.0,76747.87999999999,27.0,3840.0,2160.0,1.7777777777777777,163.17830889498507,61.0,1300,350.0,IPS,5.0,8.2944,Large,4K,0,0,Eizo
NEC MultiSync UX552,25800.0,25800.0,573276.0,55.0,1920.0,1080.0,1.7777777777777777,40.05285763785997,60.0,4000,700.0,VA,8.0,2.0736,XLarge,FullHD,0,0,NEC
Samsung Essential Monitor S32GF 27,469.0,470.0,10432.289999999999,27.0,1920.0,1080.0,1.7777777777777777,81.58915444749253,120.0,1000,250.0,IPS,5.0,2.0736,Large,FullHD,1,0,Samsung
Philips 243B1,918.0,1521.0,27097.289999999997,24.0,1920.0,1080.0,1.7777777777777777,91.7877987534291,75.0,1000,250.0,IPS,4.0,2.0736,Medium,FullHD,0,0,Philips
Iiyama ProLite XUB2497HSN-B2,747.0,1050.0,19964.67,23.8,1920.0,1080.0,1.7777777777777777,92.55912479337388,100.0,1300,300.0,IPS,4.951367781155016,2.0736,Small,FullHD,0,0,Iiyama
Asus ROG Strix XG32UQ,2819.0,5723.0,94901.62,32.0,3840.0,2160.0,1.7777777777777777,137.68169813014364,160.0,1000,600.0,IPS,1.0,8.2944,XLarge,4K,1,1,Asus
Lenovo T34w-30,2041.0,3305.0,59394.06,34.0,3440.0,1440.0,2.388888888888889,109.68340725465096,60.0,3000,350.0,VA,6.0,4.9536,XLarge,QHD,0,0,Lenovo
HP P24 G4,559.0,793.0,15020.72,24.0,1920.0,1080.0,1.7777777777777777,91.7877987534291,60.0,1000,250.0,IPS,5.0,2.0736,Medium,FullHD,0,0,HP
Lenovo T23i-30,1024.0,1376.0,26664.0,23.0,1920.0,1080.0,1.7777777777777777,95.77857261227383,60.0,1000,250.0,IPS,4.0,2.0736,Small,FullHD,0,0,Lenovo
Cooler Master GA271,722.0,722.0,16042.839999999998,27.0,2560.0,1440.0,1.7777777777777777,108.78553926332337,100.0,4000,250.0,VA,4.442516268980477,3.6864,Large,QHD,0,0,Cooler Master
NEC X401S,6577.0,7451.0,155851.08,40.0,1920.0,1080.0,1.7777777777777777,55.072679252057455,85.0,3500,700.0,VA,8.0,2.0736,XLarge,FullHD,0,0,NEC
AOC 24V5CW,779.0,843.0,18020.42,23.8,1920.0,1080.0,1.7777777777777777,92.55912479337388,75.0,1000,342.715043074884,IPS,4.0,2.0736,Small,FullHD,0,0,AOC
BenQ GW2790,411.0,564.0,10832.25,27.0,1920.0,1080.0,1.7777777777777777,81.58915444749253,100.0,1300,250.0,IPS,5.0,2.0736,Large,FullHD,0,0,BenQ
BenQ BL3290QT,999.0,2176.0,35274.25,31.5,2560.0,1440.0,1.7777777777777777,93.24474793999147,75.0,1000,350.0,IPS,5.0,3.6864,Large,QHD,0,0,BenQ
Viewsonic IFP7550-5,10475.0,16700.0,301914.25,75.0,3840.0,2160.0,1.7777777777777777,58.74419120219462,60.0,1200,450.0,IPS,8.0,8.2944,XLarge,4K,0,0,Viewsonic
BenQ Zowie XL2566X+,2499.0,3078.0,61960.469999999994,24.1,1920.0,1080.0,1.7777777777777777,91.40693651793768,400.0,1000,320.0,TN,4.1020408163265305,2.0736,Medium,FullHD,1,0,BenQ
AOC AGON PRO AG276QKD2,4359.0,4359.0,96856.98,26.5,2560.0,1440.0,1.7777777777777777,110.83809660791438,500.0,1500000,300.0,OLED,1.0,3.6864,Medium,QHD,1,0,AOC
Acer Vero B247YDbmiprczx,679.0,764.0,16031.73,23.8,1920.0,1080.0,1.7777777777777777,92.55912479337388,75.0,1000,250.0,IPS,4.0,2.0736,Small,FullHD,0,0,Acer
Viewsonic VX3276-4K-mhd,1573.0,2044.0,40184.869999999995,32.0,3840.0,2160.0,1.7777777777777777,137.68169813014364,60.0,2500,300.0,VA,4.0,8.2944,XLarge,4K,0,0,Viewsonic
Verbatim PMT-14,613.0,922.0,17053.85,14.0,1920.0,1080.0,1.7777777777777777,157.3505121487356,103.74406332453826,1000,250.0,IPS,6.0,2.0736,Small,FullHD,0,0,Verbatim
Lenovo ThinkVision S27i-30,504.0,671.0,13054.25,27.0,1920.0,1080.0,1.7777777777777777,81.58915444749253,100.0,1300,300.0,IPS,6.0,2.0736,Large,FullHD,0,0,Lenovo
Acer Vero B227QEbmiprxv,652.0,702.0,15042.939999999999,21.5,1920.0,1080.0,1.7777777777777777,102.460798608479,100.0,1000,250.0,VA,4.0,2.0736,Small,FullHD,0,0,Acer
AOC CU34P3CV,1284.0,1745.0,33652.189999999995,34.0,3440.0,1440.0,2.388888888888889,109.68340725465096,100.0,3000,300.0,VA,4.0,4.9536,XLarge,QHD,0,0,AOC
BenQ Mobiuz EX2710U,2228.0,2622.0,53883.5,27.0,3840.0,2160.0,1.7777777777777777,163.17830889498507,144.0,1000,300.0,IPS,1.0,8.2944,Large,4K,1,1,BenQ
Iiyama ProLite XU2792UHSU-B6,1075.0,1365.0,27108.399999999998,27.0,3840.0,2160.0,1.7777777777777777,163.17830889498507,60.0,1300,350.0,IPS,4.0,8.2944,Large,4K,0,0,Iiyama
Philips 275S9JML,592.0,941.0,17031.629999999997,27.0,2560.0,1440.0,1.7777777777777777,108.78553926332337,75.0,4000,300.0,VA,4.0,3.6864,Large,QHD,0,0,Philips
AOC 24P3CV,793.0,1002.0,19942.45,23.8,1920.0,1080.0,1.7777777777777777,92.55912479337388,75.0,1000,300.0,IPS,4.0,2.0736,Small,FullHD,0,0,AOC
Asus TUF Gaming VG27VQ3B,674.0,869.0,17142.73,27.0,1920.0,1080.0,1.7777777777777777,81.58915444749253,180.0,3000,250.0,VA,1.0,2.0736,Large,FullHD,1,0,Asus
Asus VA27DQFS,664.0,789.0,16142.83,27.0,1920.0,1080.0,1.7777777777777777,81.58915444749253,100.0,1000,300.0,IPS,4.951367781155016,2.0736,Large,FullHD,0,0,Asus
Lenovo G27-20,595.0,848.0,16031.73,27.0,1920.0,1080.0,1.7777777777777777,81.58915444749253,144.0,1000,400.0,IPS,5.0,2.0736,Large,FullHD,1,0,Lenovo
Samsung QM55R-B,5706.0,5706.0,126787.31999999999,55.0,3840.0,2160.0,1.7777777777777777,80.10571527571994,126.92706645056727,4000,500.0,VA,8.0,8.2944,XLarge,4K,1,1,Samsung
Iiyama ProLite LH5581UHSG-1AG,4430.0,6332.0,119565.81999999999,54.6,3840.0,2160.0,1.7777777777777777,80.69257033268492,60.0,5000,500.0,VA,4.442516268980477,8.2944,XLarge,4K,0,0,Iiyama
ASRock Phantom Gaming PG27FRS1A,778.0,962.0,19331.399999999998,27.0,1920.0,1080.0,1.7777777777777777,81.58915444749253,280.0,4000,300.0,VA,4.442516268980477,2.0736,Large,FullHD,1,0,ASRock
MSI PRO MP242AP,479.0,758.0,13743.07,23.8,1920.0,1080.0,1.7777777777777777,92.55912479337388,100.0,1000,300.0,IPS,4.0,2.0736,Small,FullHD,0,0,MSI
MSI G27C3F,664.0,890.0,17264.94,27.0,1920.0,1080.0,1.7777777777777777,81.58915444749253,180.0,3000,300.0,VA,1.0,2.0736,Large,FullHD,1,0,MSI
AOC C24G2AE,572.0,794.0,15176.259999999998,24.0,1920.0,1080.0,1.7777777777777777,91.7877987534291,165.0,3000,250.0,VA,4.0,2.0736,Medium,FullHD,1,0,AOC
LC-Power LC-M27-4K-UHD-144,1419.0,2146.0,39607.15,27.0,3840.0,2160.0,1.7777777777777777,163.17830889498507,144.0,1000,350.0,IPS,8.0,8.2944,Large,4K,1,1,LC-Power
HP 324pe,490.0,701.0,13232.01,23.8,1920.0,1080.0,1.7777777777777777,92.55912479337388,100.0,1000,250.0,IPS,5.0,2.0736,Small,FullHD,0,0,HP
AOC 25G3ZM,545.0,841.0,15398.46,24.5,1920.0,1080.0,1.7777777777777777,89.91457837070605,240.0,3000,300.0,VA,1.0,2.0736,Medium,FullHD,1,0,AOC
Asus VA279HG,493.0,678.0,13009.81,27.0,1920.0,1080.0,1.7777777777777777,81.58915444749253,120.0,1500,300.0,IPS,4.951367781155016,2.0736,Large,FullHD,1,0,Asus
MSI MAG 321CUPDF,2593.0,3407.0,66660.0,31.5,3840.0,2160.0,1.7777777777777777,139.8671219099872,160.0,3000,350.0,VA,4.442516268980477,8.2944,Large,4K,1,1,MSI
Samsung ViewFinity S95UC 49,3566.0,4852.0,93523.98,49.0,5120.0,1440.0,3.5555555555555554,108.54380498674065,120.0,3000,350.0,VA,5.0,7.3728,XLarge,QHD,1,0,Samsung
ASRock Phantom Gaming PG34QRT3A,1749.0,1993.0,41573.619999999995,34.0,3440.0,1440.0,2.388888888888889,109.68340725465096,180.0,4000,500.0,VA,4.442516268980477,4.9536,XLarge,QHD,1,0,ASRock
LG UltraGear 32GS60QC,776.0,999.0,19720.25,31.5,2560.0,1440.0,1.7777777777777777,93.24474793999147,180.0,3000,300.0,VA,1.0,3.6864,Large,QHD,1,0,LG
Acer Predator XB273UV3bmiiprzx,1300.0,1300.0,28886.0,27.0,2560.0,1440.0,1.7777777777777777,108.78553926332337,180.0,1000,400.0,IPS,4.951367781155016,3.6864,Large,QHD,1,0,Acer
Lenovo P34w-20,2268.0,4674.0,77125.62,34.0,3440.0,1440.0,2.388888888888889,109.68340725465096,60.0,1000,300.0,IPS,4.0,4.9536,XLarge,QHD,0,0,Lenovo
Redragon Amber II,769.0,826.0,17720.45,27.0,1920.0,1080.0,1.7777777777777777,81.58915444749253,180.0,3000,250.0,VA,4.442516268980477,2.0736,Large,FullHD,1,0,Redragon
Viewsonic VG2709-2K-MHDU-2,1037.0,1360.0,26630.67,27.0,2560.0,1440.0,1.7777777777777777,108.78553926332337,100.0,1000,350.0,IPS,4.0,3.6864,Large,QHD,0,0,Viewsonic
Dahua LM25-E231B,425.0,535.0,10665.599999999999,24.5,1920.0,1080.0,1.7777777777777777,89.91457837070605,180.0,1000,300.0,IPS,4.951367781155016,2.0736,Medium,FullHD,1,0,Dahua
Acer KA242YGbip,374.0,580.0,10598.939999999999,23.8,1920.0,1080.0,1.7777777777777777,92.55912479337388,120.0,1000,250.0,IPS,4.0,2.0736,Small,FullHD,1,0,Acer
Samsung Odyssey OLED G81SF 32,3689.0,5048.0,97068.06999999999,31.5,3840.0,2160.0,1.7777777777777777,139.8671219099872,240.0,1000000,260.0,OLED,1.0,8.2944,Large,4K,1,1,Samsung
Iiyama ProLite XCB3497WQSNP-B1,1351.0,1704.0,33941.049999999996,34.0,3440.0,1440.0,2.388888888888889,109.68340725465096,120.0,3000,350.0,VA,4.442516268980477,4.9536,XLarge,QHD,1,0,Iiyama
Philips 242B1,660.0,946.0,17842.66,24.0,1920.0,1080.0,1.7777777777777777,91.7877987534291,75.0,1000,250.0,IPS,4.0,2.0736,Medium,FullHD,0,0,Philips
Acer PD163Qbmiuux,1099.0,2003.0,34463.22,15.6,1920.0,1080.0,1.7777777777777777,141.21199808219862,60.0,1000,250.0,IPS,8.0,2.0736,Small,FullHD,0,0,Acer
Asus ROG Swift OLED PG39WCDM,6500.0,7005.0,150040.55,39.0,3440.0,1440.0,2.388888888888889,95.62143196559315,240.0,1500000,275.0,OLED,1.0,4.9536,XLarge,QHD,1,0,Asus
AOC Q27G4XF,700.0,1066.0,19620.26,27.0,2560.0,1440.0,1.7777777777777777,108.78553926332337,180.0,1000,300.0,IPS,1.0,3.6864,Large,QHD,1,0,AOC
Hannspree HC272PFB,1028.0,1028.0,22842.16,27.0,2560.0,1440.0,1.7777777777777777,108.78553926332337,75.0,1000,300.0,VA,4.0,3.6864,Large,QHD,0,0,Hannspree
Acer CB272Ebmiprx,600.0,600.0,13332.0,27.0,1920.0,1080.0,1.7777777777777777,81.58915444749253,100.0,1000,250.0,IPS,4.951367781155016,2.0736,Large,FullHD,0,0,Acer
NEC X555UNS,643.0,643.0,14287.46,55.0,1920.0,1080.0,1.7777777777777777,40.05285763785997,85.0,1200,700.0,IPS,12.0,2.0736,XLarge,FullHD,0,0,NEC
Asus VA27ACFSN,1065.0,1696.0,30674.71,27.0,2560.0,1440.0,1.7777777777777777,108.78553926332337,100.0,1300,350.0,IPS,5.0,3.6864,Large,QHD,0,0,Asus
LC-Power LC-M49-DQHD-120-C-Q,3254.0,3857.0,79003.20999999999,49.0,5120.0,1440.0,3.5555555555555554,108.54380498674065,120.0,3000,400.0,Other,6.0,7.3728,XLarge,QHD,1,0,LC-Power
Acer SA273G0bi,492.0,492.0,10932.24,27.0,1920.0,1080.0,1.7777777777777777,81.58915444749253,120.0,1500,250.0,IPS,4.0,2.0736,Large,FullHD,1,0,Acer
Iiyama G-Master GB2770QSU-B6,849.0,1231.0,23108.8,27.0,2560.0,1440.0,1.7777777777777777,108.78553926332337,180.0,1200,400.0,IPS,4.951367781155016,3.6864,Large,QHD,1,0,Iiyama
Dell S2722QC,1366.0,2467.0,42584.63,27.0,3840.0,2160.0,1.7777777777777777,163.17830889498507,60.0,1000,350.0,IPS,4.0,8.2944,Large,4K,0,0,Dell
AOC 24P4U,699.0,738.0,15965.07,23.8,1920.0,1080.0,1.7777777777777777,92.55912479337388,120.0,1500,300.0,IPS,4.0,2.0736,Small,FullHD,1,0,AOC
Samsung QH43C,2622.0,5269.0,87669.01,42.5,3840.0,2160.0,1.7777777777777777,103.66621976857874,60.0,4000,700.0,VA,8.0,8.2944,XLarge,4K,0,0,Samsung
MSI G2712F,550.0,703.0,13920.83,27.0,1920.0,1080.0,1.7777777777777777,81.58915444749253,180.0,1000,300.0,IPS,1.0,2.0736,Large,FullHD,1,0,MSI
Iiyama ProLite T2454MSC-B2AG,1322.0,1730.0,33907.72,23.8,1920.0,1080.0,1.7777777777777777,92.55912479337388,75.0,1000,300.0,IPS,4.0,2.0736,Small,FullHD,0,0,Iiyama
Samsung QB43N,4289.0,5469.0,108411.37999999999,43.0,3840.0,2160.0,1.7777777777777777,102.460798608479,60.0,5000,350.0,Other,8.0,8.2944,XLarge,4K,0,0,Samsung
Acer Predator X34V3bmiiphuzx,2663.0,3499.0,68459.81999999999,34.0,3440.0,1440.0,2.388888888888889,109.68340725465096,180.0,4000,1000.0,VA,4.442516268980477,4.9536,XLarge,QHD,1,0,Acer
Iiyama ProLite TF2438MSC-B1,2090.0,2293.0,48695.13,23.8,1920.0,1080.0,1.7777777777777777,92.55912479337388,60.0,1000,525.0,IPS,5.0,2.0736,Small,FullHD,0,0,Iiyama
Philips 272E2FA,604.0,800.0,15598.439999999999,27.0,1920.0,1080.0,1.7777777777777777,81.58915444749253,75.0,1000,350.0,IPS,4.0,2.0736,Large,FullHD,0,0,Philips
Samsung MD55B,7214.0,7214.0,160295.08,55.0,1920.0,1080.0,1.7777777777777777,40.05285763785997,75.0,5000,350.0,TN,8.0,2.0736,XLarge,FullHD,0,0,Samsung
LG 32UR550,1156.0,1415.0,28563.809999999998,31.5,3840.0,2160.0,1.7777777777777777,139.8671219099872,60.0,3000,250.0,VA,4.0,8.2944,Large,4K,0,0,LG
KOORUI 27E3QK,1709.0,1709.0,37973.979999999996,27.0,2560.0,1440.0,1.7777777777777777,108.78553926332337,240.0,1000,342.715043074884,IPS,1.0,3.6864,Large,QHD,1,0,KOORUI
Dahua LM27-B200,528.0,755.0,14254.13,27.0,1920.0,1080.0,1.7777777777777777,81.58915444749253,100.0,3000,250.0,VA,5.0,2.0736,Large,FullHD,0,0,Dahua
Dell Alienware AW2724HF,1129.0,2409.0,39307.18,27.0,1920.0,1080.0,1.7777777777777777,81.58915444749253,360.0,1000,400.0,IPS,1.0,2.0736,Large,FullHD,1,0,Dell
Dell Alienware AW3423DWF,3298.0,6183.0,105333.90999999999,34.18,3440.0,1440.0,2.388888888888889,109.1057883750185,165.0,1000000,1000.0,OLED,1.0,4.9536,XLarge,QHD,1,0,Dell
Thomson Go Plus 32UE5M45,3458.0,3500.0,77303.37999999999,31.5,3840.0,2160.0,1.7777777777777777,139.8671219099872,60.0,3000,220.0,VA,4.442516268980477,8.2944,Large,4K,0,0,Thomson
LG UltraGear 32GX870A,4799.0,4999.0,108855.78,31.5,3840.0,2160.0,1.7777777777777777,139.8671219099872,240.0,1500000,275.0,OLED,1.0,8.2944,Large,4K,1,1,LG
Iiyama ProLite XUB2496HSU-B1,801.0,801.0,17798.219999999998,24.0,1920.0,1080.0,1.7777777777777777,91.7877987534291,75.0,1000,250.0,IPS,4.0,2.0736,Medium,FullHD,0,0,Iiyama
Acer Predator XB273UGXbmiipruzx,3659.0,3659.0,81302.98,27.0,2560.0,1440.0,1.7777777777777777,108.78553926332337,270.0,1000,342.715043074884,IPS,1.0,3.6864,Large,QHD,1,0,Acer
Iiyama ProLite LH10551UWS-B1AG,25811.0,30313.0,623537.64,104.7,5120.0,2160.0,2.3703703703703702,53.07523969226286,60.0,1200,500.0,IPS,8.0,11.0592,XLarge,4K,0,0,Iiyama
Acer Vero V227QHbipv,578.0,578.0,12843.16,21.5,1920.0,1080.0,1.7777777777777777,102.460798608479,100.0,3000,250.0,VA,4.0,2.0736,Small,FullHD,0,0,Acer
Dahua LM24-H200,357.0,520.0,9743.47,23.8,1920.0,1080.0,1.7777777777777777,92.55912479337388,60.0,3000,250.0,Other,8.0,2.0736,Small,FullHD,0,0,Dahua
Iiyama ProLite XU2495WSU-B7,555.0,899.0,16153.939999999999,24.1,1920.0,1200.0,1.6,93.94835982131056,75.0,1000,300.0,IPS,4.0,2.304,Medium,FullHD,0,0,Iiyama
Asus TUF Gaming VG27AQ3A,949.0,1022.0,21897.809999999998,27.0,2560.0,1440.0,1.7777777777777777,108.78553926332337,180.0,1000,250.0,IPS,1.0,3.6864,Large,QHD,1,0,Asus
HP 734pm,4107.0,6022.0,112533.18999999999,34.0,3440.0,1440.0,2.388888888888889,109.68340725465096,120.0,2000,400.0,IPS,5.0,4.9536,XLarge,QHD,1,0,HP
Asus VA24DCP,652.0,1065.0,19075.87,24.0,1920.0,1080.0,1.7777777777777777,91.7877987534291,75.0,1000,250.0,IPS,5.0,2.0736,Medium,FullHD,0,0,Asus
Philips Evnia 24M2N3200NF,367.0,497.0,9599.039999999999,23.8,1920.0,1080.0,1.7777777777777777,92.55912479337388,144.0,1500,300.0,IPS,4.0,2.0736,Small,FullHD,1,0,Philips
Asus VU249CFE,689.0,962.0,18342.61,23.8,1920.0,1080.0,1.7777777777777777,92.55912479337388,100.0,1300,250.0,IPS,4.951367781155016,2.0736,Small,FullHD,0,0,Asus
Philips 27E1N1800AE,775.0,1072.0,20520.17,27.0,3840.0,2160.0,1.7777777777777777,163.17830889498507,60.0,1000,350.0,IPS,4.0,8.2944,Large,4K,0,0,Philips
Lenovo ThinkVision T32UD-40,2399.0,3149.0,61638.28,31.5,3840.0,2160.0,1.7777777777777777,139.8671219099872,60.0,1500,350.0,IPS,6.0,8.2944,Large,4K,0,0,Lenovo
Viewsonic VA1655,599.0,978.0,17520.469999999998,15.6,1920.0,1080.0,1.7777777777777777,141.21199808219862,60.0,800,250.0,IPS,7.0,2.0736,Small,FullHD,0,0,Viewsonic
Viewsonic VX24G1-HD,399.0,696.0,12165.449999999999,23.8,1920.0,1080.0,1.7777777777777777,92.55912479337388,180.0,1000,300.0,IPS,4.951367781155016,2.0736,Small,FullHD,1,0,Viewsonic
Iiyama ProLite XCB3494WQSU-B1,1224.0,1668.0,32130.12,34.0,3440.0,1440.0,2.388888888888889,109.68340725465096,120.0,3000,350.0,VA,4.442516268980477,4.9536,XLarge,QHD,1,0,Iiyama
Acer Vero V247YE0bi,414.0,414.0,9199.08,23.8,1920.0,1080.0,1.7777777777777777,92.55912479337388,100.0,1000,250.0,IPS,4.951367781155016,2.0736,Small,FullHD,0,0,Acer
Dahua LM27-B200S,384.0,617.0,11121.109999999999,27.0,1920.0,1080.0,1.7777777777777777,81.58915444749253,75.0,3000,250.0,VA,5.0,2.0736,Large,FullHD,0,0,Dahua
Gigabyte MO27Q28G,2670.0,2670.0,59327.399999999994,27.0,2560.0,1440.0,1.7777777777777777,108.78553926332337,280.0,1500000,335.0,OLED,1.0,3.6864,Large,QHD,1,0,Gigabyte
HP 727pm,2979.0,4509.0,83191.68,27.0,3840.0,2160.0,1.7777777777777777,163.17830889498507,60.0,2000,400.0,IPS,5.0,8.2944,Large,4K,0,0,HP
Asus VA249QG,496.0,569.0,11832.15,23.8,1920.0,1080.0,1.7777777777777777,92.55912479337388,120.0,1500,300.0,IPS,4.951367781155016,2.0736,Small,FullHD,1,0,Asus
Samsung Smart Monitor M70D 32,1097.0,1606.0,30030.329999999998,31.5,3840.0,2160.0,1.7777777777777777,139.8671219099872,60.0,3000,300.0,VA,4.0,8.2944,Large,4K,0,0,Samsung
Dell S3222DGM,1268.0,1784.0,33907.72,32.0,2560.0,1440.0,1.7777777777777777,91.7877987534291,165.0,3000,350.0,VA,2.0,3.6864,XLarge,QHD,1,0,Dell
KOORUI 24E3,465.0,757.0,13576.42,23.6,1920.0,1080.0,1.7777777777777777,93.34352415602959,165.0,1000,250.0,IPS,1.0,2.0736,Small,FullHD,1,0,KOORUI
HP V27ie G5,674.0,674.0,14976.279999999999,27.0,1920.0,1080.0,1.7777777777777777,81.58915444749253,75.0,1000,250.0,IPS,5.0,2.0736,Large,FullHD,0,0,HP
Asus VU34WCIP-W,1659.0,1659.0,36862.979999999996,34.0,3440.0,1440.0,2.388888888888889,109.68340725465096,100.0,3000,300.0,VA,4.442516268980477,4.9536,XLarge,QHD,0,0,Asus
Acer Nitro VG240YS3bmiipx,555.0,826.0,15342.91,23.8,1920.0,1080.0,1.7777777777777777,92.55912479337388,180.0,3000,250.0,VA,4.442516268980477,2.0736,Small,FullHD,1,0,Acer
AOC 27E3UM,449.0,797.0,13843.06,27.0,1920.0,1080.0,1.7777777777777777,81.58915444749253,75.0,3000,300.0,VA,4.0,2.0736,Large,FullHD,0,0,AOC
Dahua LM27-B211B,445.0,450.0,9943.449999999999,27.0,1920.0,1080.0,1.7777777777777777,81.58915444749253,120.0,1300,300.0,IPS,4.951367781155016,2.0736,Large,FullHD,1,0,Dahua
Philips 24E1N1200A,344.0,434.0,8643.58,23.8,1920.0,1080.0,1.7777777777777777,92.55912479337388,120.0,1500,300.0,IPS,4.0,2.0736,Small,FullHD,1,0,Philips
Lenovo Legion R27q-30,921.0,1395.0,25730.76,27.0,2560.0,1440.0,1.7777777777777777,108.78553926332337,165.0,1000,350.0,IPS,5.0,3.6864,Large,QHD,1,0,Lenovo
Iiyama G-Master G2766HSU-B1,639.0,1242.0,20897.91,27.0,1920.0,1080.0,1.7777777777777777,81.58915444749253,165.0,3000,250.0,VA,4.0,2.0736,Large,FullHD,1,0,Iiyama
LG UltraFine 27UP650K,893.0,1262.0,23942.05,27.0,3840.0,2160.0,1.7777777777777777,163.17830889498507,60.0,1200,400.0,IPS,5.0,8.2944,Large,4K,0,0,LG
Iiyama ProLite XUB2797HSN-B1,1055.0,1055.0,23442.1,27.0,1920.0,1080.0,1.7777777777777777,81.58915444749253,100.0,1000,250.0,IPS,4.951367781155016,2.0736,Large,FullHD,0,0,Iiyama
Acer Predator XB273UKF,3600.0,3600.0,79992.0,27.0,2560.0,1440.0,1.7777777777777777,108.78553926332337,300.0,1000,600.0,IPS,1.0,3.6864,Large,QHD,1,0,Acer
Iiyama G-Master G2470HSU-B6,476.0,719.0,13276.449999999999,23.8,1920.0,1080.0,1.7777777777777777,92.55912479337388,180.0,1000,300.0,IPS,4.951367781155016,2.0736,Small,FullHD,1,0,Iiyama
Asus TUF Gaming VG249QM1A,793.0,1175.0,21864.48,23.8,1920.0,1080.0,1.7777777777777777,92.55912479337388,270.0,1000,350.0,IPS,1.0,2.0736,Small,FullHD,1,0,Asus
AOC Q3279VWFD8,1189.0,1189.0,26419.579999999998,32.0,2560.0,1440.0,1.7777777777777777,91.7877987534291,75.0,1200,250.0,IPS,5.0,3.6864,XLarge,QHD,0,0,AOC
AOC 24P3QW,748.0,1060.0,20086.879999999997,23.8,1920.0,1080.0,1.7777777777777777,92.55912479337388,75.0,1000,300.0,IPS,4.0,2.0736,Small,FullHD,0,0,AOC
Iiyama ProLite T2752MSC-W1,1625.0,2164.0,42095.79,27.0,1920.0,1080.0,1.7777777777777777,81.58915444749253,60.0,1000,360.0,IPS,5.0,2.0736,Large,FullHD,0,0,Iiyama
Samsung QB24R,1441.0,3499.0,54883.399999999994,24.0,1920.0,1080.0,1.7777777777777777,91.7877987534291,60.0,1000,250.0,IPS,14.0,2.0736,Medium,FullHD,0,0,Samsung
Lenovo L27h-4A,800.0,800.0,17776.0,27.0,2560.0,1440.0,1.7777777777777777,108.78553926332337,100.0,1500,350.0,IPS,4.0,3.6864,Large,QHD,0,0,Lenovo
Iiyama ProLite TF2234MC-B7X,1992.0,2566.0,50639.38,21.5,1920.0,1080.0,1.7777777777777777,102.460798608479,60.0,1000,350.0,IPS,8.0,2.0736,Small,FullHD,0,0,Iiyama
MSI PRO MP275QPDG,1199.0,1861.0,33996.6,27.0,2560.0,1440.0,1.7777777777777777,108.78553926332337,100.0,1300,250.0,IPS,4.0,3.6864,Large,QHD,0,0,MSI
Philips 272E1CA,599.0,878.0,16409.469999999998,27.0,1920.0,1080.0,1.7777777777777777,81.58915444749253,75.0,3000,250.0,VA,4.0,2.0736,Large,FullHD,0,0,Philips
Iiyama ProLite XB3270QSU-B1,1000.0,1176.0,24175.36,31.5,2560.0,1440.0,1.7777777777777777,93.24474793999147,100.0,1200,250.0,IPS,3.0,3.6864,Large,QHD,0,0,Iiyama
Philips 252B9,1185.0,1379.0,28486.039999999997,25.0,1920.0,1200.0,1.6,90.56621886774339,60.0,1000,300.0,IPS,5.0,2.304,Medium,FullHD,0,0,Philips
BenQ PD2705Q,1139.0,1474.0,29030.43,27.0,2560.0,1440.0,1.7777777777777777,108.78553926332337,60.0,1000,300.0,IPS,5.0,3.6864,Large,QHD,0,0,BenQ
LG UltraFine 32UQ850V,2086.0,2906.0,55461.119999999995,31.5,3840.0,2160.0,1.7777777777777777,139.8671219099872,60.0,2000,400.0,IPS,5.0,8.2944,Large,4K,0,0,LG
MSI G244F E2,400.0,650.0,11665.5,23.8,1920.0,1080.0,1.7777777777777777,92.55912479337388,180.0,1000,300.0,IPS,1.0,2.0736,Small,FullHD,1,0,MSI
Hannspree HL247HGB,592.0,592.0,13154.24,24.0,1920.0,1080.0,1.7777777777777777,91.7877987534291,75.0,1000,250.0,IPS,5.0,2.0736,Medium,FullHD,0,0,Hannspree
Acer CB322QKsemipruzx,1471.0,1939.0,37885.1,31.5,3840.0,2160.0,1.7777777777777777,139.8671219099872,60.0,1000,350.0,IPS,4.0,8.2944,Large,4K,0,0,Acer
NEC X554UNS,31358.0,31358.0,696774.76,55.0,1920.0,1080.0,1.7777777777777777,40.05285763785997,85.0,3500,700.0,VA,8.0,2.0736,XLarge,FullHD,0,0,NEC
Asus VA279HAL,1339.0,1339.0,29752.579999999998,27.0,1920.0,1080.0,1.7777777777777777,81.58915444749253,75.0,3000,300.0,VA,6.0,2.0736,Large,FullHD,0,0,Asus
LC-Power LC-M49-DFHD-144-C,2538.0,3043.0,62004.909999999996,49.0,3840.0,1080.0,3.5555555555555554,81.40785374005549,144.0,3000,350.0,VA,8.0,4.1472,XLarge,QHD,1,0,LC-Power
Gigabyte MO32U,3234.0,4399.0,84802.62999999999,31.5,3840.0,2160.0,1.7777777777777777,139.8671219099872,165.0,1500000,250.0,OLED,1.0,8.2944,Large,4K,1,1,Gigabyte
Lenovo N27p,1246.0,1799.0,33829.95,27.0,3840.0,2160.0,1.7777777777777777,163.17830889498507,60.0,1000,350.0,IPS,4.0,8.2944,Large,4K,0,0,Lenovo
Asus ProArt PA32UCR-K,5196.0,5794.0,122098.9,32.0,3840.0,2160.0,1.7777777777777777,137.68169813014364,60.0,1000,1000.0,IPS,5.0,8.2944,XLarge,4K,0,0,Asus
Asus ROG Strix XG349C,2728.0,4632.0,81769.59999999999,34.0,3440.0,1440.0,2.388888888888889,109.68340725465096,180.0,1000,400.0,IPS,1.0,4.9536,XLarge,QHD,1,0,Asus
BenQ PD2706UA,2378.0,3100.0,60860.579999999994,27.0,3840.0,2160.0,1.7777777777777777,163.17830889498507,60.0,1200,400.0,IPS,5.0,8.2944,Large,4K,0,0,BenQ
Iiyama ProLite XU2292HSU-B6,435.0,625.0,11776.599999999999,21.5,1920.0,1080.0,1.7777777777777777,102.460798608479,100.0,1000,250.0,IPS,4.951367781155016,2.0736,Small,FullHD,0,0,Iiyama
Samsung ViewFinity S80TB 27,2053.0,2639.0,52128.119999999995,27.0,3840.0,2160.0,1.7777777777777777,163.17830889498507,60.0,1000,350.0,IPS,5.0,8.2944,Large,4K,0,0,Samsung
MSI MAG 242C,489.0,674.0,12920.929999999998,23.6,1920.0,1080.0,1.7777777777777777,93.34352415602959,180.0,3000,300.0,VA,4.442516268980477,2.0736,Small,FullHD,1,0,MSI
HP 727pu,2031.0,2968.0,55538.89,27.0,2560.0,1440.0,1.7777777777777777,108.78553926332337,120.0,2000,400.0,IPS,5.0,3.6864,Large,QHD,1,0,HP
Viewsonic VG2709-2K-MHD-2,877.0,1031.0,21197.879999999997,27.0,2560.0,1440.0,1.7777777777777777,108.78553926332337,100.0,1000,350.0,IPS,4.0,3.6864,Large,QHD,0,0,Viewsonic
Acer KA272bi,934.0,934.0,20753.48,27.0,1920.0,1080.0,1.7777777777777777,81.58915444749253,75.0,1000,250.0,IPS,4.0,2.0736,Large,FullHD,0,0,Acer
Gigabyte MO27Q2,2199.0,2960.0,57316.49,27.0,2560.0,1440.0,1.7777777777777777,108.78553926332337,240.0,1500000,250.0,OLED,1.0,3.6864,Large,QHD,1,0,Gigabyte
ASRock Phantom Gaming PG27FFX1B,1786.0,1872.0,40640.38,27.0,1920.0,1080.0,1.7777777777777777,81.58915444749253,520.0,1000,400.0,IPS,1.0,2.0736,Large,FullHD,1,0,ASRock
MSI PRO MP242A,395.0,572.0,10743.369999999999,23.8,1920.0,1080.0,1.7777777777777777,92.55912479337388,100.0,1000,300.0,IPS,4.0,2.0736,Small,FullHD,0,0,MSI
Lenovo G27qc-30,834.0,978.0,20131.32,27.0,2560.0,1440.0,1.7777777777777777,108.78553926332337,165.0,3000,350.0,VA,4.0,3.6864,Large,QHD,1,0,Lenovo
Asus ProArt PA278QV,930.0,1699.0,29208.19,27.0,2560.0,1440.0,1.7777777777777777,108.78553926332337,75.0,1000,350.0,Other,5.0,3.6864,Large,QHD,0,0,Asus
Neovo SC-2203,652.0,718.0,15220.699999999999,21.5,1920.0,1080.0,1.7777777777777777,102.460798608479,75.0,1000,280.0,VA,5.0,2.0736,Small,FullHD,0,0,Neovo
Neovo LA-2403,973.0,973.0,21620.059999999998,23.8,1920.0,1080.0,1.7777777777777777,92.55912479337388,100.0,1000,250.0,IPS,5.0,2.0736,Small,FullHD,0,0,Neovo
Philips 325E1C,765.0,1061.0,20286.86,32.0,2560.0,1440.0,1.7777777777777777,91.7877987534291,75.0,3000,250.0,VA,4.0,3.6864,XLarge,QHD,0,0,Philips
AOC 24G4HA,488.0,842.0,14776.3,23.8,1920.0,1080.0,1.7777777777777777,92.55912479337388,200.0,1000,300.0,IPS,1.0,2.0736,Small,FullHD,1,0,AOC
Acer CZ342CURHbmiphuzx,1454.0,1538.0,33241.119999999995,34.0,3440.0,1440.0,2.388888888888889,109.68340725465096,100.0,3000,300.0,VA,4.442516268980477,4.9536,XLarge,QHD,0,0,Acer
Iiyama ProLite XU2793HS-B7,445.0,616.0,11787.71,27.0,1920.0,1080.0,1.7777777777777777,81.58915444749253,100.0,1300,300.0,IPS,4.951367781155016,2.0736,Large,FullHD,0,0,Iiyama
Lenovo Legion R27qc-30,789.0,1129.0,21308.98,27.0,2560.0,1440.0,1.7777777777777777,108.78553926332337,180.0,3000,350.0,VA,4.442516268980477,3.6864,Large,QHD,1,0,Lenovo
LG 49XS4J,8456.0,8456.0,187892.31999999998,49.0,1920.0,1080.0,1.7777777777777777,44.95728918535303,60.0,1300,4000.0,IPS,8.0,2.0736,XLarge,FullHD,0,0,LG
Lenovo M14,801.0,1644.0,27163.949999999997,14.0,1920.0,1080.0,1.7777777777777777,157.3505121487356,60.0,700,300.0,IPS,6.0,2.0736,Small,FullHD,0,0,Lenovo
Philips 276B1,1183.0,2684.0,42962.369999999995,27.0,2560.0,1440.0,1.7777777777777777,108.78553926332337,75.0,1000,300.0,IPS,4.0,3.6864,Large,QHD,0,0,Philips
Asus TUF Gaming VG27VQM,790.0,1448.0,24864.18,27.0,1920.0,1080.0,1.7777777777777777,81.58915444749253,240.0,3000,350.0,VA,4.442516268980477,2.0736,Large,FullHD,1,0,Asus
Acer Vero CB243Ybemipruzxv,500.0,691.0,13232.01,23.8,1920.0,1080.0,1.7777777777777777,92.55912479337388,75.0,1000,250.0,IPS,4.951367781155016,2.0736,Small,FullHD,0,0,Acer
AOC 24P2QM,561.0,803.0,15154.039999999999,24.0,1920.0,1080.0,1.7777777777777777,91.7877987534291,75.0,3000,250.0,VA,4.0,2.0736,Medium,FullHD,0,0,AOC
Samsung QM85R-B,15730.0,16989.0,363508.08999999997,85.0,3840.0,2160.0,1.7777777777777777,51.83310988428937,126.92706645056727,4000,500.0,VA,8.0,8.2944,XLarge,4K,1,1,Samsung
Iiyama ProLite LH6541UHS-B1AG,3730.0,4416.0,90502.06,64.5,3840.0,2160.0,1.7777777777777777,68.30719907231932,60.0,5000,500.0,VA,4.442516268980477,8.2944,XLarge,4K,0,0,Iiyama
Arzopa A1S,365.0,395.0,8443.6,14.0,1920.0,1080.0,1.7777777777777777,157.3505121487356,60.0,800,250.0,IPS,4.951367781155016,2.0736,Small,FullHD,0,0,Arzopa
HP P27h G5,684.0,1887.0,28563.809999999998,27.0,1920.0,1080.0,1.7777777777777777,81.58915444749253,75.0,1000,250.0,IPS,5.0,2.0736,Large,FullHD,0,0,HP
BenQ BL2780,608.0,1178.0,19842.46,27.0,1920.0,1080.0,1.7777777777777777,81.58915444749253,60.0,1000,250.0,IPS,5.0,2.0736,Large,FullHD,0,0,BenQ
Viewsonic ID2456,3783.0,3783.0,84058.26,23.8,1920.0,1080.0,1.7777777777777777,92.55912479337388,60.0,1000,250.0,IPS,5.0,2.0736,Small,FullHD,0,0,Viewsonic
AOC Q27G42ZE,830.0,1157.0,22075.57,27.0,2560.0,1440.0,1.7777777777777777,108.78553926332337,240.0,1000,300.0,IPS,1.0,3.6864,Large,QHD,1,0,AOC
AOC AGON PRO PD49,5709.0,6359.0,134075.47999999998,49.0,5120.0,1440.0,3.5555555555555554,108.54380498674065,240.0,1000,294.84496124031006,OLED,1.0,7.3728,XLarge,QHD,1,0,AOC
Acer Vero B247YDEbmiprczxv,827.0,827.0,18375.94,23.8,1920.0,1080.0,1.7777777777777777,92.55912479337388,100.0,1000,250.0,IPS,4.0,2.0736,Small,FullHD,0,0,Acer
Viewsonic VX3418C-2K,999.0,1380.0,26430.69,34.0,3440.0,1440.0,2.388888888888889,109.68340725465096,180.0,4000,250.0,VA,4.442516268980477,4.9536,XLarge,QHD,1,0,Viewsonic
BenQ PD2730S,4799.0,5678.0,116399.47,27.0,5120.0,2880.0,1.7777777777777777,217.57107852664674,60.0,2000,400.0,IPS,5.0,14.7456,Large,4K,0,0,BenQ
Lenovo ThinkVision P32pz-30,3409.0,6656.0,111822.15,31.5,3840.0,2160.0,1.7777777777777777,139.8671219099872,60.0,1000,650.0,IPS,4.0,8.2944,Large,4K,0,0,Lenovo
Acer Vero B227QEwmiprzxv,653.0,842.0,16609.45,21.5,1920.0,1080.0,1.7777777777777777,102.460798608479,100.0,1000,250.0,IPS,4.0,2.0736,Small,FullHD,0,0,Acer
Philips Evnia 34M2C5501A,1399.0,1916.0,36829.65,34.0,3440.0,1440.0,2.388888888888889,109.68340725465096,180.0,4000,300.0,VA,1.0,4.9536,XLarge,QHD,1,0,Philips
Cooler Master GA2701S,412.0,412.0,9154.64,27.0,1920.0,1080.0,1.7777777777777777,81.58915444749253,100.0,1000,250.0,IPS,4.951367781155016,2.0736,Large,FullHD,0,0,Cooler Master
ProXtend X2K27A,1258.0,1258.0,27952.76,27.0,2560.0,1440.0,1.7777777777777777,108.78553926332337,144.0,4000,350.0,VA,1.0,3.6864,Large,QHD,1,0,ProXtend
AOC 24V5CE,774.0,774.0,17198.28,23.8,1920.0,1080.0,1.7777777777777777,92.55912479337388,75.0,1000,300.0,IPS,4.0,2.0736,Small,FullHD,0,0,AOC
MSI MPG 491CQP QD-OLED,3899.0,8168.0,134064.37,49.0,5120.0,1440.0,3.5555555555555554,108.54380498674065,144.0,1500000,250.0,OLED,1.0,7.3728,XLarge,QHD,1,0,MSI
HP OMEN 27qs,1219.0,2280.0,38873.89,27.0,2560.0,1440.0,1.7777777777777777,108.78553926332337,240.0,1000,400.0,IPS,1.0,3.6864,Large,QHD,1,0,HP
Acer CB242Ybmiprx,707.0,1739.0,27175.059999999998,24.0,1920.0,1080.0,1.7777777777777777,91.7877987534291,75.0,1000,250.0,IPS,4.0,2.0736,Medium,FullHD,0,0,Acer
BenQ GW2780,479.0,764.0,13809.73,27.0,1920.0,1080.0,1.7777777777777777,81.58915444749253,60.0,1000,250.0,IPS,5.0,2.0736,Large,FullHD,0,0,BenQ
Eizo FlexScan EV2740X-WT,3881.0,4343.0,91368.64,27.0,3840.0,2160.0,1.7777777777777777,163.17830889498507,60.0,2000,350.0,IPS,5.0,8.2944,Large,4K,0,0,Eizo
Philips 275S1AE,686.0,950.0,18175.96,27.0,2560.0,1440.0,1.7777777777777777,108.78553926332337,75.0,1000,300.0,IPS,4.0,3.6864,Large,QHD,0,0,Philips
NEC MultiSync WD551,4786.0,9800.0,162050.46,55.0,3840.0,2160.0,1.7777777777777777,80.10571527571994,60.0,1200,400.0,IPS,8.0,8.2944,XLarge,4K,0,0,NEC
Philips 243B1JH,1222.0,3789.0,55672.21,24.0,1920.0,1080.0,1.7777777777777777,91.7877987534291,75.0,1000,250.0,IPS,4.0,2.0736,Medium,FullHD,0,0,Philips
Iiyama ProLite XUB2395WSU-B5,664.0,854.0,16864.98,22.5,1920.0,1200.0,1.6,100.62913207527043,75.0,1000,250.0,IPS,4.0,2.304,Small,FullHD,0,0,Iiyama
BenQ RD280UA,2597.0,3245.0,64904.619999999995,28.2,3840.0,2560.0,1.5,163.65622810616688,60.0,1200,350.0,IPS,5.0,9.8304,Large,4K,0,0,BenQ
Viewsonic TD1630-3,899.0,1217.0,23508.76,15.6,1366.0,768.0,1.7786458333333333,100.45466986113651,60.0,500,220.0,TN,12.0,1.049088,Small,HD,0,0,Viewsonic
HP P24 G5,585.0,585.0,12998.699999999999,23.8,1920.0,1080.0,1.7777777777777777,92.55912479337388,75.0,1000,250.0,IPS,5.0,2.0736,Small,FullHD,0,0,HP
Viewsonic VX2780-2K,1977.0,1977.0,43928.939999999995,27.0,2560.0,1440.0,1.7777777777777777,108.78553926332337,170.0,1000,350.0,IPS,4.951367781155016,3.6864,Large,QHD,1,0,Viewsonic
Eizo ColorEdge CS2400R,2413.0,3741.0,68370.94,24.1,1920.0,1200.0,1.6,93.94835982131056,60.0,1000,120.0,IPS,14.0,2.304,Medium,FullHD,0,0,Eizo
Philips 221B8LHEB,574.0,629.0,13365.33,22.0,1920.0,1080.0,1.7777777777777777,100.13214409464992,60.0,1000,250.0,TN,1.0,2.0736,Small,FullHD,0,0,Philips
Asus ZenScreen MB169CK,474.0,559.0,11476.63,15.6,1920.0,1080.0,1.7777777777777777,141.21199808219862,60.0,800,250.0,IPS,5.0,2.0736,Small,FullHD,0,0,Asus
Samsung ViewFinity S80PB 32,2179.0,3505.0,63149.24,32.0,3840.0,2160.0,1.7777777777777777,137.68169813014364,60.0,1000,350.0,IPS,5.0,8.2944,XLarge,4K,0,0,Samsung
Samsung Odyssey OLED G60SD 27,2750.0,4199.0,77203.39,27.0,2560.0,1440.0,1.7777777777777777,108.78553926332337,360.0,1000000,250.0,OLED,1.0,3.6864,Large,QHD,1,0,Samsung
Asus ROG Swift PG32UQXR,3010.0,8650.0,129542.59999999999,32.0,3840.0,2160.0,1.7777777777777777,137.68169813014364,160.0,1000,1000.0,IPS,1.0,8.2944,XLarge,4K,1,1,Asus
MSI G244F,1094.0,1094.0,24308.68,23.8,1920.0,1080.0,1.7777777777777777,92.55912479337388,170.0,1000,250.0,IPS,1.0,2.0736,Small,FullHD,1,0,MSI
Acer B276HULAymiidprz,1510.0,1510.0,33552.2,27.0,2560.0,1440.0,1.7777777777777777,108.78553926332337,60.0,1000,350.0,VA,6.0,3.6864,Large,QHD,0,0,Acer
Asus TUF Gaming VG279QL1A,799.0,1554.0,26141.829999999998,27.0,1920.0,1080.0,1.7777777777777777,81.58915444749253,165.0,1000,400.0,IPS,4.0,2.0736,Large,FullHD,1,0,Asus
Viewsonic VG2757V-2K,1899.0,2699.0,51083.78,27.0,2560.0,1440.0,1.7777777777777777,108.78553926332337,100.0,1300,350.0,IPS,5.0,3.6864,Large,QHD,0,0,Viewsonic
Asus ZenScreen MB165B,409.0,722.0,12565.41,15.6,1366.0,768.0,1.7786458333333333,100.45466986113651,60.0,500,220.0,TN,4.1020408163265305,1.049088,Small,HD,0,0,Asus
Asus TUF Gaming VG27VQ,782.0,1162.0,21597.84,27.0,1920.0,1080.0,1.7777777777777777,81.58915444749253,165.0,3000,400.0,VA,4.0,2.0736,Large,FullHD,1,0,Asus
Acer Nitro ED340CUJ0bmiipx,994.0,1125.0,23542.09,34.0,3440.0,1440.0,2.388888888888889,109.68340725465096,120.0,4000,250.0,VA,4.442516268980477,4.9536,XLarge,QHD,1,0,Acer
Asus ProArt OLED PA32DC,13699.0,19393.0,367652.12,31.5,3840.0,2160.0,1.7777777777777777,139.8671219099872,60.0,1000000,250.0,OLED,1.0,8.2944,Large,4K,0,0,Asus
Iiyama ProLite XUB2790QSUH-B2,1099.0,1217.0,25730.76,27.0,2560.0,1440.0,1.7777777777777777,108.78553926332337,100.0,1300,250.0,IPS,4.951367781155016,3.6864,Large,QHD,0,0,Iiyama
MSI MAG 256F,391.0,391.0,8688.02,24.5,1920.0,1080.0,1.7777777777777777,89.91457837070605,180.0,1000,250.0,IPS,1.0,2.0736,Medium,FullHD,1,0,MSI
Gigabyte GS27FC,499.0,779.0,14198.58,27.0,1920.0,1080.0,1.7777777777777777,81.58915444749253,180.0,3000,250.0,VA,4.442516268980477,2.0736,Large,FullHD,1,0,Gigabyte
Acer Vero V227QE3bipv,675.0,931.0,17842.66,21.5,1920.0,1080.0,1.7777777777777777,102.460798608479,100.0,1000,250.0,IPS,4.0,2.0736,Small,FullHD,0,0,Acer
NEC V484,9069.0,9609.0,207512.58,48.0,1920.0,1080.0,1.7777777777777777,45.89389937671455,85.0,4000,500.0,VA,8.0,2.0736,XLarge,FullHD,0,0,NEC
MSI Modern MD2412P,510.0,681.0,13232.01,23.8,1920.0,1080.0,1.7777777777777777,92.55912479337388,100.0,1000,342.715043074884,IPS,4.0,2.0736,Small,FullHD,0,0,MSI
Eizo ColorEdge CG2700S,9362.0,11844.0,235598.65999999997,27.0,2560.0,1440.0,1.7777777777777777,108.78553926332337,60.0,1600,400.0,IPS,19.0,3.6864,Large,QHD,0,0,Eizo
Terra 2775W PV V3,1308.0,1367.0,29719.25,27.0,2560.0,1440.0,1.7777777777777777,108.78553926332337,75.0,1000,300.0,IPS,5.0,3.6864,Large,QHD,0,0,Terra
LG UltraFine 27UL650,1556.0,1556.0,34574.32,27.0,3840.0,2160.0,1.7777777777777777,163.17830889498507,60.0,1000,350.0,IPS,5.0,8.2944,Large,4K,0,0,LG
LG 27U511SA,954.0,962.0,21286.76,27.0,1920.0,1080.0,1.7777777777777777,81.58915444749253,100.0,1300,250.0,IPS,5.0,2.0736,Large,FullHD,0,0,LG
NEC P703 PG,38000.0,43183.0,901943.13,70.0,1920.0,1080.0,1.7777777777777777,31.47010242974712,85.0,5000,700.0,Other,8.0,2.0736,XLarge,FullHD,0,0,NEC
Samsung Smart Monitor M50C 32,1189.0,1189.0,26419.579999999998,32.0,1920.0,1080.0,1.7777777777777777,68.84084906507182,60.0,3000,250.0,VA,4.0,2.0736,XLarge,FullHD,0,0,Samsung
Samsung Odyssey Neo G7 32,2258.0,10089.0,137175.16999999998,32.0,3840.0,2160.0,1.7777777777777777,137.68169813014364,165.0,1000,350.0,VA,1.0,8.2944,XLarge,4K,1,1,Samsung
AOC U27G3X,1841.0,2727.0,50750.479999999996,27.0,3840.0,2160.0,1.7777777777777777,163.17830889498507,160.0,1000,450.0,IPS,4.951367781155016,8.2944,Large,4K,1,1,AOC
Samsung Smart Monitor M80B 32,2107.0,5269.0,81947.36,32.0,3840.0,2160.0,1.7777777777777777,137.68169813014364,60.0,3000,400.0,VA,4.0,8.2944,XLarge,4K,0,0,Samsung
Philips 24E1N5300HE,699.0,954.0,18364.829999999998,24.0,1920.0,1080.0,1.7777777777777777,91.7877987534291,75.0,1000,300.0,IPS,4.0,2.0736,Medium,FullHD,0,0,Philips
MSI G274QPF E2,954.0,1812.0,30730.26,27.0,2560.0,1440.0,1.7777777777777777,108.78553926332337,180.0,1000,400.0,IPS,1.0,3.6864,Large,QHD,1,0,MSI
Iiyama ProLite T1721MSC-B1,2035.0,2035.0,45217.7,17.0,1280.0,1024.0,1.25,96.42351792840054,75.0,1000,250.0,TN,5.0,1.31072,Small,HD,0,0,Iiyama
LG 27BA450,656.0,826.0,16465.02,27.0,1920.0,1080.0,1.7777777777777777,81.58915444749253,100.0,1300,250.0,IPS,5.0,2.0736,Large,FullHD,0,0,LG
Hannspree HT221PPB,1164.0,3144.0,47861.88,21.5,1920.0,1080.0,1.7777777777777777,102.460798608479,60.0,1000,300.0,IPS,4.0,2.0736,Small,FullHD,0,0,Hannspree
Asus BE27ACSBK,1745.0,2441.0,46506.46,27.0,2560.0,1440.0,1.7777777777777777,108.78553926332337,60.0,1000,350.0,IPS,5.0,3.6864,Large,QHD,0,0,Asus
MSI MPG 321URX QD-OLED,3899.0,6317.0,113499.76,31.5,3840.0,2160.0,1.7777777777777777,139.8671219099872,240.0,1500000,250.0,OLED,1.0,8.2944,Large,4K,1,1,MSI
Arzopa Z1RC,509.0,724.0,13698.63,16.0,2560.0,1600.0,1.6,188.67962264113208,60.0,1200,500.0,IPS,4.951367781155016,4.096,Small,QHD,0,0,Arzopa
Acer Nitro VG270KLbmiipx,1531.0,1531.0,34018.82,27.0,3840.0,2160.0,1.7777777777777777,163.17830889498507,60.0,1000,350.0,IPS,4.0,8.2944,Large,4K,0,0,Acer
LG 98UM5K-B,48177.0,48177.0,1070492.94,98.0,3840.0,2160.0,1.7777777777777777,44.95728918535303,60.0,1200,500.0,IPS,8.0,8.2944,XLarge,4K,0,0,LG
Iiyama G-Master GB2745HSU-B1,569.0,776.0,14942.949999999999,27.0,1920.0,1080.0,1.7777777777777777,81.58915444749253,100.0,1000,250.0,IPS,4.951367781155016,2.0736,Large,FullHD,0,0,Iiyama
LG 27TQ615S,760.0,910.0,18553.7,27.0,1920.0,1080.0,1.7777777777777777,81.58915444749253,60.0,1000,250.0,IPS,4.951367781155016,2.0736,Large,FullHD,0,0,LG
Asus TUF Gaming VG246H1A,439.0,495.0,10376.74,23.8,1920.0,1080.0,1.7777777777777777,92.55912479337388,100.0,1300,300.0,IPS,4.951367781155016,2.0736,Small,FullHD,0,0,Asus
Asus ROG Strix XG43UQ,17849.0,17849.0,396604.77999999997,43.0,3840.0,2160.0,1.7777777777777777,102.460798608479,144.0,4000,1000.0,VA,4.0,8.2944,XLarge,4K,1,1,Asus
Samsung OM55B,11090.0,20890.0,355297.8,55.0,3840.0,2160.0,1.7777777777777777,80.10571527571994,60.0,1200,3000.0,IPS,6.0,8.2944,XLarge,4K,0,0,Samsung
Philips 241E2FD,1357.0,1357.0,30152.539999999997,24.0,1920.0,1080.0,1.7777777777777777,91.7877987534291,75.0,1000,300.0,IPS,4.0,2.0736,Medium,FullHD,0,0,Philips
AOC Q27E4U,794.0,907.0,18898.11,27.0,2560.0,1440.0,1.7777777777777777,108.78553926332337,120.0,1500,350.0,IPS,4.0,3.6864,Large,QHD,1,0,AOC
LG UltraWide 40WP95CP,5907.0,6406.0,136797.43,39.7,5120.0,2160.0,2.3703703703703702,139.9742467450862,72.0,1000,300.0,IPS,5.0,11.0592,XLarge,4K,0,0,LG
Philips 243V7QJABF,320.0,501.0,9121.31,23.8,1920.0,1080.0,1.7777777777777777,92.55912479337388,75.0,1000,250.0,IPS,4.0,2.0736,Small,FullHD,0,0,Philips
NEC MultiSync E274F,841.0,841.0,18687.02,27.0,1920.0,1080.0,1.7777777777777777,81.58915444749253,60.0,4000,250.0,VA,6.0,2.0736,Large,FullHD,0,0,NEC
Asus VA27EHF,400.0,583.0,10921.13,27.0,1920.0,1080.0,1.7777777777777777,81.58915444749253,100.0,1300,250.0,IPS,4.951367781155016,2.0736,Large,FullHD,0,0,Asus
MSI PRO MP225,279.0,394.0,7477.03,21.5,1920.0,1080.0,1.7777777777777777,102.460798608479,100.0,1300,342.715043074884,IPS,4.0,2.0736,Small,FullHD,0,0,MSI
MSI PRO MP271AP,690.0,690.0,15331.8,27.0,1920.0,1080.0,1.7777777777777777,81.58915444749253,100.0,1000,300.0,IPS,4.0,2.0736,Large,FullHD,0,0,MSI
ASRock Phantom Gaming PG34QRT2B,1150.0,1406.0,28397.16,34.0,3440.0,1440.0,2.388888888888889,109.68340725465096,180.0,4000,500.0,VA,4.442516268980477,4.9536,XLarge,QHD,1,0,ASRock
Lenovo ThinkVision P34WD-40,2799.0,3599.0,71081.78,34.0,3440.0,1440.0,2.388888888888889,109.68340725465096,120.0,2000,350.0,IPS,6.0,4.9536,XLarge,QHD,1,0,Lenovo
Iiyama ProLite TW1623AS-B1P,1591.0,1591.0,35352.02,15.6,1920.0,1080.0,1.7777777777777777,141.21199808219862,60.0,1000,385.0,IPS,30.0,2.0736,Small,FullHD,0,0,Iiyama
HP OMEN 27k,1729.0,2512.0,47117.509999999995,27.0,3840.0,2160.0,1.7777777777777777,163.17830889498507,144.0,1000,400.0,IPS,1.0,8.2944,Large,4K,1,1,HP
BenQ EW3270U,1352.0,2412.0,41818.04,32.0,3840.0,2160.0,1.7777777777777777,137.68169813014364,60.0,3000,300.0,VA,4.0,8.2944,XLarge,4K,0,0,BenQ
Iiyama G-Master GB2795HSU-B1,659.0,1052.0,19009.21,27.0,1920.0,1080.0,1.7777777777777777,81.58915444749253,280.0,4000,300.0,VA,4.442516268980477,2.0736,Large,FullHD,1,0,Iiyama
Asus TUF Gaming VG34WQML5A,1728.0,1760.0,38751.68,34.0,3440.0,1440.0,2.388888888888889,109.68340725465096,250.0,4000,400.0,VA,1.0,4.9536,XLarge,QHD,1,0,Asus
Asus ProArt PA279CRV,1974.0,2459.0,49250.63,27.0,3840.0,2160.0,1.7777777777777777,163.17830889498507,60.0,1000,400.0,IPS,5.0,8.2944,Large,4K,0,0,Asus
NEC V323-2,4399.0,4399.0,97745.78,32.0,1920.0,1080.0,1.7777777777777777,68.84084906507182,85.0,1300,450.0,IPS,8.0,2.0736,XLarge,FullHD,0,0,NEC
Viewsonic VA1650,498.0,500.0,11087.779999999999,15.6,1920.0,1080.0,1.7777777777777777,141.21199808219862,60.0,1000,250.0,IPS,7.0,2.0736,Small,FullHD,0,0,Viewsonic
Philips 27E1N5500LA,629.0,887.0,16842.76,27.0,2560.0,1440.0,1.7777777777777777,108.78553926332337,75.0,4000,300.0,VA,4.0,3.6864,Large,QHD,0,0,Philips
Dahua LM24-L200,1499.0,1499.0,33307.78,24.0,1920.0,1080.0,1.7777777777777777,91.7877987534291,75.0,3000,200.0,VA,10.0,2.0736,Medium,FullHD,0,0,Dahua
Asus ProArt PA27JCV,3179.0,3896.0,78603.25,27.0,5120.0,2880.0,1.7777777777777777,217.57107852664674,60.0,1500,400.0,IPS,5.0,14.7456,Large,4K,0,0,Asus
MSI PRO MP223 E2,279.0,386.0,7388.15,21.5,1920.0,1080.0,1.7777777777777777,102.460798608479,100.0,3000,250.0,VA,4.0,2.0736,Small,FullHD,0,0,MSI
LC-Power LC-M39-QHD-165-C,1905.0,2351.0,47284.159999999996,38.5,2560.0,1440.0,1.7777777777777777,76.29115740544756,165.0,3000,350.0,VA,4.0,3.6864,XLarge,QHD,1,0,LC-Power
Asus ZenScreen MB16AHV,589.0,839.0,15865.08,15.6,1920.0,1080.0,1.7777777777777777,141.21199808219862,60.0,800,250.0,IPS,5.0,2.0736,Small,FullHD,0,0,Asus
Samsung ViewFinity S65VC 34,1597.0,2879.0,49728.36,34.0,3440.0,1440.0,2.388888888888889,109.68340725465096,100.0,3000,350.0,VA,5.0,4.9536,XLarge,QHD,0,0,Samsung
Asus MB16ACV,689.0,827.0,16842.76,15.6,1920.0,1080.0,1.7777777777777777,141.21199808219862,60.0,800,250.0,IPS,5.0,2.0736,Small,FullHD,0,0,Asus
AOC 16G3,673.0,922.0,17720.45,15.6,1920.0,1080.0,1.7777777777777777,141.21199808219862,144.0,1000,250.0,IPS,4.0,2.0736,Small,FullHD,1,0,AOC
Dell S3220DGF,523.0,523.0,11621.06,32.0,2560.0,1440.0,1.7777777777777777,91.7877987534291,165.0,3000,400.0,VA,2.0,3.6864,XLarge,QHD,1,0,Dell
Samsung Odyssey G55T 32,1702.0,1702.0,37818.439999999995,32.0,2560.0,1440.0,1.7777777777777777,91.7877987534291,144.0,2500,300.0,VA,4.442516268980477,3.6864,XLarge,QHD,1,0,Samsung
Acer Predator X32QFSbmiiphuzx,4510.0,4510.0,100212.2,31.5,3840.0,2160.0,1.7777777777777777,139.8671219099872,150.0,1000,1000.0,IPS,4.951367781155016,8.2944,Large,4K,1,1,Acer
Asus ZenScreen MB14AHD,1335.0,1728.0,34029.93,14.0,1920.0,1080.0,1.7777777777777777,157.3505121487356,60.0,800,220.0,IPS,5.0,2.0736,Small,FullHD,0,0,Asus
Iiyama ProLite XUB2491H-B1,399.0,674.0,11921.029999999999,23.8,1920.0,1080.0,1.7777777777777777,92.55912479337388,100.0,1300,300.0,IPS,4.951367781155016,2.0736,Small,FullHD,0,0,Iiyama
Viewsonic VA2408-HDJ,522.0,640.0,12909.82,24.0,1920.0,1080.0,1.7777777777777777,91.7877987534291,100.0,1300,250.0,IPS,5.0,2.0736,Medium,FullHD,0,0,Viewsonic
AOC CU34G2XE,1239.0,1662.0,32230.109999999997,34.0,3440.0,1440.0,2.388888888888889,109.68340725465096,144.0,4000,300.0,VA,4.0,4.9536,XLarge,QHD,1,0,AOC
HP P22v G4,709.0,1672.0,26452.91,22.0,1920.0,1080.0,1.7777777777777777,100.13214409464992,60.0,1000,250.0,TN,5.0,2.0736,Small,FullHD,0,0,HP
Lenovo T24mv-30,1219.0,1235.0,27263.94,23.8,1920.0,1080.0,1.7777777777777777,92.55912479337388,75.0,1000,250.0,IPS,4.0,2.0736,Small,FullHD,0,0,Lenovo
LG UltraWide 29WP500,751.0,1909.0,29552.6,29.0,2560.0,1080.0,2.3703703703703702,95.8099585479297,75.0,1000,250.0,IPS,5.0,2.7648,Large,FullHD,0,0,LG
Philips 243S7EHMB,516.0,679.0,13276.449999999999,24.0,1920.0,1080.0,1.7777777777777777,91.7877987534291,60.0,1000,250.0,IPS,5.0,2.0736,Medium,FullHD,0,0,Philips
Iiyama ProLite TE9813A-B1AG,18047.0,23812.0,465053.49,97.5,3840.0,2160.0,1.7777777777777777,45.18783938630356,60.0,1200,450.0,IPS,8.0,8.2944,XLarge,4K,0,0,Iiyama
LG 32UP55NP,1635.0,1635.0,36329.7,31.5,3840.0,2160.0,1.7777777777777777,139.8671219099872,60.0,3000,350.0,VA,4.0,8.2944,Large,4K,0,0,LG
NEC MultiSync EA242WU,1930.0,1956.0,43173.46,24.0,1920.0,1200.0,1.6,94.33981132056603,60.0,1000,300.0,IPS,6.0,2.304,Medium,FullHD,0,0,NEC
Acer EK321QKbmiipx,1006.0,1082.0,23197.68,31.5,3840.0,2160.0,1.7777777777777777,139.8671219099872,60.0,3000,250.0,VA,4.0,8.2944,Large,4K,0,0,Acer
Hannspree HO165PTB,1483.0,1690.0,35252.03,15.6,1920.0,1080.0,1.7777777777777777,141.21199808219862,60.0,700,212.0,Other,25.0,2.0736,Small,FullHD,0,0,Hannspree
Acer CB343CURDbemiiphcuzx,2601.0,3339.0,65993.4,34.0,3440.0,1440.0,2.388888888888889,109.68340725465096,60.0,1000,300.0,IPS,4.0,4.9536,XLarge,QHD,0,0,Acer
AOC AGON PRO AG256FS,1207.0,1820.0,33629.97,24.5,1920.0,1080.0,1.7777777777777777,89.91457837070605,390.0,1000,400.0,IPS,1.0,2.0736,Medium,FullHD,1,0,AOC
Iiyama ProLite TE6512MIS-B4AG,5499.0,6620.0,134642.09,65.0,3840.0,2160.0,1.7777777777777777,67.78175907945533,60.0,5000,400.0,VA,4.442516268980477,8.2944,XLarge,4K,0,0,Iiyama
Eizo FlexScan EV2760,1951.0,3532.0,60916.13,27.0,2560.0,1440.0,1.7777777777777777,108.78553926332337,60.0,1000,350.0,IPS,5.0,3.6864,Large,QHD,0,0,Eizo
Lenovo ThinkVision T27h-30,1291.0,1938.0,35874.189999999995,27.0,2560.0,1440.0,1.7777777777777777,108.78553926332337,60.0,1000,350.0,IPS,4.0,3.6864,Large,QHD,0,0,Lenovo
Iiyama ProLite XUB2492QSU-B1,724.0,884.0,17864.879999999997,23.8,2560.0,1440.0,1.7777777777777777,123.41216639116517,100.0,1000,300.0,IPS,4.951367781155016,3.6864,Small,QHD,0,0,Iiyama
Gigabyte GS34WQC,1342.0,1879.0,35785.31,34.0,3440.0,1440.0,2.388888888888889,109.68340725465096,120.0,4000,300.0,VA,4.442516268980477,4.9536,XLarge,QHD,1,0,Gigabyte
MSI Pro MP252,356.0,383.0,8210.289999999999,24.5,1920.0,1080.0,1.7777777777777777,89.91457837070605,100.0,1300,300.0,IPS,4.0,2.0736,Medium,FullHD,0,0,MSI
Iiyama ProLite T2755QSC-B1,2001.0,2493.0,49928.34,27.0,2560.0,1440.0,1.7777777777777777,108.78553926332337,75.0,1000,360.0,IPS,5.0,3.6864,Large,QHD,0,0,Iiyama
Dell UltraSharp U4021QW,6143.0,7820.0,155128.93,40.0,5120.0,2160.0,2.3703703703703702,138.92443989449805,60.0,1000,300.0,IPS,5.0,11.0592,XLarge,4K,0,0,Dell
Philips 272S1MH,819.0,1256.0,23053.25,27.0,1920.0,1080.0,1.7777777777777777,81.58915444749253,75.0,1000,250.0,IPS,4.0,2.0736,Large,FullHD,0,0,Philips
Iiyama ProLite TF1215MC-B1,2037.0,2599.0,51505.96,12.0,1024.0,768.0,1.3333333333333333,106.66666666666667,60.0,1000,540.0,IPS,25.0,0.786432,Small,HD,0,0,Iiyama
Samsung OH75A,79429.0,94500.0,1932351.19,75.0,3840.0,2160.0,1.7777777777777777,58.74419120219462,120.0,1200,3500.0,IPS,14.0,8.2944,XLarge,4K,1,1,Samsung
ASRock Challenger CL25FF,377.0,451.0,9199.08,24.5,1920.0,1080.0,1.7777777777777777,89.91457837070605,100.0,1300,300.0,IPS,4.0,2.0736,Medium,FullHD,0,0,ASRock
BenQ BL2490,389.0,1499.0,20975.68,23.8,1920.0,1080.0,1.7777777777777777,92.55912479337388,100.0,1300,250.0,IPS,5.0,2.0736,Small,FullHD,0,0,BenQ
MSI PRO MP275Q,599.0,959.0,17309.379999999997,27.0,2560.0,1440.0,1.7777777777777777,108.78553926332337,100.0,1300,300.0,IPS,4.0,3.6864,Large,QHD,0,0,MSI
Philips 242S1AE,478.0,669.0,12743.17,24.0,1920.0,1080.0,1.7777777777777777,91.7877987534291,75.0,1000,250.0,IPS,4.0,2.0736,Medium,FullHD,0,0,Philips
Dell G2524H,1300.0,1300.0,28886.0,24.5,1920.0,1080.0,1.7777777777777777,89.91457837070605,240.0,1000,400.0,IPS,1.0,2.0736,Medium,FullHD,1,0,Dell
Samsung QM85D,43999.0,43999.0,977657.7799999999,85.0,3840.0,2160.0,1.7777777777777777,51.83310988428937,75.0,5000,450.0,Other,6.0,8.2944,XLarge,4K,0,0,Samsung
LG UltraWide 38BQ85C,3704.0,4617.0,92446.31,37.5,3840.0,1600.0,2.4,110.93333333333334,75.0,1000,300.0,Other,5.0,6.144,XLarge,QHD,0,0,LG
Lenovo L25e-40,439.0,549.0,10976.68,24.5,1920.0,1080.0,1.7777777777777777,89.91457837070605,75.0,3000,250.0,VA,4.0,2.0736,Medium,FullHD,0,0,Lenovo
HP 322pe,387.0,616.0,11143.33,21.5,1920.0,1080.0,1.7777777777777777,102.460798608479,100.0,1000,250.0,IPS,5.0,2.0736,Small,FullHD,0,0,HP
MSI Optix G32C4 E2,919.0,919.0,20420.18,31.5,1920.0,1080.0,1.7777777777777777,69.9335609549936,170.0,3000,250.0,VA,4.442516268980477,2.0736,Large,FullHD,1,0,MSI
Samsung S24A400U,944.0,1126.0,22997.699999999997,24.0,1920.0,1080.0,1.7777777777777777,91.7877987534291,75.0,1000,250.0,IPS,5.0,2.0736,Medium,FullHD,0,0,Samsung
Lenovo M15,717.0,1233.0,21664.5,15.6,1920.0,1080.0,1.7777777777777777,141.21199808219862,60.0,1000,250.0,IPS,6.0,2.0736,Small,FullHD,0,0,Lenovo
Acer Nitro XF270M3biiph,890.0,1157.0,22742.17,27.0,1920.0,1080.0,1.7777777777777777,81.58915444749253,180.0,1000,250.0,IPS,1.0,2.0736,Large,FullHD,1,0,Acer
Acer Vero V277Ebiv,458.0,640.0,12198.779999999999,27.0,1920.0,1080.0,1.7777777777777777,81.58915444749253,100.0,1000,250.0,IPS,4.0,2.0736,Large,FullHD,0,0,Acer
Philips 24E2N1110,280.0,375.0,7277.049999999999,23.8,1920.0,1080.0,1.7777777777777777,92.55912479337388,120.0,1500,300.0,IPS,4.0,2.0736,Small,FullHD,1,0,Philips
Mobile Pixels Glance,507.0,725.0,13687.519999999999,16.0,1920.0,1080.0,1.7777777777777777,137.68169813014364,60.0,1000,300.0,Unknown,4.650088691829009,2.0736,Small,FullHD,0,0,Mobile Pixels
HP 727pm,2979.0,4509.0,83191.68,27.0,3840.0,2160.0,1.7777777777777777,163.17830889498507,60.0,2000,400.0,IPS,5.0,8.2944,Large,4K,0,0,HP
Dell UltraSharp U4323QE,3451.0,8490.0,132664.50999999998,42.5,3840.0,2160.0,1.7777777777777777,103.66621976857874,60.0,1000,350.0,IPS,5.0,8.2944,XLarge,4K,0,0,Dell
Corsair XENEON 27QHD240,4060.0,6899.0,121754.48999999999,27.0,2560.0,1440.0,1.7777777777777777,108.78553926332337,240.0,1500000,450.0,OLED,1.0,3.6864,Large,QHD,1,0,Corsair
Sony BRAVIA FW-55BZ35L,5010.0,5556.0,117388.26,55.0,3840.0,2160.0,1.7777777777777777,80.10571527571994,60.0,1200,550.0,IPS,8.0,8.2944,XLarge,4K,0,0,Sony
Viewsonic IFP7552-2F,12466.0,13576.0,289326.62,74.5,3840.0,2160.0,1.7777777777777777,59.138447518987874,60.0,5000,350.0,VA,7.0,8.2944,XLarge,4K,0,0,Viewsonic
Eizo FlexScan EV2480,1199.0,2303.0,38907.22,24.0,1920.0,1080.0,1.7777777777777777,91.7877987534291,60.0,1000,250.0,IPS,5.0,2.0736,Medium,FullHD,0,0,Eizo
Samsung Odyssey G65B 27,1249.0,1797.0,33841.06,26.9,2560.0,1440.0,1.7777777777777777,109.18994647248073,240.0,2500,350.0,VA,1.0,3.6864,Medium,QHD,1,0,Samsung
Asus VA34VCPSR,1741.0,2135.0,43062.36,34.0,3440.0,1440.0,2.388888888888889,109.68340725465096,100.0,3000,300.0,VA,4.0,4.9536,XLarge,QHD,0,0,Asus
KOORUI 24E6CA,440.0,659.0,12209.89,23.6,1920.0,1080.0,1.7777777777777777,93.34352415602959,165.0,3000,250.0,VA,4.442516268980477,2.0736,Small,FullHD,1,0,KOORUI
Asus ZenScreen OLED MQ13AH,1649.0,2152.0,42229.11,13.3,1920.0,1080.0,1.7777777777777777,165.6321180513006,60.0,100000,400.0,OLED,1.0,2.0736,Small,FullHD,0,0,Asus
Neovo SC-2702,814.0,919.0,19253.629999999997,27.0,1920.0,1080.0,1.7777777777777777,81.58915444749253,60.0,1000,300.0,VA,5.0,2.0736,Large,FullHD,0,0,Neovo
Dell P3222QE,3140.0,3140.0,69770.8,32.0,3840.0,2160.0,1.7777777777777777,137.68169813014364,60.0,1000,350.0,IPS,5.0,8.2944,XLarge,4K,0,0,Dell
Asus ROG Strix OLED XG32UCWMG,4680.0,4908.0,106522.68,31.5,3840.0,2160.0,1.7777777777777777,139.8671219099872,240.0,1500000,294.84496124031006,OLED,1.0,8.2944,Large,4K,1,1,Asus
Iiyama ProLite XU2792HSU-B1,851.0,912.0,19586.93,27.0,1920.0,1080.0,1.7777777777777777,81.58915444749253,75.0,1000,250.0,IPS,4.0,2.0736,Large,FullHD,0,0,Iiyama
Samsung UD46E-P,9900.0,9900.0,219978.0,46.0,1920.0,1080.0,1.7777777777777777,47.88928630613692,75.0,3500,700.0,Other,8.0,2.0736,XLarge,FullHD,0,0,Samsung
Lenovo ThinkVision M14t Gen 2,1292.0,1647.0,32652.289999999997,14.0,2240.0,1400.0,1.6,188.67962264113206,60.0,1500,270.0,IPS,6.0,3.136,Small,FullHD,0,0,Lenovo
Lenovo D32q-20,947.0,1089.0,22619.96,32.0,2560.0,1440.0,1.7777777777777777,91.7877987534291,75.0,1000,250.0,IPS,4.0,3.6864,XLarge,QHD,0,0,Lenovo
LG 24MR400,354.0,467.0,9121.31,23.8,1920.0,1080.0,1.7777777777777777,92.55912479337388,75.0,1300,250.0,IPS,5.0,2.0736,Small,FullHD,0,0,LG
Asus VP279HE,648.0,714.0,15131.82,27.0,1920.0,1080.0,1.7777777777777777,81.58915444749253,75.0,1000,250.0,IPS,4.0,2.0736,Large,FullHD,0,0,Asus
Cooler Master Tempest GP27U,3416.0,3416.0,75903.51999999999,27.0,3840.0,2160.0,1.7777777777777777,163.17830889498507,160.0,1000,1200.0,Other,1.0,8.2944,Large,4K,1,1,Cooler Master
Asus ROG Swift OLED PG48UQ,5539.0,9323.0,165116.81999999998,47.53,3840.0,2160.0,1.7777777777777777,92.6954416192846,138.0,135000,450.0,OLED,1.0,8.2944,XLarge,4K,1,1,Asus
Dell SE2425HG,457.0,693.0,12776.5,23.8,1920.0,1080.0,1.7777777777777777,92.55912479337388,200.0,1000,300.0,IPS,5.0,2.0736,Small,FullHD,1,0,Dell
Viewsonic VX3276-MHD-3,729.0,1050.0,19764.69,31.5,1920.0,1080.0,1.7777777777777777,69.9335609549936,75.0,1200,250.0,IPS,4.0,2.0736,Large,FullHD,0,0,Viewsonic
Asus VA27DQFR,515.0,730.0,13831.949999999999,27.0,1920.0,1080.0,1.7777777777777777,81.58915444749253,100.0,1000,250.0,IPS,4.951367781155016,2.0736,Large,FullHD,0,0,Asus
Viewsonic XG240R,1030.0,1030.0,22886.6,24.0,1920.0,1080.0,1.7777777777777777,91.7877987534291,144.0,1000,350.0,TN,1.0,2.0736,Medium,FullHD,1,0,Viewsonic
Dell Alienware AW2524HF,2041.0,2937.0,55305.579999999994,24.5,1920.0,1080.0,1.7777777777777777,89.91457837070605,500.0,1000,400.0,IPS,4.951367781155016,2.0736,Medium,FullHD,1,0,Dell
Lenovo ThinkVision T27QD-40,1376.0,1988.0,37374.04,27.0,2560.0,1440.0,1.7777777777777777,108.78553926332337,120.0,1500,350.0,IPS,6.0,3.6864,Large,QHD,1,0,Lenovo
ASRock Phantom Gaming PG27F15RS1A,625.0,995.0,17998.2,27.0,1920.0,1080.0,1.7777777777777777,81.58915444749253,240.0,3000,300.0,VA,5.0,2.0736,Large,FullHD,1,0,ASRock
Lenovo T27q-20,1040.0,2002.0,33796.619999999995,27.0,2560.0,1440.0,1.7777777777777777,108.78553926332337,60.0,1000,350.0,IPS,4.0,3.6864,Large,QHD,0,0,Lenovo
Dell P2419H,1789.0,2438.0,46961.97,24.0,1920.0,1080.0,1.7777777777777777,91.7877987534291,60.0,1000,250.0,IPS,5.0,2.0736,Medium,FullHD,0,0,Dell
Iiyama ProLite XUB2292HSU-B6,469.0,691.0,12887.599999999999,21.5,1920.0,1080.0,1.7777777777777777,102.460798608479,100.0,1000,250.0,IPS,4.951367781155016,2.0736,Small,FullHD,0,0,Iiyama
Philips 279P1,1515.0,1715.0,35885.299999999996,27.0,3840.0,2160.0,1.7777777777777777,163.17830889498507,60.0,1000,350.0,IPS,4.0,8.2944,Large,4K,0,0,Philips
LG UltraFine 32UN880K,1845.0,2224.0,45206.59,31.5,3840.0,2160.0,1.7777777777777777,139.8671219099872,60.0,1000,350.0,IPS,5.0,8.2944,Large,4K,0,0,LG
Asus BE24WQLB,784.0,1152.0,21508.96,24.0,1920.0,1200.0,1.6,94.33981132056603,75.0,1000,300.0,IPS,5.0,2.304,Medium,FullHD,0,0,Asus
Philips 43BDL4050D,2868.0,2868.0,63726.96,43.0,1920.0,1080.0,1.7777777777777777,51.2303993042395,60.0,1100,450.0,Other,12.0,2.0736,XLarge,FullHD,0,0,Philips
BenQ Mobiuz EX2710R,4006.0,4006.0,89013.31999999999,27.0,2560.0,1440.0,1.7777777777777777,108.78553926332337,165.0,3000,400.0,VA,2.0,3.6864,Large,QHD,1,0,BenQ
Lenovo Legion R25f-30,576.0,979.0,17276.05,24.5,1920.0,1080.0,1.7777777777777777,89.91457837070605,240.0,3000,350.0,VA,1.0,2.0736,Medium,FullHD,1,0,Lenovo
Iiyama ProLite TF1015MC-B3,1537.0,1687.0,35818.64,10.1,1280.0,800.0,1.6,149.44920605238187,60.0,800,425.0,IPS,4.951367781155016,1.024,Small,HD,0,0,Iiyama
Samsung Odyssey OLED G95SC 49,4879.0,8779.0,151740.38,49.0,5120.0,1440.0,3.5555555555555554,108.54380498674065,240.0,1000000,250.0,OLED,1.0,7.3728,XLarge,QHD,1,0,Samsung
Samsung WM85R,18000.0,18000.0,399960.0,85.0,3840.0,2160.0,1.7777777777777777,51.83310988428937,60.0,4000,350.0,Other,6.0,8.2944,XLarge,4K,0,0,Samsung
LG 25MS550,463.0,463.0,10287.859999999999,24.5,1920.0,1080.0,1.7777777777777777,89.91457837070605,100.0,1000,250.0,IPS,5.0,2.0736,Medium,FullHD,0,0,LG
Acer Vero B277UDEbmiiprczx,1007.0,1007.0,22375.539999999997,27.0,2560.0,1440.0,1.7777777777777777,108.78553926332337,100.0,1000,350.0,IPS,4.0,3.6864,Large,QHD,0,0,Acer
Lenovo ThinkCentre TIO 24 Gen 5,1030.0,1304.0,25930.739999999998,23.8,1920.0,1080.0,1.7777777777777777,92.55912479337388,60.0,1000,250.0,IPS,6.0,2.0736,Small,FullHD,0,0,Lenovo
Asus ProArt PA27AC,2799.0,3118.0,65737.87,27.0,2560.0,1440.0,1.7777777777777777,108.78553926332337,60.0,1000,400.0,IPS,5.0,3.6864,Large,QHD,0,0,Asus
Iiyama ProLite XUB2792UHSU-B5,1370.0,1370.0,30441.399999999998,27.0,3840.0,2160.0,1.7777777777777777,163.17830889498507,60.0,1000,350.0,IPS,4.0,8.2944,Large,4K,0,0,Iiyama
Viewsonic VG2709U-2K,1284.0,1369.0,29474.829999999998,27.0,2560.0,1440.0,1.7777777777777777,108.78553926332337,100.0,1000,350.0,IPS,4.0,3.6864,Large,QHD,0,0,Viewsonic
KOORUI N07,791.0,825.0,17953.76,27.0,3840.0,2160.0,1.7777777777777777,163.17830889498507,60.0,1000,300.0,IPS,6.0,8.2944,Large,4K,0,0,KOORUI
Sony BRAVIA FW-32BZ30J,3562.0,5535.0,101067.67,32.0,3840.0,2160.0,1.7777777777777777,137.68169813014364,60.0,3000,300.0,VA,10.0,8.2944,XLarge,4K,0,0,Sony
Hannspree HT161HNB,996.0,1177.0,24142.03,15.6,1366.0,768.0,1.7786458333333333,100.45466986113651,60.0,5000,220.0,IPS,12.0,1.049088,Small,HD,0,0,Hannspree
Viewsonic VG2756V-2K,1707.0,2181.0,43195.68,27.0,2560.0,1440.0,1.7777777777777777,108.78553926332337,60.0,1000,350.0,IPS,5.0,3.6864,Large,QHD,0,0,Viewsonic
Neovo LH-2402,660.0,1312.0,21908.92,23.8,1920.0,1080.0,1.7777777777777777,92.55912479337388,126.92706645056727,1000,250.0,VA,5.0,2.0736,Small,FullHD,1,0,Neovo
LG 27BN65QP,976.0,1036.0,22353.32,27.0,2560.0,1440.0,1.7777777777777777,108.78553926332337,75.0,1000,350.0,IPS,5.0,3.6864,Large,QHD,0,0,LG
Dell UltraSharp U2724D,1352.0,2278.0,40329.299999999996,27.0,2560.0,1440.0,1.7777777777777777,108.78553926332337,120.0,2000,350.0,IPS,8.0,3.6864,Large,QHD,1,0,Dell
Dell S2721DS,999.0,1642.0,29341.51,27.0,2560.0,1440.0,1.7777777777777777,108.78553926332337,75.0,1000,350.0,IPS,4.0,3.6864,Large,QHD,0,0,Dell
Asus VT168HR,791.0,1075.0,20731.26,15.6,1366.0,768.0,1.7786458333333333,100.45466986113651,60.0,400,220.0,TN,5.0,1.049088,Small,HD,0,0,Asus
MSI MAG 276CXF,740.0,996.0,19286.96,27.0,1920.0,1080.0,1.7777777777777777,81.58915444749253,280.0,4000,300.0,VA,4.442516268980477,2.0736,Large,FullHD,1,0,MSI
Corsair XENEON 32UHD144-A,3869.0,4900.0,97423.59,31.5,3840.0,2160.0,1.7777777777777777,139.8671219099872,144.0,1000,600.0,IPS,12.0,8.2944,Large,4K,1,1,Corsair
Asus TUF Gaming VG259Q5A,538.0,716.0,13931.939999999999,24.5,1920.0,1080.0,1.7777777777777777,89.91457837070605,200.0,1000,300.0,IPS,1.0,2.0736,Medium,FullHD,1,0,Asus
Asus ProArt PA32UCX-PK,7599.0,11028.0,206945.97,32.0,3840.0,2160.0,1.7777777777777777,137.68169813014364,60.0,20000,600.0,IPS,5.0,8.2944,XLarge,4K,0,0,Asus
BenQ RM5501K,9499.0,9499.0,211067.78,55.0,3840.0,2160.0,1.7777777777777777,80.10571527571994,60.0,1200,350.0,Other,9.0,8.2944,XLarge,4K,0,0,BenQ
LG UltraGear 27GN60R,822.0,1673.0,27719.449999999997,27.0,1920.0,1080.0,1.7777777777777777,81.58915444749253,144.0,1000,300.0,IPS,1.0,2.0736,Large,FullHD,1,0,LG
MSI Optix G322CQP,1300.0,1300.0,28886.0,31.5,2560.0,1440.0,1.7777777777777777,93.24474793999147,170.0,2500,250.0,VA,4.442516268980477,3.6864,Large,QHD,1,0,MSI
Asus ProArt PA328CGV,2559.0,3428.0,66515.56999999999,32.0,2560.0,1440.0,1.7777777777777777,91.7877987534291,165.0,1000,600.0,IPS,5.0,3.6864,XLarge,QHD,1,0,Asus
AOC 22B2H,319.0,422.0,8232.51,22.0,1920.0,1080.0,1.7777777777777777,100.13214409464992,75.0,1000,200.0,VA,7.0,2.0736,Small,FullHD,0,0,AOC
NEC P403,7811.0,14752.0,250674.93,40.0,1920.0,1080.0,1.7777777777777777,55.072679252057455,85.0,4000,700.0,VA,8.0,2.0736,XLarge,FullHD,0,0,NEC
Acer SH322QKbmiiphx,1349.0,1349.0,29974.78,31.5,3840.0,2160.0,1.7777777777777777,139.8671219099872,60.0,3000,250.0,VA,4.0,8.2944,Large,4K,0,0,Acer
Samsung Odyssey OLED G95SD 49,4699.0,6990.0,129864.79,49.0,5120.0,1440.0,3.5555555555555554,108.54380498674065,240.0,1000000,250.0,OLED,1.0,7.3728,XLarge,QHD,1,0,Samsung
Asus VZ22EHE,698.0,698.0,15509.56,21.45,1920.0,1080.0,1.7777777777777777,102.69963496887172,75.0,1000,250.0,IPS,4.951367781155016,2.0736,Small,FullHD,0,0,Asus
Acer Vero B247YGbmiprzx,495.0,721.0,13509.759999999998,23.8,1920.0,1080.0,1.7777777777777777,92.55912479337388,75.0,1000,250.0,IPS,4.0,2.0736,Small,FullHD,0,0,Acer
MSI MPG 272URX QD-OLED,3999.0,6595.0,117699.34,26.5,3840.0,2160.0,1.7777777777777777,166.25714491187156,240.0,1500000,250.0,OLED,1.0,8.2944,Medium,4K,1,1,MSI
HP 727pk,2378.0,2930.0,58971.88,27.0,3840.0,2160.0,1.7777777777777777,163.17830889498507,60.0,2000,400.0,IPS,5.0,8.2944,Large,4K,0,0,HP
MSI MAG 321UPX QD-OLED,3762.0,4412.0,90813.14,31.5,3840.0,2160.0,1.7777777777777777,139.8671219099872,240.0,1500000,250.0,OLED,1.0,8.2944,Large,4K,1,1,MSI
Iiyama ProLite LH3241S-B2,1344.0,1653.0,33296.67,31.5,1920.0,1080.0,1.7777777777777777,69.9335609549936,60.0,1200,350.0,IPS,8.0,2.0736,Large,FullHD,0,0,Iiyama
Samsung QH55R,6304.0,6304.0,140074.88,55.0,3840.0,2160.0,1.7777777777777777,80.10571527571994,60.0,4000,700.0,Other,8.0,8.2944,XLarge,4K,0,0,Samsung
UPERFECT UGame J5,1268.0,1600.0,31863.48,17.3,3840.0,2160.0,1.7777777777777777,254.67134914246222,60.0,1500,500.0,IPS,25.0,8.2944,Small,4K,0,0,UPERFECT
AOC 27B2AM,523.0,791.0,14598.539999999999,27.0,1920.0,1080.0,1.7777777777777777,81.58915444749253,75.0,4000,250.0,VA,4.0,2.0736,Large,FullHD,0,0,AOC
Samsung UH46N-E,6517.0,12300.0,209056.87,46.0,1920.0,1080.0,1.7777777777777777,47.88928630613692,60.0,4000,700.0,Other,8.0,2.0736,XLarge,FullHD,0,0,Samsung
Gigabyte M34WQ,2120.0,2120.0,47106.399999999994,34.0,3440.0,1440.0,2.388888888888889,109.68340725465096,144.0,1000,400.0,IPS,4.0,4.9536,XLarge,QHD,1,0,Gigabyte
Philips 65BDL4650D,6679.0,8185.0,165139.03999999998,64.5,3840.0,2160.0,1.7777777777777777,68.30719907231932,60.0,1200,500.0,IPS,8.0,8.2944,XLarge,4K,0,0,Philips
Iiyama ProLite XCB3497WQSNPH-B1,1519.0,1890.0,37873.99,34.0,3440.0,1440.0,2.388888888888889,109.68340725465096,120.0,3000,350.0,VA,4.442516268980477,4.9536,XLarge,QHD,1,0,Iiyama
Gigabyte Aorus MO34WQC2,3479.0,4117.0,84391.56,34.0,3440.0,1440.0,2.388888888888889,109.68340725465096,240.0,1500000,250.0,OLED,1.0,4.9536,XLarge,QHD,1,0,Gigabyte
LG 27UL550,3029.0,3029.0,67304.37999999999,27.0,3840.0,2160.0,1.7777777777777777,163.17830889498507,60.0,1000,300.0,IPS,5.0,8.2944,Large,4K,0,0,LG
Lenovo L22i-30,677.0,677.0,15042.939999999999,22.0,1920.0,1080.0,1.7777777777777777,100.13214409464992,75.0,1000,250.0,IPS,5.0,2.0736,Small,FullHD,0,0,Lenovo
LG 32U631A,780.0,1014.0,19931.34,31.5,2560.0,1440.0,1.7777777777777777,93.24474793999147,100.0,1000,250.0,IPS,5.0,3.6864,Large,QHD,0,0,LG
Acer UT241YAbmihuzx,1793.0,1793.0,39840.46,23.8,1920.0,1080.0,1.7777777777777777,92.55912479337388,75.0,1000,250.0,IPS,4.0,2.0736,Small,FullHD,0,0,Acer
Iiyama ProLite TF5039AS-B1AG,8388.0,10485.0,209679.03,49.5,3840.0,2160.0,1.7777777777777777,89.00635030635549,60.0,5000,435.0,VA,4.442516268980477,8.2944,XLarge,4K,0,0,Iiyama
BenQ BL2490T,621.0,907.0,16976.079999999998,23.8,1920.0,1080.0,1.7777777777777777,92.55912479337388,100.0,1300,250.0,IPS,5.0,2.0736,Small,FullHD,0,0,BenQ
MSI PRO MP275P,389.0,1100.0,16542.79,27.0,1920.0,1080.0,1.7777777777777777,81.58915444749253,100.0,1000,300.0,IPS,4.0,2.0736,Large,FullHD,0,0,MSI
Neovo PM-48,6027.0,6027.0,133919.94,48.0,1920.0,1080.0,1.7777777777777777,45.89389937671455,60.0,4000,350.0,IPS,3.0,2.0736,XLarge,FullHD,0,0,Neovo
Iiyama G-Master GCB4580DQSN-B1,2761.0,3830.0,73226.01,44.5,5120.0,1440.0,3.5555555555555554,119.5201448168605,165.0,3000,450.0,VA,4.442516268980477,7.3728,XLarge,QHD,1,0,Iiyama
Samsung VH55R-R,15018.0,17541.0,361730.49,55.0,1920.0,1080.0,1.7777777777777777,40.05285763785997,60.0,1100,700.0,IPS,8.0,2.0736,XLarge,FullHD,0,0,Samsung
Acer Predator SpatialLabs View 27 PSV27-2,7290.0,13362.0,229443.72,27.0,3840.0,2160.0,1.7777777777777777,163.17830889498507,160.0,1000,400.0,VA,5.0,8.2944,Large,4K,1,1,Acer
Philips Evnia 42M2N8900,4802.0,6205.0,122287.76999999999,41.54,3840.0,2160.0,1.7777777777777777,106.06197256053434,138.0,1000,450.0,OLED,1.0,8.2944,XLarge,4K,1,1,Philips
Asus TUF Gaming VG34VQ3B,1198.0,1800.0,33307.78,34.0,3440.0,1440.0,2.388888888888889,109.68340725465096,180.0,4000,400.0,VA,4.442516268980477,4.9536,XLarge,QHD,1,0,Asus
Dell Alienware AW3225DM,1154.0,1579.0,30363.629999999997,31.5,2560.0,1440.0,1.7777777777777777,93.24474793999147,180.0,3000,400.0,VA,1.0,3.6864,Large,QHD,1,0,Dell
AOC U27P2,996.0,1375.0,26341.809999999998,27.0,3840.0,2160.0,1.7777777777777777,163.17830889498507,60.0,1000,350.0,IPS,4.0,8.2944,Large,4K,0,0,AOC
Asus HA3281A,26427.0,37106.0,705851.63,31.5,3840.0,2160.0,1.7777777777777777,139.8671219099872,60.0,1000000,250.0,OLED,1.0,8.2944,Large,4K,0,0,Asus
Viewsonic VA2432-H,289.0,516.0,8943.55,24.0,1920.0,1080.0,1.7777777777777777,91.7877987534291,75.0,1000,250.0,IPS,4.0,2.0736,Medium,FullHD,0,0,Viewsonic
Dell UltraSharp U2424H,859.0,1179.0,22642.18,23.8,1920.0,1080.0,1.7777777777777777,92.55912479337388,120.0,1000,250.0,IPS,8.0,2.0736,Small,FullHD,1,0,Dell
Lenovo ThinkVision T27p-30,1596.0,2049.0,40495.95,27.0,3840.0,2160.0,1.7777777777777777,163.17830889498507,60.0,1300,350.0,IPS,4.0,8.2944,Large,4K,0,0,Lenovo
MSI PRO MP2412C,330.0,387.0,7965.87,23.6,1920.0,1080.0,1.7777777777777777,93.34352415602959,100.0,3000,250.0,VA,4.0,2.0736,Small,FullHD,0,0,MSI
MSI MAG 255F E20,409.0,506.0,10165.65,24.5,1920.0,1080.0,1.7777777777777777,89.91457837070605,200.0,1000,300.0,IPS,4.951367781155016,2.0736,Medium,FullHD,1,0,MSI
HP V22v G5,459.0,1011.0,16331.699999999999,21.45,1920.0,1080.0,1.7777777777777777,102.69963496887172,75.0,3000,200.0,VA,5.0,2.0736,Small,FullHD,0,0,HP
HP V27i G5,540.0,857.0,15520.67,27.0,1920.0,1080.0,1.7777777777777777,81.58915444749253,75.0,1000,250.0,IPS,5.0,2.0736,Large,FullHD,0,0,HP
Iiyama ProLite XUB2493QSU-B1,1195.0,1195.0,26552.899999999998,23.8,2560.0,1440.0,1.7777777777777777,123.41216639116517,60.0,1000,300.0,IPS,4.0,3.6864,Small,QHD,0,0,Iiyama
Philips 245B1,799.0,1058.0,20631.27,24.0,2560.0,1440.0,1.7777777777777777,122.3837316712388,75.0,1000,250.0,IPS,4.0,3.6864,Medium,QHD,0,0,Philips
Samsung Odyssey G75F 37,2899.0,4112.0,77892.20999999999,37.0,3840.0,2160.0,1.7777777777777777,119.0760632476918,165.0,3000,350.0,VA,1.0,8.2944,XLarge,4K,1,1,Samsung
Samsung S32A600NWI,1469.0,1493.0,32907.82,32.0,2560.0,1440.0,1.7777777777777777,91.7877987534291,75.0,3000,300.0,VA,5.0,3.6864,XLarge,QHD,0,0,Samsung
MSI PRO MP243XP,508.0,609.0,12409.869999999999,23.8,1920.0,1080.0,1.7777777777777777,92.55912479337388,100.0,1000,300.0,IPS,4.0,2.0736,Small,FullHD,0,0,MSI
Asus VT229H,1031.0,1250.0,25341.91,22.0,1920.0,1080.0,1.7777777777777777,100.13214409464992,60.0,1000,250.0,IPS,5.0,2.0736,Small,FullHD,0,0,Asus
AOC AGON PRO AG246FK,1889.0,2708.0,51072.67,24.1,1920.0,1080.0,1.7777777777777777,91.40693651793768,540.0,1000,400.0,TN,4.1020408163265305,2.0736,Medium,FullHD,1,0,AOC
Iiyama ProLite X3270QSU-B1,714.0,1142.0,20620.16,31.5,2560.0,1440.0,1.7777777777777777,93.24474793999147,100.0,1200,250.0,IPS,3.0,3.6864,Large,QHD,0,0,Iiyama
Gigabyte Aorus FO27Q3,3679.0,4091.0,86324.7,27.0,2560.0,1440.0,1.7777777777777777,108.78553926332337,360.0,1500000,250.0,OLED,1.0,3.6864,Large,QHD,1,0,Gigabyte
Asus MB14AC,659.0,839.0,16642.78,14.0,1920.0,1080.0,1.7777777777777777,157.3505121487356,60.0,700,250.0,IPS,5.0,2.0736,Small,FullHD,0,0,Asus
Acer CB342CKsmiiphzx,3909.0,3909.0,86857.98,34.0,3440.0,1440.0,2.388888888888889,109.68340725465096,75.0,1000,250.0,IPS,4.0,4.9536,XLarge,QHD,0,0,Acer
Hannspree HL320UPB,1080.0,1133.0,24586.43,31.5,1920.0,1080.0,1.7777777777777777,69.9335609549936,60.0,1200,300.0,IPS,8.0,2.0736,Large,FullHD,0,0,Hannspree
LG 32U850SA,2251.0,2804.0,56161.049999999996,31.5,3840.0,2160.0,1.7777777777777777,139.8671219099872,60.0,1000,400.0,IPS,5.0,8.2944,Large,4K,0,0,LG
Asus TUF Gaming VG279QM,969.0,1408.0,26408.469999999998,27.0,1920.0,1080.0,1.7777777777777777,81.58915444749253,280.0,1000,400.0,IPS,1.0,2.0736,Large,FullHD,1,0,Asus
Lenovo T24t-20,1439.0,1634.0,34141.03,24.0,1920.0,1080.0,1.7777777777777777,91.7877987534291,60.0,1000,300.0,Other,4.0,2.0736,Medium,FullHD,0,0,Lenovo
HP P22v G5,399.0,1085.0,16487.239999999998,22.0,1920.0,1080.0,1.7777777777777777,100.13214409464992,75.0,3000,200.0,VA,5.0,2.0736,Small,FullHD,0,0,HP
Terra 2756W PV V3,914.0,914.0,20309.079999999998,27.0,1920.0,1080.0,1.7777777777777777,81.58915444749253,75.0,1000,300.0,IPS,5.0,2.0736,Large,FullHD,0,0,Terra
LG UltraWide 34BQ77QC,2159.0,2369.0,50306.079999999994,34.0,3440.0,1440.0,2.388888888888889,109.68340725465096,60.0,1000,300.0,IPS,5.0,4.9536,XLarge,QHD,0,0,LG
AOC CU34G2XPD,1314.0,1314.0,29197.079999999998,34.0,3440.0,1440.0,2.388888888888889,109.68340725465096,180.0,4000,430.0,VA,1.0,4.9536,XLarge,QHD,1,0,AOC
Dell UltraSharp U2722DE,1906.0,2292.0,46639.78,27.0,2560.0,1440.0,1.7777777777777777,108.78553926332337,60.0,1000,350.0,IPS,5.0,3.6864,Large,QHD,0,0,Dell
Acer Predator X45bmiiphuzx,7324.0,8241.0,172927.15,45.0,3440.0,1440.0,2.388888888888889,82.87190770351405,240.0,1000000,150.0,OLED,1.0,4.9536,XLarge,QHD,1,0,Acer
Philips 272S1M,642.0,1022.0,18487.04,27.0,1920.0,1080.0,1.7777777777777777,81.58915444749253,75.0,1000,250.0,IPS,4.0,2.0736,Large,FullHD,0,0,Philips
Gigabyte GS27QC,834.0,1254.0,23197.68,27.0,2560.0,1440.0,1.7777777777777777,108.78553926332337,165.0,4000,250.0,VA,4.442516268980477,3.6864,Large,QHD,1,0,Gigabyte
MSI PRO MP275 E2,469.0,731.0,13332.0,27.0,1920.0,1080.0,1.7777777777777777,81.58915444749253,120.0,1500,300.0,IPS,4.0,2.0736,Large,FullHD,1,0,MSI
Samsung Odyssey G9 49,5284.0,5284.0,117410.48,49.0,5120.0,1440.0,3.5555555555555554,108.54380498674065,240.0,2500,1000.0,Other,1.0,7.3728,XLarge,QHD,1,0,Samsung
AOC Q27B35S3,572.0,653.0,13609.75,27.0,2560.0,1440.0,1.7777777777777777,108.78553926332337,120.0,1000,300.0,IPS,4.0,3.6864,Large,QHD,1,0,AOC
LG Gram + view 16MR70,1117.0,1506.0,29141.53,16.0,2560.0,1600.0,1.6,188.67962264113208,60.0,1200,350.0,IPS,4.951367781155016,4.096,Small,QHD,0,0,LG
Asus ProArt PA329CV,2828.0,3592.0,71326.2,32.0,3840.0,2160.0,1.7777777777777777,137.68169813014364,60.0,1000,400.0,IPS,5.0,8.2944,XLarge,4K,0,0,Asus
Samsung F24T450G,484.0,863.0,14965.17,24.0,1920.0,1200.0,1.6,94.33981132056603,75.0,1000,250.0,IPS,5.0,2.304,Medium,FullHD,0,0,Samsung
Iiyama ProLite TE8615A-B1AG,10158.0,12696.0,253907.93999999997,85.6,3840.0,2160.0,1.7777777777777777,51.46979369351165,60.0,1200,550.0,IPS,8.0,8.2944,XLarge,4K,0,0,Iiyama
Acer Predator Z57bmiiphuzx,10000.0,14940.0,277083.39999999997,57.1,7680.0,2160.0,3.5555555555555554,139.71925860815128,120.0,3000,400.0,VA,4.442516268980477,16.5888,XLarge,4K,1,1,Acer
LG UltraWide 35BN77CP,1466.0,1796.0,36240.82,35.0,3440.0,1440.0,2.388888888888889,106.54959561880379,100.0,2500,300.0,VA,5.0,4.9536,XLarge,QHD,0,0,LG
Samsung Odyssey G3 27,790.0,1249.0,22653.289999999997,27.0,1920.0,1080.0,1.7777777777777777,81.58915444749253,144.0,3000,250.0,VA,4.0,2.0736,Large,FullHD,1,0,
Gigabyte Aorus FO32U,3764.0,4831.0,95490.45,31.5,3840.0,2160.0,1.7777777777777777,139.8671219099872,165.0,1500000,250.0,OLED,1.0,8.2944,Large,4K,1,1,Gigabyte
Gigabyte GS27QCA,614.0,959.0,17476.03,27.0,2560.0,1440.0,1.7777777777777777,108.78553926332337,180.0,5000,250.0,VA,4.442516268980477,3.6864,Large,QHD,1,0,Gigabyte
Acer CB242YEbmiprx,461.0,610.0,11898.81,23.8,1920.0,1080.0,1.7777777777777777,92.55912479337388,100.0,1000,250.0,IPS,4.951367781155016,2.0736,Small,FullHD,0,0,Acer
Philips 242E2FA,521.0,521.0,11576.619999999999,24.0,1920.0,1080.0,1.7777777777777777,91.7877987534291,75.0,1000,300.0,IPS,4.0,2.0736,Medium,FullHD,0,0,Philips
KOORUI 22N1,419.0,425.0,9376.84,21.5,1920.0,1080.0,1.7777777777777777,102.460798608479,75.0,3000,250.0,VA,6.0,2.0736,Small,FullHD,0,0,KOORUI
AOC C32G2ZE,701.0,1234.0,21497.85,32.0,1920.0,1080.0,1.7777777777777777,68.84084906507182,240.0,4000,300.0,VA,4.0,2.0736,XLarge,FullHD,1,0,AOC
Philips Evnia 49M2C8900L,3609.0,4029.0,84858.18,48.9,5120.0,1440.0,3.5555555555555554,108.76577595808368,144.0,1000000,250.0,OLED,1.0,7.3728,XLarge,QHD,1,0,Philips
BenQ GW2490T,543.0,660.0,13365.33,23.8,1920.0,1080.0,1.7777777777777777,92.55912479337388,100.0,1300,250.0,IPS,5.0,2.0736,Small,FullHD,0,0,BenQ
Samsung C32R500F,755.0,938.0,18809.23,32.0,1920.0,1080.0,1.7777777777777777,68.84084906507182,75.0,1000,300.0,VA,4.0,2.0736,XLarge,FullHD,0,0,Samsung
Acer Vero V277Ebmipxv,480.0,485.0,10721.15,27.0,1920.0,1080.0,1.7777777777777777,81.58915444749253,100.0,1000,250.0,IPS,4.0,2.0736,Large,FullHD,0,0,Acer
Acer Nitro XV270F5bmiiprzx,1989.0,2058.0,44962.17,27.0,1920.0,1080.0,1.7777777777777777,81.58915444749253,520.0,1000,400.0,IPS,4.951367781155016,2.0736,Large,FullHD,1,0,Acer
Samsung ViewFinity S65UC 34,1446.0,2399.0,42717.95,34.0,3440.0,1440.0,2.388888888888889,109.68340725465096,100.0,3000,350.0,VA,5.0,4.9536,XLarge,QHD,0,0,Samsung
Samsung S24A400V,844.0,1404.0,24975.28,24.0,1920.0,1080.0,1.7777777777777777,91.7877987534291,75.0,1000,250.0,IPS,5.0,2.0736,Medium,FullHD,0,0,Samsung
MSI Optix G32C4X,1238.0,1552.0,30996.899999999998,31.5,1920.0,1080.0,1.7777777777777777,69.9335609549936,250.0,3000,300.0,VA,4.442516268980477,2.0736,Large,FullHD,1,0,MSI
Asus ZenScreen Touch MB16AHT,1139.0,1468.0,28963.769999999997,15.6,1920.0,1080.0,1.7777777777777777,141.21199808219862,60.0,700,250.0,IPS,5.0,2.0736,Small,FullHD,0,0,Asus
AOC 24G2SPU,766.0,1527.0,25475.23,23.8,1920.0,1080.0,1.7777777777777777,92.55912479337388,165.0,1000,300.0,IPS,4.0,2.0736,Small,FullHD,1,0,AOC
HP P34hc G4,1655.0,3135.0,53216.899999999994,34.0,3440.0,1440.0,2.388888888888889,109.68340725465096,60.0,3500,250.0,VA,5.0,4.9536,XLarge,QHD,0,0,HP
Dell SE2722H,393.0,499.0,9910.119999999999,27.0,1920.0,1080.0,1.7777777777777777,81.58915444749253,75.0,3000,250.0,VA,4.0,2.0736,Large,FullHD,0,0,Dell
Acer Nitro VG240YM3bmiipx,497.0,620.0,12409.869999999999,24.0,1920.0,1080.0,1.7777777777777777,91.7877987534291,180.0,1000,250.0,IPS,1.0,2.0736,Medium,FullHD,1,0,Acer
Eizo FlexScan EV2495,2259.0,3422.0,63115.909999999996,24.0,1920.0,1200.0,1.6,94.33981132056603,60.0,1000,350.0,IPS,5.0,2.304,Medium,FullHD,0,0,Eizo
Viewsonic IFP8662,24256.0,24256.0,538968.32,86.0,3840.0,2160.0,1.7777777777777777,51.2303993042395,60.0,1200,350.0,Other,8.0,8.2944,XLarge,4K,0,0,Viewsonic
Sony BRAVIA FW-55EZ20L,3763.0,4548.0,92335.20999999999,55.0,3840.0,2160.0,1.7777777777777777,80.10571527571994,60.0,1200,350.0,IPS,8.0,8.2944,XLarge,4K,0,0,Sony
MSI G255F,419.0,854.0,14143.029999999999,24.5,1920.0,1080.0,1.7777777777777777,89.91457837070605,180.0,1000,300.0,IPS,1.0,2.0736,Medium,FullHD,1,0,MSI
KOORUI GN07,1007.0,1007.0,22375.539999999997,27.0,2560.0,1440.0,1.7777777777777777,108.78553926332337,170.0,1000,300.0,IPS,4.951367781155016,3.6864,Large,QHD,1,0,KOORUI
Asus VP32UQ,1682.0,1838.0,39107.2,32.0,3840.0,2160.0,1.7777777777777777,137.68169813014364,60.0,1000,350.0,IPS,4.0,8.2944,XLarge,4K,0,0,Asus
Asus TUF Gaming VG27AQ,1066.0,1446.0,27908.32,27.0,2560.0,1440.0,1.7777777777777777,108.78553926332337,165.0,1000,350.0,IPS,4.0,3.6864,Large,QHD,1,0,Asus
Iiyama ProLite TE6512MIS-B3AG,5114.0,7162.0,136386.36,65.0,3840.0,2160.0,1.7777777777777777,67.78175907945533,60.0,1200,350.0,IPS,8.0,8.2944,XLarge,4K,0,0,Iiyama
Asus ZenScreen Touch MB16AMTR,1512.0,1923.0,38162.85,15.6,1920.0,1080.0,1.7777777777777777,141.21199808219862,60.0,700,250.0,IPS,5.0,2.0736,Small,FullHD,0,0,Asus
Viewsonic VP3256-4K,2667.0,3311.0,66415.58,31.5,3840.0,2160.0,1.7777777777777777,139.8671219099872,60.0,1000,350.0,IPS,5.0,8.2944,Large,4K,0,0,Viewsonic
Lenovo ThinkVision E24-30,469.0,780.0,13876.39,23.8,1920.0,1080.0,1.7777777777777777,92.55912479337388,100.0,1300,250.0,IPS,6.0,2.0736,Small,FullHD,0,0,Lenovo
Samsung UD46E-C,6499.0,6499.0,144407.78,46.0,1920.0,1080.0,1.7777777777777777,47.88928630613692,75.0,3500,500.0,Other,8.0,2.0736,XLarge,FullHD,0,0,Samsung
Lenovo D24-40,329.0,452.0,8676.91,23.8,1920.0,1080.0,1.7777777777777777,92.55912479337388,75.0,3000,250.0,VA,5.0,2.0736,Small,FullHD,0,0,Lenovo
MSI PRO MP251,319.0,888.0,13409.769999999999,24.5,1920.0,1080.0,1.7777777777777777,89.91457837070605,100.0,1300,300.0,IPS,4.0,2.0736,Medium,FullHD,0,0,MSI
Lenovo ThinkVision T24-40,666.0,797.0,16253.929999999998,23.8,1920.0,1080.0,1.7777777777777777,92.55912479337388,120.0,1500,250.0,IPS,4.0,2.0736,Small,FullHD,1,0,Lenovo
Philips 27E1N1600AE,735.0,924.0,18431.489999999998,27.0,2560.0,1440.0,1.7777777777777777,108.78553926332337,100.0,1500,350.0,IPS,4.0,3.6864,Large,QHD,0,0,Philips
AOC Q27G2E,567.0,897.0,16265.039999999999,27.0,2560.0,1440.0,1.7777777777777777,108.78553926332337,144.0,1000,369.7073170731707,VA,4.442516268980477,3.6864,Large,QHD,1,0,AOC
Iiyama ProLite TE6514MIS-B2AG,6804.0,8153.0,166172.27,65.0,3840.0,2160.0,1.7777777777777777,67.78175907945533,60.0,4000,450.0,VA,4.442516268980477,8.2944,XLarge,4K,0,0,Iiyama
LG 24BA55W,844.0,844.0,18753.68,24.0,1920.0,1200.0,1.6,94.33981132056603,75.0,1000,350.0,IPS,5.0,2.304,Medium,FullHD,0,0,LG
MSI MAG 274QF X24,1099.0,1299.0,26641.78,27.0,2560.0,1440.0,1.7777777777777777,108.78553926332337,240.0,1000,250.0,IPS,4.951367781155016,3.6864,Large,QHD,1,0,MSI
ASRock Phantom Gaming PG27FF1A,516.0,882.0,15531.779999999999,27.0,1920.0,1080.0,1.7777777777777777,81.58915444749253,165.0,1100,250.0,IPS,5.0,2.0736,Large,FullHD,1,0,ASRock
Eizo FlexScan EV2740X-BK,3600.0,4853.0,93912.83,27.0,3840.0,2160.0,1.7777777777777777,163.17830889498507,60.0,2000,350.0,IPS,5.0,8.2944,Large,4K,0,0,Eizo
Acer Nitro VG240YGbip,349.0,599.0,10532.279999999999,23.8,1920.0,1080.0,1.7777777777777777,92.55912479337388,120.0,1000,250.0,IPS,4.951367781155016,2.0736,Small,FullHD,1,0,Acer
Viewsonic XG321UG,15260.0,15260.0,339077.2,32.0,3840.0,2160.0,1.7777777777777777,137.68169813014364,144.0,1000,400.0,IPS,3.0,8.2944,XLarge,4K,1,1,Viewsonic
Asus VA27UQSB,1053.0,1509.0,28463.82,27.0,3840.0,2160.0,1.7777777777777777,163.17830889498507,60.0,1000,350.0,IPS,5.0,8.2944,Large,4K,0,0,Asus
TCL 25G64,857.0,1300.0,23964.27,24.5,1920.0,1080.0,1.7777777777777777,89.91457837070605,300.0,1000,600.0,IPS,1.0,2.0736,Medium,FullHD,1,0,TCL
Acer Vero B278UEbemiqprcuzx,1148.0,1223.0,26341.809999999998,27.0,2560.0,1440.0,1.7777777777777777,108.78553926332337,100.0,1000,350.0,IPS,4.0,3.6864,Large,QHD,0,0,Acer
Philips 27B2N3500J,780.0,919.0,18875.89,27.0,2560.0,1440.0,1.7777777777777777,108.78553926332337,120.0,1500,350.0,IPS,4.0,3.6864,Large,QHD,1,0,Philips
Iiyama ProLite TF1534MC-B7X,1807.0,2132.0,43762.29,15.0,1024.0,768.0,1.3333333333333333,85.33333333333333,146.44827586206895,700,330.0,TN,8.0,0.786432,Small,HD,1,0,Iiyama
MSI Modern MD272QXP,1025.0,1025.0,22775.5,27.0,2560.0,1440.0,1.7777777777777777,108.78553926332337,100.0,1000,400.0,IPS,4.0,3.6864,Large,QHD,0,0,MSI
Asus BE24EQSK,860.0,940.0,19998.0,24.0,1920.0,1080.0,1.7777777777777777,91.7877987534291,75.0,1000,300.0,IPS,5.0,2.0736,Medium,FullHD,0,0,Asus
LG 43UH7N-E,3502.0,4810.0,92346.31999999999,43.0,3840.0,2160.0,1.7777777777777777,102.460798608479,60.0,1000,700.0,IPS,8.0,8.2944,XLarge,4K,0,0,LG
LG 27BP55U,1120.0,1239.0,26208.489999999998,27.0,3840.0,2160.0,1.7777777777777777,163.17830889498507,60.0,1000,300.0,IPS,5.0,8.2944,Large,4K,0,0,LG
Neovo LH-2703,644.0,644.0,14309.679999999998,27.0,1920.0,1080.0,1.7777777777777777,81.58915444749253,100.0,1000,250.0,IPS,5.0,2.0736,Large,FullHD,0,0,Neovo
Hannspree HS322UPB,1338.0,1338.0,29730.359999999997,31.5,2560.0,1440.0,1.7777777777777777,93.24474793999147,60.0,1200,350.0,IPS,5.0,3.6864,Large,QHD,0,0,Hannspree
NEC V463,11307.0,11307.0,251241.53999999998,46.0,1920.0,1080.0,1.7777777777777777,47.88928630613692,85.0,4000,500.0,VA,4.442516268980477,2.0736,XLarge,FullHD,0,0,NEC
Viewsonic VA3420C,1141.0,1600.0,30452.51,34.0,3440.0,1440.0,2.388888888888889,109.68340725465096,120.0,2000,300.0,IPS,4.951367781155016,4.9536,XLarge,QHD,1,0,Viewsonic
LG UltraGear 32GS75QX,1243.0,1494.0,30408.07,31.5,2560.0,1440.0,1.7777777777777777,93.24474793999147,180.0,1200,400.0,IPS,1.0,3.6864,Large,QHD,1,0,LG
Iiyama ProLite XUB2792HSC-B5,915.0,1091.0,22286.66,27.0,1920.0,1080.0,1.7777777777777777,81.58915444749253,75.0,1000,250.0,IPS,4.0,2.0736,Large,FullHD,0,0,Iiyama
Asus ProArt PA148CTV,1708.0,1933.0,40451.509999999995,14.0,1920.0,1080.0,1.7777777777777777,157.3505121487356,60.0,700,342.715043074884,IPS,5.0,2.0736,Small,FullHD,0,0,Asus
Xiaomi Mi Gaming Display 27,705.0,1320.0,22497.75,27.0,2560.0,1440.0,1.7777777777777777,108.78553926332337,165.0,1000,400.0,IPS,4.0,3.6864,Large,QHD,1,0,Xiaomi
Philips Evnia 32M1C5200W,779.0,1026.0,20053.55,31.5,1920.0,1080.0,1.7777777777777777,69.9335609549936,240.0,3500,300.0,VA,4.0,2.0736,Large,FullHD,1,0,Philips
Samsung VM55B-E,10700.0,12783.0,260896.12999999998,55.0,1920.0,1080.0,1.7777777777777777,40.05285763785997,60.0,1000,500.0,IPS,8.0,2.0736,XLarge,FullHD,0,0,Samsung
AOC AGON PRO AG326UD,2974.0,3597.0,73003.81,31.5,3840.0,2160.0,1.7777777777777777,139.8671219099872,165.0,1500000,250.0,OLED,1.0,8.2944,Large,4K,1,1,AOC
Panasonic TH-98SQ2H,76141.0,76141.0,1691853.02,97.5,3840.0,2160.0,1.7777777777777777,45.18783938630356,60.0,1200,700.0,IPS,8.0,8.2944,XLarge,4K,0,0,Panasonic
Verbatim PM-14,540.0,588.0,12532.08,14.0,1920.0,1080.0,1.7777777777777777,157.3505121487356,103.74406332453826,1000,250.0,IPS,6.0,2.0736,Small,FullHD,0,0,Verbatim
MSI MAG 346CQ,1249.0,1249.0,27752.78,34.0,3440.0,1440.0,2.388888888888889,109.68340725465096,180.0,4000,300.0,VA,4.442516268980477,4.9536,XLarge,QHD,1,0,MSI
Neovo X-19E,2394.0,2917.0,59005.21,19.0,1280.0,1024.0,1.25,86.27367393593732,75.0,1000,250.0,TN,3.0,1.31072,Small,HD,0,0,Neovo
Acer Vero B277UGbmiiprzx,761.0,1099.0,20664.6,27.0,2560.0,1440.0,1.7777777777777777,108.78553926332337,120.0,1500,350.0,IPS,4.0,3.6864,Large,QHD,1,0,Acer
Dell S2721HGF,1106.0,1106.0,24575.32,27.0,1920.0,1080.0,1.7777777777777777,81.58915444749253,144.0,3000,350.0,VA,4.0,2.0736,Large,FullHD,1,0,Dell
Viewsonic VP3881a,4549.0,6715.0,125143.04,38.0,3840.0,1600.0,2.4,109.47368421052632,60.0,1000,342.715043074884,IPS,5.0,6.144,XLarge,QHD,0,0,Viewsonic
Iiyama G-Master G2770QSU-B6,799.0,1093.0,21020.12,27.0,2560.0,1440.0,1.7777777777777777,108.78553926332337,180.0,1200,400.0,IPS,4.951367781155016,3.6864,Large,QHD,1,0,Iiyama
Dell S2425H,429.0,499.0,10310.08,23.8,1920.0,1080.0,1.7777777777777777,92.55912479337388,100.0,1500,250.0,IPS,8.0,2.0736,Small,FullHD,0,0,Dell
Dell Pro Plus P3225QE,2185.0,3122.0,58960.77,31.5,3840.0,2160.0,1.7777777777777777,139.8671219099872,100.0,1500,350.0,IPS,5.0,8.2944,Large,4K,0,0,Dell
AOC 27B2QAM,527.0,920.0,16076.17,27.0,1920.0,1080.0,1.7777777777777777,81.58915444749253,75.0,4000,369.7073170731707,VA,4.0,2.0736,Large,FullHD,0,0,AOC
Acer Vero B248YEbemiqprcuzxv,961.0,1004.0,21831.149999999998,23.8,1920.0,1080.0,1.7777777777777777,92.55912479337388,100.0,1000,300.0,IPS,4.0,2.0736,Small,FullHD,0,0,Acer
Asus VZ279HEG1R,1619.0,1619.0,35974.18,27.0,1920.0,1080.0,1.7777777777777777,81.58915444749253,75.0,1000,250.0,IPS,4.951367781155016,2.0736,Large,FullHD,0,0,Asus
KTC Q24T09,716.0,2000.0,30174.76,23.8,2560.0,1440.0,1.7777777777777777,123.41216639116517,180.0,1000,350.0,IPS,3.0,3.6864,Small,QHD,1,0,KTC
Asus ROG Swift OLED PG27AQDM,3078.0,4923.0,88891.11,26.5,2560.0,1440.0,1.7777777777777777,110.83809660791438,240.0,1500000,450.0,OLED,1.0,3.6864,Medium,QHD,1,0,Asus
Samsung ViewFinity S90PC 27,4443.0,6294.0,119288.06999999999,27.0,5120.0,2880.0,1.7777777777777777,217.57107852664674,60.0,1000,600.0,IPS,5.0,14.7456,Large,4K,0,0,Samsung
Samsung Odyssey Neo G9 49,13409.0,13409.0,297947.98,49.0,5120.0,1440.0,3.5555555555555554,108.54380498674065,240.0,1000,420.0,VA,1.0,7.3728,XLarge,QHD,1,0,Samsung
LG UltraWide 34BA85QE,1819.0,1986.0,42273.549999999996,34.0,3440.0,1440.0,2.388888888888889,109.68340725465096,60.0,1000,300.0,IPS,5.0,4.9536,XLarge,QHD,0,0,LG
Iiyama ProLite XU2293HS-B5,306.0,395.0,7788.11,21.5,1920.0,1080.0,1.7777777777777777,102.460798608479,75.0,1000,250.0,IPS,3.0,2.0736,Small,FullHD,0,0,Iiyama
LG 55CT5WJ,18675.0,18675.0,414958.5,55.0,3840.0,2160.0,1.7777777777777777,80.10571527571994,60.0,1000,450.0,IPS,9.0,8.2944,XLarge,4K,0,0,LG
Neovo LW-2202,322.0,802.0,12487.64,21.5,1920.0,1080.0,1.7777777777777777,102.460798608479,60.0,1000,250.0,VA,5.0,2.0736,Small,FullHD,0,0,Neovo
NEC M431,5186.0,7203.0,137641.78999999998,43.0,3840.0,2160.0,1.7777777777777777,102.460798608479,60.0,1000,500.0,IPS,8.0,8.2944,XLarge,4K,0,0,NEC
LG UltraFine 32UQ750P,2838.0,2838.0,63060.35999999999,31.5,3840.0,2160.0,1.7777777777777777,139.8671219099872,144.0,2500,400.0,VA,4.0,8.2944,Large,4K,1,1,LG
Philips 279C9,2411.0,2411.0,53572.42,27.0,3840.0,2160.0,1.7777777777777777,163.17830889498507,60.0,1300,400.0,IPS,5.0,8.2944,Large,4K,0,0,Philips
Asus VP229HF,359.0,477.0,9287.96,21.5,1920.0,1080.0,1.7777777777777777,102.460798608479,100.0,1000,250.0,IPS,4.951367781155016,2.0736,Small,FullHD,0,0,Asus
Asus ProArt PA27UCGE,3325.0,3834.0,79536.48999999999,27.0,3840.0,2160.0,1.7777777777777777,163.17830889498507,160.0,1000,600.0,IPS,1.0,8.2944,Large,4K,1,1,Asus
MSI G274F,569.0,883.0,16131.72,27.0,1920.0,1080.0,1.7777777777777777,81.58915444749253,180.0,1000,250.0,IPS,1.0,2.0736,Large,FullHD,1,0,MSI
Acer V176Lbmi,519.0,905.0,15820.64,17.0,1280.0,1024.0,1.25,96.42351792840054,75.0,1000,250.0,TN,5.0,1.31072,Small,HD,0,0,Acer
Acer Nitro KG241YP3bip,384.0,613.0,11076.67,23.8,1920.0,1080.0,1.7777777777777777,92.55912479337388,180.0,3000,250.0,VA,4.442516268980477,2.0736,Small,FullHD,1,0,Acer
ASRock Phantom Gaming PGO27QFV,2539.0,3439.0,66415.58,27.0,2560.0,1440.0,1.7777777777777777,108.78553926332337,360.0,1500000,250.0,OLED,1.0,3.6864,Large,QHD,1,0,ASRock
MSI PRO MP273U,864.0,1028.0,21020.12,27.0,3840.0,2160.0,1.7777777777777777,163.17830889498507,60.0,1000,300.0,IPS,4.0,8.2944,Large,4K,0,0,MSI
Viewsonic VX2479A-HD-PRO,499.0,817.0,14620.759999999998,23.8,1920.0,1080.0,1.7777777777777777,92.55912479337388,240.0,1000,250.0,IPS,4.951367781155016,2.0736,Small,FullHD,1,0,Viewsonic
Acer Predator XB273KV3bmiiprx,1690.0,2582.0,47461.92,27.0,3840.0,2160.0,1.7777777777777777,163.17830889498507,160.0,1000,400.0,IPS,4.951367781155016,8.2944,Large,4K,1,1,Acer
Lenovo L24i-40,548.0,734.0,14243.019999999999,23.8,1920.0,1080.0,1.7777777777777777,92.55912479337388,75.0,1300,250.0,IPS,4.0,2.0736,Small,FullHD,0,0,Lenovo
LG 27UP85NP,1264.0,1518.0,30908.019999999997,27.0,3840.0,2160.0,1.7777777777777777,163.17830889498507,60.0,1200,400.0,IPS,5.0,8.2944,Large,4K,0,0,LG
LG UltraGear 34GN850P,2572.0,2572.0,57149.84,34.0,3440.0,1440.0,2.388888888888889,109.68340725465096,144.0,1000,400.0,IPS,1.0,4.9536,XLarge,QHD,1,0,LG
Philips 49B2U6903CH,5057.0,12088.0,190480.94999999998,48.8,5120.0,1440.0,3.5555555555555554,108.98865664652239,100.0,3000,450.0,VA,4.0,7.3728,XLarge,QHD,0,0,Philips
AOC U32E2N,1816.0,1816.0,40351.52,32.0,3840.0,2160.0,1.7777777777777777,137.68169813014364,60.0,2500,350.0,VA,4.0,8.2944,XLarge,4K,0,0,AOC
LG UltraWide 38BR85QC,4165.0,4700.0,98490.15,37.5,3840.0,1600.0,2.4,110.93333333333334,144.0,1000,450.0,IPS,1.0,6.144,XLarge,QHD,1,0,LG
Lenovo ThinkVision E24q-30,639.0,981.0,17998.2,23.8,2560.0,1440.0,1.7777777777777777,123.41216639116517,100.0,1300,300.0,IPS,6.0,3.6864,Small,QHD,0,0,Lenovo
Philips 32E1N1800LA,934.0,1369.0,25586.329999999998,31.5,3840.0,2160.0,1.7777777777777777,139.8671219099872,60.0,3500,300.0,VA,4.0,8.2944,Large,4K,0,0,Philips
Asus ROG Strix XG27ACG,1316.0,1904.0,35774.2,27.0,2560.0,1440.0,1.7777777777777777,108.78553926332337,180.0,1000,400.0,IPS,1.0,3.6864,Large,QHD,1,0,Asus
Asus TUF Gaming VG249Q3R,445.0,711.0,12843.16,23.8,1920.0,1080.0,1.7777777777777777,92.55912479337388,180.0,1000,250.0,IPS,1.0,2.0736,Small,FullHD,1,0,Asus
Samsung VH55C-R,8412.0,14283.0,252141.44999999998,55.0,1920.0,1080.0,1.7777777777777777,40.05285763785997,60.0,1100,700.0,IPS,8.0,2.0736,XLarge,FullHD,0,0,Samsung
Philips 222V8LA,327.0,402.0,8099.19,22.0,1920.0,1080.0,1.7777777777777777,100.13214409464992,75.0,3000,250.0,VA,4.0,2.0736,Small,FullHD,0,0,Philips
Viewsonic VG2408A,435.0,730.0,12943.15,23.8,1920.0,1080.0,1.7777777777777777,92.55912479337388,100.0,1300,250.0,IPS,5.0,2.0736,Small,FullHD,0,0,Viewsonic
Iiyama G-Master GB3271QSU-B2,1067.0,1241.0,25641.879999999997,31.5,2560.0,1440.0,1.7777777777777777,93.24474793999147,180.0,1000,400.0,IPS,4.951367781155016,3.6864,Large,QHD,1,0,Iiyama
UPERFECT USetup E7,689.0,689.0,15309.58,15.6,1920.0,1080.0,1.7777777777777777,141.21199808219862,60.0,800,250.0,IPS,16.0,2.0736,Small,FullHD,0,0,UPERFECT
Asus ROG Swift OLED PG32UCDM,5211.0,6260.0,127442.81,31.5,3840.0,2160.0,1.7777777777777777,139.8671219099872,240.0,1500000,250.0,OLED,1.0,8.2944,Large,4K,1,1,Asus
Viewsonic VX2418C,596.0,684.0,14220.8,23.6,1920.0,1080.0,1.7777777777777777,93.34352415602959,165.0,3000,250.0,VA,4.442516268980477,2.0736,Small,FullHD,1,0,Viewsonic
Acer Nitro XF273UF3bmiiprx,1119.0,1119.0,24864.18,27.0,2560.0,1440.0,1.7777777777777777,108.78553926332337,300.0,1000,250.0,IPS,1.0,3.6864,Large,QHD,1,0,Acer
Asus VA247HE,599.0,666.0,14054.15,24.0,1920.0,1080.0,1.7777777777777777,91.7877987534291,75.0,3000,250.0,VA,5.0,2.0736,Medium,FullHD,0,0,Asus
Iiyama ProLite XU2793QSU-B6,825.0,1039.0,20709.039999999997,27.0,2560.0,1440.0,1.7777777777777777,108.78553926332337,100.0,1300,250.0,IPS,4.951367781155016,3.6864,Large,QHD,0,0,Iiyama
Asus ZenScreen Fold OLED MQ17QH,9971.0,12671.0,251552.62,17.3,2560.0,1920.0,1.3333333333333333,184.97109826589593,60.0,1000000,350.0,OLED,1.0,4.9152,Small,QHD,0,0,Asus
Asus ROG Swift OLED PG32UCDMZ,4390.0,5940.0,114766.29999999999,31.5,3840.0,2160.0,1.7777777777777777,139.8671219099872,240.0,1000,294.84496124031006,OLED,1.0,8.2944,Large,4K,1,1,Asus
MSI MAG 325CQRF-QD E2,1690.0,2072.0,41795.82,31.5,2560.0,1440.0,1.7777777777777777,93.24474793999147,180.0,3500,300.0,Other,6.63265306122449,3.6864,Large,QHD,1,0,MSI
Iiyama ProLite XUB2490HSUC-B5,1033.0,1033.0,22953.26,23.8,1920.0,1080.0,1.7777777777777777,92.55912479337388,60.0,1000,250.0,IPS,4.0,2.0736,Small,FullHD,0,0,Iiyama
LC-Power LC-M16-4K-UHD-P-OLED,3163.0,3163.0,70281.86,15.6,3840.0,2160.0,1.7777777777777777,282.42399616439724,60.0,100000,440.0,OLED,1.0,8.2944,Small,4K,0,0,LC-Power
Acer Vero V227QE0bi,320.0,320.0,7110.4,21.5,1920.0,1080.0,1.7777777777777777,102.460798608479,100.0,1000,250.0,IPS,4.0,2.0736,Small,FullHD,0,0,Acer
Iiyama ProLite LE4341S-B2,1531.0,2103.0,40373.74,42.5,1920.0,1080.0,1.7777777777777777,51.83310988428937,60.0,1200,350.0,IPS,8.0,2.0736,XLarge,FullHD,0,0,Iiyama
MSI PRO MP243X,319.0,414.0,8143.629999999999,23.8,1920.0,1080.0,1.7777777777777777,92.55912479337388,100.0,1000,250.0,IPS,4.0,2.0736,Small,FullHD,0,0,MSI
Viewsonic VA220-H,279.0,371.0,7221.5,21.5,1920.0,1080.0,1.7777777777777777,102.460798608479,100.0,4000,250.0,VA,4.442516268980477,2.0736,Small,FullHD,0,0,Viewsonic
Acer Predator XB323UGPbmiiphzx,1443.0,6839.0,92013.01999999999,32.0,2560.0,1440.0,1.7777777777777777,91.7877987534291,144.0,1000,600.0,IPS,1.0,3.6864,XLarge,QHD,1,0,Acer
Iiyama ProLite XUB2497HSU-B1,752.0,788.0,17109.399999999998,23.8,1920.0,1080.0,1.7777777777777777,92.55912479337388,100.0,1300,250.0,IPS,4.951367781155016,2.0736,Small,FullHD,0,0,Iiyama
Philips Evnia 27M2C5201L,693.0,798.0,16565.01,27.0,1920.0,1080.0,1.7777777777777777,81.58915444749253,180.0,3000,300.0,VA,1.0,2.0736,Large,FullHD,1,0,Philips
Dahua LM27-B201A,576.0,648.0,13598.64,27.0,1920.0,1080.0,1.7777777777777777,81.58915444749253,100.0,1000,250.0,IPS,5.0,2.0736,Large,FullHD,0,0,Dahua
Philips 27E1N5600HE,1035.0,1464.0,27763.89,27.0,2560.0,1440.0,1.7777777777777777,108.78553926332337,75.0,1000,300.0,IPS,4.0,3.6864,Large,QHD,0,0,Philips
Iiyama ProLite TF2234MC-B1X,2162.0,3106.0,58527.479999999996,22.0,1920.0,1080.0,1.7777777777777777,100.13214409464992,75.0,1000,225.0,IPS,8.0,2.0736,Small,FullHD,0,0,Iiyama
Asus TUF Gaming VG32UQA1A,1953.0,2946.0,54427.89,31.5,3840.0,2160.0,1.7777777777777777,139.8671219099872,160.0,2500,400.0,VA,4.442516268980477,8.2944,Large,4K,1,1,Asus
Samsung QE43T,2233.0,5000.0,80358.62999999999,43.0,3840.0,2160.0,1.7777777777777777,102.460798608479,60.0,4000,300.0,Other,8.0,8.2944,XLarge,4K,0,0,Samsung
Samsung QB43C,2054.0,4078.0,68126.51999999999,42.5,3840.0,2160.0,1.7777777777777777,103.66621976857874,126.92706645056727,4000,350.0,VA,8.0,8.2944,XLarge,4K,1,1,Samsung
Iiyama ProLite T2455MSC-B1,1326.0,1787.0,34585.43,23.8,1920.0,1080.0,1.7777777777777777,92.55912479337388,60.0,1000,400.0,IPS,5.0,2.0736,Small,FullHD,0,0,Iiyama
Philips Evnia 27M1C5200W,1018.0,1296.0,25708.539999999997,27.0,1920.0,1080.0,1.7777777777777777,81.58915444749253,240.0,3000,300.0,VA,4.0,2.0736,Large,FullHD,1,0,Philips
Philips 24E2N1100LB,299.0,386.0,7610.349999999999,23.8,1920.0,1080.0,1.7777777777777777,92.55912479337388,100.0,4000,250.0,VA,4.0,2.0736,Small,FullHD,0,0,Philips
Asus TUF Gaming VG279Q3A,566.0,1090.0,18398.16,27.0,1920.0,1080.0,1.7777777777777777,81.58915444749253,180.0,1000,250.0,IPS,1.0,2.0736,Large,FullHD,1,0,Asus
LG 24TQ510S,629.0,777.0,15620.66,24.0,1366.0,768.0,1.7786458333333333,65.29553540973873,60.0,1000,250.0,Other,14.0,1.049088,Medium,HD,0,0,LG
Asus VA279HAE,696.0,831.0,16964.969999999998,27.0,1920.0,1080.0,1.7777777777777777,81.58915444749253,75.0,3000,300.0,VA,6.0,2.0736,Large,FullHD,0,0,Asus
NEC X754HB,57073.0,57073.0,1268162.0599999998,75.0,1920.0,1080.0,1.7777777777777777,29.37209560109731,85.0,5000,2500.0,VA,6.0,2.0736,XLarge,FullHD,0,0,NEC
Asus TUF Gaming VG32AQL1A,1175.0,1341.0,27952.76,31.5,2560.0,1440.0,1.7777777777777777,93.24474793999147,170.0,1000,400.0,IPS,1.0,3.6864,Large,QHD,1,0,Asus
Iiyama G-Master G2245HSU-B2,379.0,430.0,8987.99,21.5,1920.0,1080.0,1.7777777777777777,102.460798608479,100.0,1000,300.0,IPS,4.951367781155016,2.0736,Small,FullHD,0,0,Iiyama
Iiyama ProLite X4373UHSU-B1,2199.0,2916.0,56827.649999999994,43.0,3840.0,2160.0,1.7777777777777777,102.460798608479,60.0,4000,400.0,VA,3.0,8.2944,XLarge,4K,0,0,Iiyama
Philips 243B9,850.0,1013.0,20697.93,24.0,1920.0,1080.0,1.7777777777777777,91.7877987534291,75.0,1000,250.0,IPS,4.0,2.0736,Medium,FullHD,0,0,Philips
LG UltraWide 26WQ500,683.0,1186.0,20764.59,25.7,2560.0,1080.0,2.3703703703703702,108.11240458715803,75.0,1000,250.0,IPS,5.0,2.7648,Medium,FullHD,0,0,LG
Acer Nitro XZ323QUZ1bmiiprx,1549.0,1592.0,34896.509999999995,31.5,2560.0,1440.0,1.7777777777777777,93.24474793999147,280.0,3000,250.0,VA,5.0,3.6864,Large,QHD,1,0,Acer
Philips 241E1SC,381.0,640.0,11343.31,24.0,1920.0,1080.0,1.7777777777777777,91.7877987534291,75.0,3000,250.0,VA,4.0,2.0736,Medium,FullHD,0,0,Philips
Kruger&Matz KM0199-M27,389.0,479.0,9643.48,27.0,1920.0,1080.0,1.7777777777777777,81.58915444749253,100.0,1000,250.0,IPS,4.0,2.0736,Large,FullHD,0,0,Kruger&Matz
Apple Studio Display,7892.0,12894.0,230932.46,27.0,5120.0,2880.0,1.7777777777777777,217.57107852664674,60.0,1000,600.0,IPS,4.951367781155016,14.7456,Large,4K,0,0,Apple
MSI MAG321QR-QD,2931.0,3749.0,74214.8,31.5,2560.0,1440.0,1.7777777777777777,93.24474793999147,170.0,1200,350.0,Other,6.63265306122449,3.6864,Large,QHD,1,0,MSI
Viewsonic VG2709-2K-MHD,1000.0,1100.0,23331.0,27.0,2560.0,1440.0,1.7777777777777777,108.78553926332337,75.0,1000,250.0,IPS,5.0,3.6864,Large,QHD,0,0,Viewsonic
HP 524sa,500.0,649.0,12765.39,23.8,1920.0,1080.0,1.7777777777777777,92.55912479337388,100.0,1500,300.0,IPS,5.0,2.0736,Small,FullHD,0,0,HP
BenQ PD3226G,4446.0,5635.0,111999.90999999999,31.5,3840.0,2160.0,1.7777777777777777,139.8671219099872,144.0,1200,400.0,IPS,1.0,8.2944,Large,4K,1,1,BenQ
Acer Nitro VG270P6bmipx,489.0,529.0,11309.98,27.0,1920.0,1080.0,1.7777777777777777,81.58915444749253,144.0,1000,250.0,IPS,4.951367781155016,2.0736,Large,FullHD,1,0,Acer
BenQ PD3205U,2326.0,2908.0,58149.74,31.5,3840.0,2160.0,1.7777777777777777,139.8671219099872,60.0,1000,250.0,IPS,5.0,8.2944,Large,4K,0,0,BenQ
Samsung VM55B-R,14900.0,18619.0,372396.08999999997,55.0,1920.0,1080.0,1.7777777777777777,40.05285763785997,60.0,1100,500.0,IPS,8.0,2.0736,XLarge,FullHD,0,0,Samsung
Lenovo L27q-4A,649.0,1524.0,24142.03,27.0,2560.0,1440.0,1.7777777777777777,108.78553926332337,100.0,1500,350.0,IPS,4.0,3.6864,Large,QHD,0,0,Lenovo
Acer Vero V247YEbipv,447.0,655.0,12243.22,23.8,1920.0,1080.0,1.7777777777777777,92.55912479337388,100.0,1000,250.0,IPS,4.0,2.0736,Small,FullHD,0,0,Acer
Acer Nitro XF240YS3biphx,588.0,649.0,13743.07,23.8,1920.0,1080.0,1.7777777777777777,92.55912479337388,180.0,4000,300.0,VA,1.0,2.0736,Small,FullHD,1,0,Acer
MSI MAG 275CQPF,1099.0,1166.0,25164.149999999998,27.0,2560.0,1440.0,1.7777777777777777,108.78553926332337,180.0,5000,300.0,VA,4.442516268980477,3.6864,Large,QHD,1,0,MSI
Philips 27B2U3601,1015.0,1238.0,25030.829999999998,27.0,2560.0,1440.0,1.7777777777777777,108.78553926332337,120.0,1500,350.0,IPS,4.0,3.6864,Large,QHD,1,0,Philips
Philips 325B1L,1099.0,1280.0,26430.69,32.0,2560.0,1440.0,1.7777777777777777,91.7877987534291,75.0,1200,250.0,IPS,4.0,3.6864,XLarge,QHD,0,0,Philips
Neovo LA-2402,406.0,1041.0,16076.17,23.8,1920.0,1080.0,1.7777777777777777,92.55912479337388,126.92706645056727,1000,250.0,VA,5.0,2.0736,Small,FullHD,1,0,Neovo
Neovo SC-2202,1356.0,1356.0,30130.32,21.5,1920.0,1080.0,1.7777777777777777,102.460798608479,60.0,1000,250.0,TN,3.0,2.0736,Small,FullHD,0,0,Neovo
MSI PRO MP271A E2,429.0,709.0,12643.179999999998,27.0,1920.0,1080.0,1.7777777777777777,81.58915444749253,120.0,1500,300.0,IPS,4.0,2.0736,Large,FullHD,1,0,MSI
ASRock Phantom Gaming PG27QRT2A,981.0,1236.0,24630.87,27.0,2560.0,1440.0,1.7777777777777777,108.78553926332337,180.0,5000,300.0,VA,4.442516268980477,3.6864,Large,QHD,1,0,ASRock
Iiyama G-Master G2470HS-B1,442.0,628.0,11887.699999999999,23.8,1920.0,1080.0,1.7777777777777777,92.55912479337388,180.0,1000,300.0,IPS,4.951367781155016,2.0736,Small,FullHD,1,0,Iiyama
Iiyama ProLite LH5575UHS-B2AG,3964.0,4691.0,96157.04999999999,54.6,3840.0,2160.0,1.7777777777777777,80.69257033268492,60.0,1200,500.0,IPS,8.0,8.2944,XLarge,4K,0,0,Iiyama
Samsung QM43C,2009.0,4730.0,74870.29,42.5,3840.0,2160.0,1.7777777777777777,103.66621976857874,60.0,4000,500.0,VA,8.0,8.2944,XLarge,4K,0,0,Samsung
Philips 328E1CA,1269.0,1644.0,32363.429999999997,32.0,3840.0,2160.0,1.7777777777777777,137.68169813014364,60.0,2500,250.0,VA,4.0,8.2944,XLarge,4K,0,0,Philips
HP P27h G4,963.0,963.0,21397.86,27.0,1920.0,1080.0,1.7777777777777777,81.58915444749253,60.0,1000,250.0,IPS,5.0,2.0736,Large,FullHD,0,0,HP
Philips 276B9,883.0,1573.0,27286.16,27.0,2560.0,1440.0,1.7777777777777777,108.78553926332337,75.0,1000,350.0,IPS,4.0,3.6864,Large,QHD,0,0,Philips
LG UltraWide 34WQ75X,1872.0,2418.0,47661.899999999994,34.0,3440.0,1440.0,2.388888888888889,109.68340725465096,60.0,1000,300.0,IPS,5.0,4.9536,XLarge,QHD,0,0,LG
Iiyama ProLite XU2792QSU-B6,799.0,889.0,18753.68,27.0,2560.0,1440.0,1.7777777777777777,108.78553926332337,100.0,1300,250.0,IPS,4.951367781155016,3.6864,Large,QHD,0,0,Iiyama
Samsung Odyssey G51C 27,680.0,888.0,17420.48,27.0,2560.0,1440.0,1.7777777777777777,108.78553926332337,165.0,3000,300.0,VA,4.442516268980477,3.6864,Large,QHD,1,0,Samsung
Lenovo ThinkVision P25i-30,703.0,1031.0,19264.739999999998,24.5,1920.0,1080.0,1.7777777777777777,89.91457837070605,100.0,1300,250.0,IPS,4.0,2.0736,Medium,FullHD,0,0,Lenovo
BenQ PD2705U,1529.0,2888.0,49072.869999999995,27.0,3840.0,2160.0,1.7777777777777777,163.17830889498507,60.0,1200,250.0,IPS,5.0,8.2944,Large,4K,0,0,BenQ
HP Z43,2626.0,2626.0,58349.719999999994,43.0,3840.0,2160.0,1.7777777777777777,102.460798608479,60.0,1000,350.0,IPS,5.0,8.2944,XLarge,4K,0,0,HP
AOC 27E4CV,986.0,1596.0,28686.019999999997,27.0,1920.0,1080.0,1.7777777777777777,81.58915444749253,120.0,1500,300.0,IPS,4.0,2.0736,Large,FullHD,1,0,AOC
Viewsonic VA3820C,3199.0,3700.0,76647.89,37.5,3840.0,1600.0,2.4,110.93333333333334,75.0,2000,300.0,IPS,5.0,6.144,XLarge,QHD,0,0,Viewsonic
Dell Alienware AW2721D,3298.0,3298.0,73281.56,27.0,2560.0,1440.0,1.7777777777777777,108.78553926332337,240.0,1000,450.0,IPS,1.0,3.6864,Large,QHD,1,0,Dell
Viewsonic VX3218-PC-MHD,799.0,1018.0,20186.87,32.0,1920.0,1080.0,1.7777777777777777,68.84084906507182,165.0,4000,300.0,VA,4.0,2.0736,XLarge,FullHD,1,0,Viewsonic
Acer Vero B247Ybmiprx,1003.0,1909.0,32352.32,24.0,1920.0,1080.0,1.7777777777777777,91.7877987534291,75.0,1000,250.0,IPS,4.0,2.0736,Medium,FullHD,0,0,Acer
LG UltraGear 27G850A,2101.0,3701.0,64460.219999999994,27.0,3840.0,2160.0,1.7777777777777777,163.17830889498507,240.0,2000,450.0,IPS,1.0,8.2944,Large,4K,1,1,LG
HP OMEN 27q G2,1059.0,1312.0,26341.809999999998,27.0,2560.0,1440.0,1.7777777777777777,108.78553926332337,180.0,1000,400.0,IPS,1.0,3.6864,Large,QHD,1,0,HP
Philips 16B1P3302D,697.0,1279.0,21953.36,15.6,1920.0,1080.0,1.7777777777777777,141.21199808219862,75.0,700,250.0,IPS,4.0,2.0736,Small,FullHD,0,0,Philips
AOC Graphic Pro U32U3CV,2439.0,2879.0,59082.979999999996,31.5,3840.0,2160.0,1.7777777777777777,139.8671219099872,60.0,1000,342.715043074884,IPS,4.0,8.2944,Large,4K,0,0,AOC
Acer Vero B277Gbmiprzx,670.0,1229.0,21097.89,27.0,1920.0,1080.0,1.7777777777777777,81.58915444749253,100.0,1000,250.0,IPS,4.0,2.0736,Large,FullHD,0,0,Acer
HP X27qc,1516.0,1516.0,33685.52,27.0,2560.0,1440.0,1.7777777777777777,108.78553926332337,165.0,3000,350.0,VA,4.0,3.6864,Large,QHD,1,0,HP
Viewsonic VX2779J-HD-PRO,723.0,866.0,17653.79,27.0,1920.0,1080.0,1.7777777777777777,81.58915444749253,180.0,1000,250.0,IPS,4.951367781155016,2.0736,Large,FullHD,1,0,Viewsonic
Lenovo T2324p,339.0,339.0,7532.58,23.0,1920.0,1080.0,1.7777777777777777,95.77857261227383,103.74406332453826,1000,250.0,IPS,7.0,2.0736,Small,FullHD,0,0,Lenovo
Philips 242S1AE,478.0,669.0,12743.17,24.0,1920.0,1080.0,1.7777777777777777,91.7877987534291,75.0,1000,250.0,IPS,4.0,2.0736,Medium,FullHD,0,0,Philips
Philips 273V7QDSB,655.0,720.0,15276.25,27.0,1920.0,1080.0,1.7777777777777777,81.58915444749253,60.0,1000,250.0,IPS,5.0,2.0736,Large,FullHD,0,0,Philips
MSI PRO MP245V,329.0,387.0,7954.759999999999,23.8,1920.0,1080.0,1.7777777777777777,92.55912479337388,100.0,4000,300.0,VA,4.0,2.0736,Small,FullHD,0,0,MSI
Dell Plus S2722DC,911.0,1523.0,27041.739999999998,27.0,2560.0,1440.0,1.7777777777777777,108.78553926332337,75.0,1000,350.0,IPS,4.0,3.6864,Large,QHD,0,0,Dell
Dell P2421DC,2101.0,2101.0,46684.22,24.0,2560.0,1440.0,1.7777777777777777,122.3837316712388,60.0,1000,300.0,IPS,5.0,3.6864,Medium,QHD,0,0,Dell
Lenovo T32h-20,2039.0,2543.0,50906.02,32.0,2560.0,1440.0,1.7777777777777777,91.7877987534291,60.0,1000,350.0,IPS,4.0,3.6864,XLarge,QHD,0,0,Lenovo
Asus TUF Gaming VG249QM5A,700.0,700.0,15554.0,23.8,1920.0,1080.0,1.7777777777777777,92.55912479337388,240.0,1000,300.0,IPS,1.0,2.0736,Small,FullHD,1,0,Asus
Neovo MX-22,2988.0,5227.0,91268.65,22.0,1920.0,1080.0,1.7777777777777777,100.13214409464992,60.0,1000,250.0,TN,3.0,2.0736,Small,FullHD,0,0,Neovo
Corsair XENEON 34WQHD240-C,5879.0,5920.0,131086.88999999998,34.0,3440.0,1440.0,2.388888888888889,109.68340725465096,240.0,1500000,250.0,OLED,1.0,4.9536,XLarge,QHD,1,0,Corsair
Asus VA27DCP,573.0,793.0,15176.259999999998,27.0,1920.0,1080.0,1.7777777777777777,81.58915444749253,75.0,1000,250.0,IPS,5.0,2.0736,Large,FullHD,0,0,Asus
Asus HA2741A,3894.0,4848.0,97123.62,27.0,2560.0,1440.0,1.7777777777777777,108.78553926332337,75.0,900,350.0,IPS,5.0,3.6864,Large,QHD,0,0,Asus
Acer CB242YEbipr,478.0,526.0,11154.439999999999,23.8,1920.0,1080.0,1.7777777777777777,92.55912479337388,100.0,1000,250.0,IPS,4.0,2.0736,Small,FullHD,0,0,Acer
Eizo FlexScan EV3240X,4699.0,6191.0,120987.9,31.5,3840.0,2560.0,1.5,146.51128992361606,103.74406332453826,2000,350.0,IPS,5.0,9.8304,Large,4K,0,0,Eizo
Fujitsu B27-9 TS QHD,1416.0,1470.0,32063.46,27.0,2560.0,1440.0,1.7777777777777777,108.78553926332337,60.0,1000,350.0,IPS,5.0,3.6864,Large,QHD,0,0,Fujitsu
KOORUI G2741L,1177.0,1838.0,33496.65,27.0,3840.0,2160.0,1.7777777777777777,163.17830889498507,160.0,1000,350.0,IPS,4.951367781155016,8.2944,Large,4K,1,1,KOORUI
Dell P2217,425.0,425.0,9443.5,22.0,1680.0,1050.0,1.6,90.05163807872212,60.0,1000,250.0,TN,5.0,1.764,Small,HD,0,0,Dell
Philips 221B8LJEB,396.0,442.0,9310.18,22.0,1920.0,1080.0,1.7777777777777777,100.13214409464992,60.0,1000,250.0,TN,1.0,2.0736,Small,FullHD,0,0,Philips
AOC 24B3QA2,346.0,491.0,9299.07,23.8,1920.0,1080.0,1.7777777777777777,92.55912479337388,120.0,1300,300.0,IPS,4.0,2.0736,Small,FullHD,1,0,AOC
LG UltraFine 27US500,803.0,912.0,19053.649999999998,27.0,3840.0,2160.0,1.7777777777777777,163.17830889498507,60.0,1000,300.0,IPS,5.0,8.2944,Large,4K,0,0,LG
NEC V801,33900.0,45754.0,884955.94,80.0,1920.0,1080.0,1.7777777777777777,27.536339626028727,85.0,5000,460.0,Other,6.0,2.0736,XLarge,FullHD,0,0,NEC
Samsung ViewFinity S65TC 34,1890.0,3295.0,57605.35,34.0,3440.0,1440.0,2.388888888888889,109.68340725465096,100.0,3000,350.0,VA,5.0,4.9536,XLarge,QHD,0,0,Samsung
Gigabyte M32QC,1199.0,1199.0,26641.78,32.0,2560.0,1440.0,1.7777777777777777,91.7877987534291,165.0,3000,350.0,VA,4.0,3.6864,XLarge,QHD,1,0,Gigabyte
Dell Alienware AW2725DM,879.0,1141.0,22442.199999999997,27.0,2560.0,1440.0,1.7777777777777777,108.78553926332337,180.0,1000,400.0,IPS,1.0,3.6864,Large,QHD,1,0,Dell
Asus TUF Gaming VG259QR,1449.0,1449.0,32196.78,25.0,1920.0,1080.0,1.7777777777777777,88.11628680329193,165.0,1000,300.0,IPS,4.0,2.0736,Medium,FullHD,1,0,Asus
Asus BE279QFK,1206.0,1403.0,28985.989999999998,27.0,1920.0,1080.0,1.7777777777777777,81.58915444749253,100.0,1300,250.0,IPS,5.0,2.0736,Large,FullHD,0,0,Asus
AOC U27B3M,613.0,975.0,17642.68,27.0,3840.0,2160.0,1.7777777777777777,163.17830889498507,60.0,3500,300.0,VA,4.0,8.2944,Large,4K,0,0,AOC
Redragon Neapolis II,418.0,462.0,9776.8,23.8,1920.0,1080.0,1.7777777777777777,92.55912479337388,100.0,3000,250.0,VA,7.0,2.0736,Small,FullHD,0,0,Redragon
BenQ Zowie XL2546X+,1799.0,2789.0,50972.68,24.1,1920.0,1080.0,1.7777777777777777,91.40693651793768,280.0,1000,320.0,TN,4.1020408163265305,2.0736,Medium,FullHD,1,0,BenQ
Viewsonic VG2756-4K,2051.0,2059.0,45662.1,27.0,3840.0,2160.0,1.7777777777777777,163.17830889498507,60.0,1000,350.0,IPS,5.0,8.2944,Large,4K,0,0,Viewsonic
LG 27U731SA,1234.0,1787.0,33563.31,27.0,3840.0,2160.0,1.7777777777777777,163.17830889498507,60.0,1000,350.0,IPS,5.0,8.2944,Large,4K,0,0,LG
AOC U27P2CA,1162.0,1830.0,33241.119999999995,27.0,3840.0,2160.0,1.7777777777777777,163.17830889498507,60.0,1000,350.0,IPS,4.0,8.2944,Large,4K,0,0,AOC
Dell Pro Plus P2425E,919.0,1229.0,23864.28,24.1,1920.0,1200.0,1.6,93.94835982131056,100.0,1500,300.0,IPS,8.0,2.304,Medium,FullHD,0,0,Dell
Samsung UH55F,15900.0,15900.0,353298.0,55.0,1920.0,1080.0,1.7777777777777777,40.05285763785997,75.0,4000,700.0,Other,8.0,2.0736,XLarge,FullHD,0,0,Samsung
Asus TUF Gaming VG27AQL1A,4259.0,4259.0,94634.98,27.0,2560.0,1440.0,1.7777777777777777,108.78553926332337,170.0,1000,400.0,IPS,4.0,3.6864,Large,QHD,1,0,Asus
Acer Vero B247YEbmiprxv,487.0,718.0,13387.55,23.8,1920.0,1080.0,1.7777777777777777,92.55912479337388,100.0,1000,250.0,IPS,4.0,2.0736,Small,FullHD,0,0,Acer
Asus VY229Q,544.0,752.0,14398.56,21.45,1920.0,1080.0,1.7777777777777777,102.69963496887172,75.0,1000,250.0,IPS,4.951367781155016,2.0736,Small,FullHD,0,0,Asus
Dell UltraSharp U4025QW,6058.0,8108.0,157384.25999999998,39.7,5120.0,2160.0,2.3703703703703702,139.9742467450862,120.0,2000,450.0,IPS,5.0,11.0592,XLarge,4K,1,1,Dell
Acer Nitro VG270UEbmiipx,611.0,822.0,15920.63,27.0,2560.0,1440.0,1.7777777777777777,108.78553926332337,100.0,1000,350.0,IPS,4.951367781155016,3.6864,Large,QHD,0,0,Acer
LG 27BA45QB,807.0,850.0,18409.27,27.0,2560.0,1440.0,1.7777777777777777,108.78553926332337,75.0,1000,350.0,IPS,5.0,3.6864,Large,QHD,0,0,LG
BenQ BL2485TC,1819.0,1819.0,40418.18,23.8,1920.0,1080.0,1.7777777777777777,92.55912479337388,75.0,1000,250.0,IPS,5.0,2.0736,Small,FullHD,0,0,BenQ
Hannspree HT273HPB,1756.0,2197.0,43917.829999999994,27.0,1920.0,1080.0,1.7777777777777777,81.58915444749253,60.0,1000,300.0,IPS,8.0,2.0736,Large,FullHD,0,0,Hannspree
Iiyama ProLite T1634MC-B8X,2191.0,2191.0,48684.02,15.6,1920.0,1080.0,1.7777777777777777,141.21199808219862,60.0,700,450.0,IPS,25.0,2.0736,Small,FullHD,0,0,Iiyama
Neovo TX-42P,14790.0,14790.0,328633.8,42.0,1920.0,1080.0,1.7777777777777777,52.450170716245196,60.0,4000,500.0,VA,5.0,2.0736,XLarge,FullHD,0,0,Neovo
Samsung SHR-B,6708.0,8258.0,166272.25999999998,37.0,1920.0,540.0,3.5555555555555554,53.9052004494962,60.0,4000,700.0,VA,7.0,1.0368,XLarge,HD,0,0,Samsung
NEC P703,25900.0,39348.0,724905.2799999999,70.0,1920.0,1080.0,1.7777777777777777,31.47010242974712,85.0,5000,700.0,Other,8.0,2.0736,XLarge,FullHD,0,0,NEC
Asus ProArt PA147CDV,2028.0,2381.0,48983.99,14.0,1920.0,550.0,3.4909090909090907,142.65879086913955,60.0,1200,400.0,IPS,5.0,1.056,Small,HD,0,0,Asus
Asus TUF Gaming VG328QA1A,899.0,1225.0,23597.64,31.5,1920.0,1080.0,1.7777777777777777,69.9335609549936,170.0,3000,300.0,VA,4.442516268980477,2.0736,Large,FullHD,1,0,Asus
Asus TUF Gaming VG34VQEL1A,1099.0,1899.0,33307.78,34.0,3440.0,1440.0,2.388888888888889,109.68340725465096,100.0,3000,300.0,VA,4.442516268980477,4.9536,XLarge,QHD,0,0,Asus
Philips 24E1N3300A,949.0,949.0,21086.78,23.8,1920.0,1080.0,1.7777777777777777,92.55912479337388,75.0,1000,300.0,IPS,4.0,2.0736,Small,FullHD,0,0,Philips
AOC Q27E4CV,1048.0,1048.0,23286.559999999998,27.0,2560.0,1440.0,1.7777777777777777,108.78553926332337,120.0,1500,350.0,IPS,4.0,3.6864,Large,QHD,1,0,AOC
Philips 240B9,1033.0,1179.0,24575.32,24.0,1920.0,1200.0,1.6,94.33981132056603,75.0,1000,300.0,IPS,4.0,2.304,Medium,FullHD,0,0,Philips
LG UltraGear 27GS75QX,969.0,1293.0,25130.82,27.0,2560.0,1440.0,1.7777777777777777,108.78553926332337,180.0,1000,300.0,IPS,1.0,3.6864,Large,QHD,1,0,LG
Iiyama G-Master GB2745QSU-B1,830.0,1150.0,21997.8,27.0,2560.0,1440.0,1.7777777777777777,108.78553926332337,100.0,1300,250.0,IPS,4.951367781155016,3.6864,Large,QHD,0,0,Iiyama
AOC AGON AG251FG,1246.0,1246.0,27686.12,25.0,1920.0,1080.0,1.7777777777777777,88.11628680329193,240.0,1000,400.0,TN,1.0,2.0736,Medium,FullHD,1,0,AOC
Lenovo ThinkVision P27h-30,1374.0,1898.0,36351.92,27.0,2560.0,1440.0,1.7777777777777777,108.78553926332337,60.0,1000,350.0,IPS,4.0,3.6864,Large,QHD,0,0,Lenovo
LC-Power LC-M40-UWQHD-144,1954.0,2544.0,49972.78,40.0,3440.0,1440.0,2.388888888888889,93.23089616645332,144.0,1200,400.0,IPS,4.0,4.9536,XLarge,QHD,1,0,LC-Power
AOC CU34V5CW,1172.0,1669.0,31563.51,34.0,3440.0,1440.0,2.388888888888889,109.68340725465096,100.0,3000,300.0,VA,4.0,4.9536,XLarge,QHD,0,0,AOC
Iiyama ProLite TW1023ASC-B2P,1193.0,1471.0,29597.039999999997,10.1,1280.0,800.0,1.6,149.44920605238187,60.0,1000,387.0,IPS,25.0,1.024,Small,HD,0,0,Iiyama
Asus ProArt PA32UCG-K,15305.0,20488.0,397660.23,32.0,3840.0,2160.0,1.7777777777777777,137.68169813014364,120.0,1000,1000.0,IPS,5.0,8.2944,XLarge,4K,1,1,Asus
UPERFECT Ustation Delta,1491.0,1990.0,38673.909999999996,15.6,1920.0,1080.0,1.7777777777777777,141.21199808219862,60.0,1000,300.0,IPS,25.0,2.0736,Small,FullHD,0,0,UPERFECT
Philips 24B2N4200,637.0,753.0,15442.9,23.8,1920.0,1080.0,1.7777777777777777,92.55912479337388,120.0,1500,300.0,IPS,4.0,2.0736,Small,FullHD,1,0,Philips
LG UltraWide 40WP95XP,5074.0,7012.0,134275.46,39.7,5120.0,2160.0,2.3703703703703702,139.9742467450862,72.0,1000,300.0,IPS,5.0,11.0592,XLarge,4K,0,0,LG
LG UltraWide 34BA75QE,1491.0,1740.0,35896.409999999996,34.0,3440.0,1440.0,2.388888888888889,109.68340725465096,60.0,1000,300.0,IPS,5.0,4.9536,XLarge,QHD,0,0,LG
NEC MultiSync E758,7442.0,13078.0,227977.19999999998,74.5,3840.0,2160.0,1.7777777777777777,59.138447518987874,60.0,1000,350.0,IPS,8.0,8.2944,XLarge,4K,0,0,NEC
Acer Nitro XV272UPbmiiprzx,1070.0,2339.0,37873.99,27.0,2560.0,1440.0,1.7777777777777777,108.78553926332337,144.0,1000,350.0,IPS,5.0,3.6864,Large,QHD,1,0,Acer
Lenovo L27qe,549.0,796.0,14942.949999999999,27.0,2560.0,1440.0,1.7777777777777777,108.78553926332337,100.0,1000,250.0,IPS,6.0,3.6864,Large,QHD,0,0,Lenovo
HP E32k G5,1761.0,3536.0,58849.67,31.5,3840.0,2160.0,1.7777777777777777,139.8671219099872,60.0,1000,350.0,IPS,5.0,8.2944,Large,4K,0,0,HP
UPERFECT Ustation Delta Max,2199.0,2199.0,48861.78,18.5,1920.0,1080.0,1.7777777777777777,119.0760632476918,100.0,1200,300.0,IPS,16.0,2.0736,Small,FullHD,0,0,UPERFECT
Acer Predator X49Xbmipphuzx,4499.0,7999.0,138852.78,49.0,5120.0,1440.0,3.5555555555555554,108.54380498674065,240.0,1500000,250.0,OLED,1.0,7.3728,XLarge,QHD,1,0,Acer
Iiyama ProLite TW1023ASC-B1P,845.0,845.0,18775.899999999998,10.1,1280.0,800.0,1.6,149.44920605238187,60.0,1000,450.0,IPS,25.0,1.024,Small,HD,0,0,Iiyama
Lenovo ThinkVision P27pz-30,4389.0,6229.0,117965.98,27.0,3840.0,2160.0,1.7777777777777777,163.17830889498507,60.0,1000,650.0,IPS,4.0,8.2944,Large,4K,0,0,Lenovo
LG UltraGear 27GS60QX,648.0,903.0,17231.61,27.0,2560.0,1440.0,1.7777777777777777,108.78553926332337,180.0,3000,300.0,Other,1.0,3.6864,Large,QHD,1,0,LG
AOC 24B3CF2,372.0,692.0,11821.039999999999,23.8,1920.0,1080.0,1.7777777777777777,92.55912479337388,100.0,1300,250.0,IPS,4.0,2.0736,Small,FullHD,0,0,AOC
LG UltraWide 49WQ95C,4804.0,7219.0,133575.53,49.0,5120.0,1440.0,3.5555555555555554,108.54380498674065,144.0,1000,400.0,IPS,5.0,7.3728,XLarge,QHD,1,0,LG
AOC Q27E3UMF,779.0,916.0,18831.45,27.0,2560.0,1440.0,1.7777777777777777,108.78553926332337,75.0,4000,369.7073170731707,VA,4.442516268980477,3.6864,Large,QHD,0,0,AOC
Philips 241B7QUBHEB,1536.0,1536.0,34129.92,24.0,1920.0,1080.0,1.7777777777777777,91.7877987534291,75.0,1000,250.0,IPS,5.0,2.0736,Medium,FullHD,0,0,Philips
LG UltraGear 32GQ950P,3926.0,4503.0,93646.19,31.5,3840.0,2160.0,1.7777777777777777,139.8671219099872,144.0,1000,450.0,IPS,1.0,8.2944,Large,4K,1,1,LG
Iiyama G-Master GB2790QSU-B1,1600.0,1600.0,35552.0,27.0,2560.0,1440.0,1.7777777777777777,108.78553926332337,240.0,1000,400.0,IPS,4.951367781155016,3.6864,Large,QHD,1,0,Iiyama
AOC AGON AG274FZ,1892.0,1892.0,42040.24,27.0,1920.0,1080.0,1.7777777777777777,81.58915444749253,260.0,1000,400.0,IPS,1.0,2.0736,Large,FullHD,1,0,AOC
Acer Vero B247YEbmiprzxv,594.0,730.0,14709.64,23.8,1920.0,1080.0,1.7777777777777777,92.55912479337388,100.0,1000,250.0,IPS,4.0,2.0736,Small,FullHD,0,0,Acer
Asus VY249HE,779.0,779.0,17309.379999999997,24.0,1920.0,1080.0,1.7777777777777777,91.7877987534291,75.0,1000,250.0,IPS,4.0,2.0736,Medium,FullHD,0,0,Asus
Acer Nitro VG270Ubmiipx,1576.0,1576.0,35018.72,27.0,2560.0,1440.0,1.7777777777777777,108.78553926332337,75.0,1000,350.0,IPS,5.0,3.6864,Large,QHD,0,0,Acer
Samsung Essential Monitor S36GD 24,332.0,609.0,10454.51,23.8,1920.0,1080.0,1.7777777777777777,92.55912479337388,100.0,3000,250.0,VA,4.0,2.0736,Small,FullHD,0,0,Samsung
LG 27BA54QB,963.0,1062.0,22497.75,27.0,2560.0,1440.0,1.7777777777777777,108.78553926332337,75.0,1000,350.0,IPS,5.0,3.6864,Large,QHD,0,0,LG
BenQ BL2480T,819.0,994.0,20142.43,24.0,1920.0,1080.0,1.7777777777777777,91.7877987534291,60.0,1000,250.0,IPS,5.0,2.0736,Medium,FullHD,0,0,BenQ
Hannspree HT248PPB,1542.0,1752.0,36596.34,23.8,1920.0,1080.0,1.7777777777777777,92.55912479337388,60.0,3000,300.0,IPS,8.0,2.0736,Small,FullHD,0,0,Hannspree
Iiyama ProLite T1634MC-B1S,2196.0,2337.0,50361.63,15.6,1920.0,1080.0,1.7777777777777777,141.21199808219862,60.0,700,405.0,IPS,25.0,2.0736,Small,FullHD,0,0,Iiyama
AOC U27B3CF,976.0,1197.0,24142.03,27.0,3840.0,2160.0,1.7777777777777777,163.17830889498507,60.0,1000,350.0,IPS,4.0,8.2944,Large,4K,0,0,AOC
BenQ SH5504,10157.0,10157.0,225688.53999999998,55.0,3840.0,2160.0,1.7777777777777777,80.10571527571994,60.0,1200,800.0,IPS,8.0,8.2944,XLarge,4K,0,0,BenQ
NEC P654Q,24600.0,24600.0,546612.0,65.0,3840.0,2160.0,1.7777777777777777,67.78175907945533,60.0,4000,700.0,VA,8.0,8.2944,XLarge,4K,0,0,NEC
Asus TUF Gaming VG34VQL1B,1171.0,2551.0,41351.42,34.0,3440.0,1440.0,2.388888888888889,109.68340725465096,165.0,4000,550.0,VA,4.0,4.9536,XLarge,QHD,1,0,Asus
Acer Predator X34Xbmiiphuzx,3675.0,4145.0,86880.2,34.0,3440.0,1440.0,2.388888888888889,109.68340725465096,240.0,1500000,275.0,OLED,1.0,4.9536,XLarge,QHD,1,0,Acer
Asus TUF Gaming VG27UQ1A,1508.0,1978.0,38729.46,27.0,3840.0,2160.0,1.7777777777777777,163.17830889498507,160.0,1000,300.0,IPS,1.0,8.2944,Large,4K,1,1,Asus
Lorgar 27MP1,1969.0,1976.0,43828.95,27.0,3840.0,2160.0,1.7777777777777777,163.17830889498507,160.0,1000,1000.0,IPS,1.0,8.2944,Large,4K,1,1,Lorgar
LG 24BP75CP,589.0,751.0,14887.4,23.8,1920.0,1080.0,1.7777777777777777,92.55912479337388,60.0,1000,250.0,IPS,5.0,2.0736,Small,FullHD,0,0,LG
AOC Q24P2Q,668.0,1075.0,19364.73,24.0,2560.0,1440.0,1.7777777777777777,122.3837316712388,75.0,1000,250.0,IPS,4.0,3.6864,Medium,QHD,0,0,AOC
Acer Nitro KG272M3bmiipx,700.0,700.0,15554.0,27.0,1920.0,1080.0,1.7777777777777777,81.58915444749253,180.0,1000,250.0,IPS,4.951367781155016,2.0736,Large,FullHD,1,0,Acer
LG UltraFine 27BA45U,898.0,910.0,20086.879999999997,27.0,3840.0,2160.0,1.7777777777777777,163.17830889498507,60.0,1000,300.0,IPS,5.0,8.2944,Large,4K,0,0,LG
AOC U32G3X,2507.0,3303.0,64549.1,31.5,3840.0,2160.0,1.7777777777777777,139.8671219099872,144.0,1000,400.0,IPS,4.951367781155016,8.2944,Large,4K,1,1,AOC
Eizo ColorEdge CG319X,14963.0,21999.0,410647.82,31.0,4096.0,2160.0,1.8962962962962964,149.37544621992836,60.0,1500,350.0,IPS,9.0,8.84736,Large,4K,0,0,Eizo
MSI MAG 321CUP QD-OLED,3499.0,4658.0,90624.26999999999,31.5,3840.0,2160.0,1.7777777777777777,139.8671219099872,165.0,1500000,250.0,OLED,1.0,8.2944,Large,4K,1,1,MSI
NEC V754Q,22028.0,22028.0,489462.16,75.0,4096.0,2160.0,1.8962962962962964,61.74185110423706,60.0,1200,500.0,IPS,8.0,8.84736,XLarge,4K,0,0,NEC
Samsung ViewFinity S60UA 24,859.0,1317.0,24175.36,24.0,2560.0,1440.0,1.7777777777777777,122.3837316712388,75.0,1000,300.0,IPS,5.0,3.6864,Medium,QHD,0,0,Samsung
Xiaomi Gaming Monitor G24i,372.0,528.0,9999.0,23.8,1920.0,1080.0,1.7777777777777777,92.55912479337388,180.0,1000,250.0,IPS,1.0,2.0736,Small,FullHD,1,0,Xiaomi
Acer Nitro ED270RS3bmiipx,479.0,710.0,13209.789999999999,27.0,,,1.9647970654360436,96.61369775073341,180.0,1000,250.0,VA,4.442516268980477,,Large,Unknown,1,0,Acer
Arzopa A1M,558.0,1249.0,20075.77,17.3,1920.0,1080.0,1.7777777777777777,127.33567457123111,60.0,1000,300.0,IPS,4.951367781155016,2.0736,Small,FullHD,0,0,Arzopa
HyperX Armada 64V69AA,2499.0,2499.0,55527.78,27.0,2560.0,1440.0,1.7777777777777777,108.78553926332337,165.0,1000,400.0,IPS,1.0,3.6864,Large,QHD,1,0,HyperX
AOC 24E1Q,395.0,535.0,10332.3,24.0,1920.0,1080.0,1.7777777777777777,91.7877987534291,60.0,1000,250.0,IPS,5.0,2.0736,Medium,FullHD,0,0,AOC
Viewsonic VG2756-2K,1300.0,1672.0,33018.92,27.0,2560.0,1440.0,1.7777777777777777,108.78553926332337,75.0,1000,350.0,IPS,5.0,3.6864,Large,QHD,0,0,Viewsonic
Asus TUF Gaming VG259QMRL5A,,,,24.5,1920.0,1080.0,1.7777777777777777,89.91457837070605,310.0,1000,400.0,IPS,1.0,2.0736,Medium,FullHD,1,0,Asus
Fujitsu B27-9 TS FHD,705.0,995.0,18887.0,27.0,1920.0,1080.0,1.7777777777777777,81.58915444749253,60.0,1000,250.0,IPS,5.0,2.0736,Large,FullHD,0,0,Fujitsu
Lenovo G24e-20,469.0,665.0,12598.74,23.8,1920.0,1080.0,1.7777777777777777,92.55912479337388,100.0,3000,300.0,VA,4.0,2.0736,Small,FullHD,0,0,Lenovo
Dell P2222H,728.0,728.0,16176.16,22.0,1920.0,1080.0,1.7777777777777777,100.13214409464992,60.0,1000,250.0,IPS,5.0,2.0736,Small,FullHD,0,0,Dell
Philips 221V8A,279.0,361.0,7110.4,22.0,1920.0,1080.0,1.7777777777777777,100.13214409464992,75.0,4000,200.0,VA,4.0,2.0736,Small,FullHD,0,0,Philips
Viewsonic VX2779-HD-PRO,538.0,741.0,14209.689999999999,27.0,1920.0,1080.0,1.7777777777777777,81.58915444749253,180.0,1000,250.0,IPS,4.951367781155016,2.0736,Large,FullHD,1,0,Viewsonic
Lenovo T23i-20,1392.0,1392.0,30930.239999999998,23.0,1920.0,1080.0,1.7777777777777777,95.77857261227383,60.0,1000,250.0,IPS,4.0,2.0736,Small,FullHD,0,0,Lenovo
Philips 242S9JAL,1014.0,1014.0,22531.079999999998,24.0,1920.0,1080.0,1.7777777777777777,91.7877987534291,75.0,3000,300.0,VA,4.0,2.0736,Medium,FullHD,0,0,Philips
Philips 275E2FAE,676.0,881.0,17298.27,27.0,2560.0,1440.0,1.7777777777777777,108.78553926332337,75.0,1000,350.0,IPS,4.0,3.6864,Large,QHD,0,0,Philips
Dell Plus S2425HS,442.0,704.0,12732.06,23.8,1920.0,1080.0,1.7777777777777777,92.55912479337388,100.0,1500,250.0,IPS,8.0,2.0736,Small,FullHD,0,0,Dell
Iiyama ProLite XUB2797QSU-B2,619.0,921.0,17109.399999999998,27.0,2560.0,1440.0,1.7777777777777777,108.78553926332337,100.0,1300,300.0,IPS,4.951367781155016,3.6864,Large,QHD,0,0,Iiyama
Dell P2423,801.0,2076.0,31963.469999999998,24.0,1920.0,1200.0,1.6,94.33981132056603,60.0,1000,300.0,IPS,5.0,2.304,Medium,FullHD,0,0,Dell
Lenovo T34w-20,2652.0,2652.0,58927.439999999995,34.0,3440.0,1440.0,2.388888888888889,109.68340725465096,60.0,3000,350.0,VA,4.0,4.9536,XLarge,QHD,0,0,Lenovo
LG MyView 32SR83U,1799.0,2078.0,43073.47,31.5,3840.0,2160.0,1.7777777777777777,139.8671219099872,60.0,1000,400.0,IPS,5.0,8.2944,Large,4K,0,0,LG
HP OMEN 32q,1199.0,1723.0,32463.42,31.5,2560.0,1440.0,1.7777777777777777,93.24474793999147,165.0,1000,400.0,IPS,1.0,3.6864,Large,QHD,1,0,HP
NEC X555UNV,16729.0,16729.0,371718.38,55.0,1920.0,1080.0,1.7777777777777777,40.05285763785997,85.0,1200,500.0,IPS,12.0,2.0736,XLarge,FullHD,0,0,NEC
Asus VA27AQSB,755.0,1018.0,19698.03,27.0,2560.0,1440.0,1.7777777777777777,108.78553926332337,75.0,1000,350.0,IPS,4.0,3.6864,Large,QHD,0,0,Asus
Hannspree HC270HPB,872.0,872.0,19375.84,27.0,1920.0,1080.0,1.7777777777777777,81.58915444749253,60.0,1000,250.0,TN,5.0,2.0736,Large,FullHD,0,0,Hannspree
Acer CB243YEbemipruzxv,873.0,873.0,19398.059999999998,23.8,1920.0,1080.0,1.7777777777777777,92.55912479337388,100.0,1000,300.0,IPS,4.951367781155016,2.0736,Small,FullHD,0,0,Acer
Eizo FlexScan EV2795,2799.0,3531.0,70326.3,27.0,2560.0,1440.0,1.7777777777777777,108.78553926332337,60.0,1000,350.0,IPS,5.0,3.6864,Large,QHD,0,0,Eizo
Acer Vero B277Gbmiprx,562.0,738.0,14443.0,27.0,1920.0,1080.0,1.7777777777777777,81.58915444749253,100.0,1000,250.0,IPS,4.0,2.0736,Large,FullHD,0,0,Acer
AOC X24P1,916.0,2199.0,34607.65,24.0,1920.0,1200.0,1.6,94.33981132056603,60.0,1000,300.0,IPS,4.0,2.304,Medium,FullHD,0,0,AOC
Cooler Master GA2711,697.0,751.0,16087.279999999999,27.0,2560.0,1440.0,1.7777777777777777,108.78553926332337,100.0,1300,250.0,IPS,4.0,3.6864,Large,QHD,0,0,Cooler Master
Acer Nitro XV322QKKVbmiiphuzx,3299.0,3299.0,73303.78,31.5,3840.0,2160.0,1.7777777777777777,139.8671219099872,144.0,1000,400.0,IPS,1.0,8.2944,Large,4K,1,1,Acer
LG UltraGear 24GN60R,627.0,1042.0,18542.59,23.8,1920.0,1080.0,1.7777777777777777,92.55912479337388,144.0,1000,300.0,IPS,1.0,2.0736,Small,FullHD,1,0,LG
Lenovo ThinkVision P24h-30,1100.0,1828.0,32530.079999999998,23.8,2560.0,1440.0,1.7777777777777777,123.41216639116517,60.0,1000,300.0,IPS,4.0,3.6864,Small,QHD,0,0,Lenovo
Acer Nitro XZ340CUJ0bmiiphx,1067.0,1247.0,25708.539999999997,34.0,3440.0,1440.0,2.388888888888889,109.68340725465096,120.0,3000,250.0,VA,5.0,4.9536,XLarge,QHD,1,0,Acer
Asus ZenScreen Go MB16AP,930.0,1757.0,29852.57,15.6,1920.0,1080.0,1.7777777777777777,141.21199808219862,60.0,800,220.0,IPS,5.0,2.0736,Small,FullHD,0,0,Asus
Asus VC239HE,685.0,685.0,15220.699999999999,23.0,1920.0,1080.0,1.7777777777777777,95.77857261227383,60.0,1000,250.0,IPS,5.0,2.0736,Small,FullHD,0,0,Asus
AOC 24E3UM,468.0,620.0,12087.68,23.8,1920.0,1080.0,1.7777777777777777,92.55912479337388,75.0,3000,300.0,VA,4.0,2.0736,Small,FullHD,0,0,AOC
Viewsonic VX3219-PC-MHD,1050.0,1317.0,26297.37,32.0,1920.0,1080.0,1.7777777777777777,68.84084906507182,240.0,4000,300.0,VA,4.0,2.0736,XLarge,FullHD,1,0,Viewsonic
Acer Vero B247YC3bmiruzxv,611.0,1062.0,18587.03,23.8,1920.0,1080.0,1.7777777777777777,92.55912479337388,100.0,1000,250.0,IPS,4.0,2.0736,Small,FullHD,0,0,Acer
BenQ Zowie XL2540K,1244.0,1568.0,31241.32,24.5,1920.0,1080.0,1.7777777777777777,89.91457837070605,240.0,1000,320.0,TN,4.1020408163265305,2.0736,Medium,FullHD,1,0,BenQ
Philips 24E1N1300A,429.0,509.0,10421.18,23.8,1920.0,1080.0,1.7777777777777777,92.55912479337388,100.0,1300,250.0,IPS,4.0,2.0736,Small,FullHD,0,0,Philips
Iiyama ProLite LH8654UHS-B1AG,8180.0,9392.0,195224.91999999998,85.6,3840.0,2160.0,1.7777777777777777,51.46979369351165,60.0,1400,500.0,IPS,8.0,8.2944,XLarge,4K,0,0,Iiyama
Samsung QM98T-B,24924.0,49950.0,831850.14,98.0,3840.0,2160.0,1.7777777777777777,44.95728918535303,60.0,1200,500.0,IPS,8.0,8.2944,XLarge,4K,0,0,Samsung
Lenovo P27h-20,1734.0,2741.0,49717.25,27.0,2560.0,1440.0,1.7777777777777777,108.78553926332337,60.0,1000,350.0,IPS,4.0,3.6864,Large,QHD,0,0,Lenovo
Philips 276C8,1396.0,1396.0,31019.12,27.0,2560.0,1440.0,1.7777777777777777,108.78553926332337,75.0,1000,350.0,IPS,4.0,3.6864,Large,QHD,0,0,Philips
AOC 24P3CW,817.0,1379.0,24397.559999999998,23.8,1920.0,1080.0,1.7777777777777777,92.55912479337388,75.0,1000,300.0,IPS,4.0,2.0736,Small,FullHD,0,0,AOC
Viewsonic VA240-H-2,346.0,393.0,8210.289999999999,23.8,1920.0,1080.0,1.7777777777777777,92.55912479337388,75.0,1000,250.0,IPS,4.951367781155016,2.0736,Small,FullHD,0,0,Viewsonic
MSI MPG 275CQRXF,1349.0,1705.0,33929.939999999995,27.0,2560.0,1440.0,1.7777777777777777,108.78553926332337,240.0,4000,350.0,VA,4.442516268980477,3.6864,Large,QHD,1,0,MSI
Iiyama ProLite XU2792UHSU-B1,1431.0,1971.0,37796.22,27.0,3840.0,2160.0,1.7777777777777777,163.17830889498507,60.0,1000,300.0,IPS,4.0,8.2944,Large,4K,0,0,Iiyama
Acer PM161QB1bmiuux,399.0,438.0,9299.07,15.6,1920.0,1080.0,1.7777777777777777,141.21199808219862,60.0,1000,250.0,IPS,4.0,2.0736,Small,FullHD,0,0,Acer
HP 324pv,473.0,866.0,14876.289999999999,23.8,1920.0,1080.0,1.7777777777777777,92.55912479337388,100.0,3000,250.0,VA,5.0,2.0736,Small,FullHD,0,0,HP
Lenovo L27q-35,1004.0,1232.0,24841.96,27.0,2560.0,1440.0,1.7777777777777777,108.78553926332337,75.0,4000,350.0,VA,4.0,3.6864,Large,QHD,0,0,Lenovo
Acer SB322QAbi,732.0,934.0,18509.26,31.5,1920.0,1080.0,1.7777777777777777,69.9335609549936,75.0,1000,300.0,IPS,4.951367781155016,2.0736,Large,FullHD,0,0,Acer
MSI PRO MP271A,615.0,1095.0,18998.1,27.0,1920.0,1080.0,1.7777777777777777,81.58915444749253,100.0,1000,300.0,IPS,4.0,2.0736,Large,FullHD,0,0,MSI
ASRock Phantom Gaming PG27QRT1B,810.0,1016.0,20286.86,27.0,2560.0,1440.0,1.7777777777777777,108.78553926332337,180.0,5000,300.0,VA,4.442516268980477,3.6864,Large,QHD,1,0,ASRock
BenQ GW2790E,484.0,484.0,10754.48,27.0,1920.0,1080.0,1.7777777777777777,81.58915444749253,100.0,1300,250.0,IPS,5.0,2.0736,Large,FullHD,0,0,BenQ
Asus TUF Gaming VG27AQL5A,1033.0,1171.0,24486.44,27.0,2560.0,1440.0,1.7777777777777777,108.78553926332337,210.0,1300,350.0,IPS,1.0,3.6864,Large,QHD,1,0,Asus
Viewsonic VG2708A-MHD,595.0,895.0,16553.899999999998,27.0,1920.0,1080.0,1.7777777777777777,81.58915444749253,100.0,1300,250.0,IPS,5.0,2.0736,Large,FullHD,0,0,Viewsonic
LG 43UL3J-M,2091.0,3011.0,56683.219999999994,43.0,3840.0,2160.0,1.7777777777777777,102.460798608479,60.0,1300,300.0,IPS,8.0,8.2944,XLarge,4K,0,0,LG
MSI MEG 342C QD-OLED,3524.0,5648.0,101900.92,34.18,3440.0,1440.0,2.388888888888889,109.1057883750185,175.0,1000000,250.0,OLED,1.0,4.9536,XLarge,QHD,1,0,MSI
Samsung ViewFinity S95UF 49,3741.0,5545.0,103167.45999999999,49.0,5120.0,1440.0,3.5555555555555554,108.54380498674065,120.0,3000,350.0,VA,5.0,7.3728,XLarge,QHD,1,0,Samsung
Samsung Odyssey G91F 49,3282.0,5385.0,96290.37,49.0,5120.0,1440.0,3.5555555555555554,108.54380498674065,144.0,2500,350.0,VA,1.0,7.3728,XLarge,QHD,1,0,Samsung
Corsair XENEON Flex 45WQHD240,11800.0,11800.0,262196.0,45.0,3440.0,1440.0,2.388888888888889,82.87190770351405,240.0,1500000,400.0,OLED,1.0,4.9536,XLarge,QHD,1,0,Corsair
ASRock Phantom Gaming PG27QFT2A,850.0,1442.0,25464.12,27.0,2560.0,1440.0,1.7777777777777777,108.78553926332337,180.0,1000,400.0,IPS,5.0,3.6864,Large,QHD,1,0,ASRock
Philips Evnia 32M2C3500L,849.0,1213.0,22908.82,31.5,2560.0,1440.0,1.7777777777777777,93.24474793999147,180.0,3500,300.0,VA,1.0,3.6864,Large,QHD,1,0,Philips
Acer Vero V247YEbmipxv,440.0,682.0,12465.42,23.8,1920.0,1080.0,1.7777777777777777,92.55912479337388,100.0,1000,250.0,IPS,4.0,2.0736,Small,FullHD,0,0,Acer
MSI MAG 321CUP,2099.0,2233.0,48128.52,31.5,3840.0,2160.0,1.7777777777777777,139.8671219099872,160.0,3000,350.0,VA,4.442516268980477,8.2944,Large,4K,1,1,MSI
Acer Nitro VG273bii,521.0,648.0,12987.59,27.0,1920.0,1080.0,1.7777777777777777,81.58915444749253,75.0,1000,400.0,IPS,4.951367781155016,2.0736,Large,FullHD,0,0,Acer
Viewsonic VA2732-H,359.0,863.0,13576.42,27.0,1920.0,1080.0,1.7777777777777777,81.58915444749253,75.0,1000,250.0,IPS,4.0,2.0736,Large,FullHD,0,0,Viewsonic
NEC X462S,7760.0,9250.0,188981.09999999998,46.0,1920.0,1080.0,1.7777777777777777,47.88928630613692,85.0,4000,700.0,VA,4.442516268980477,2.0736,XLarge,FullHD,0,0,NEC
Samsung LE46C,7681.0,7681.0,170671.81999999998,46.0,1920.0,1080.0,1.7777777777777777,47.88928630613692,126.92706645056727,4000,700.0,VA,5.0,2.0736,XLarge,FullHD,1,0,Samsung
AOC 24G4X,435.0,706.0,12676.51,23.8,1920.0,1080.0,1.7777777777777777,92.55912479337388,180.0,1000,300.0,IPS,1.0,2.0736,Small,FullHD,1,0,AOC
Philips 243B9H,1139.0,1499.0,29308.18,23.8,1920.0,1080.0,1.7777777777777777,92.55912479337388,75.0,1000,250.0,IPS,4.0,2.0736,Small,FullHD,0,0,Philips
Iiyama ProLite TW2424AS-W1,2150.0,2302.0,49461.719999999994,23.8,1920.0,1080.0,1.7777777777777777,92.55912479337388,60.0,1000,250.0,IPS,14.0,2.0736,Small,FullHD,0,0,Iiyama
Dell UltraSharp UP2720Q,3644.0,4015.0,85091.48999999999,27.0,3840.0,2160.0,1.7777777777777777,163.17830889498507,60.0,1300,250.0,IPS,6.0,8.2944,Large,4K,0,0,Dell
Samsung Odyssey 3D G90XF 27,6699.0,9979.0,185292.58,27.0,3840.0,2160.0,1.7777777777777777,163.17830889498507,165.0,1000,350.0,IPS,1.0,8.2944,Large,4K,1,1,Samsung
Terra 2427W V2,347.0,347.0,7710.339999999999,23.8,1920.0,1080.0,1.7777777777777777,92.55912479337388,100.0,1000,250.0,VA,5.0,2.0736,Small,FullHD,0,0,Terra
UPERFECT UXbox E4,749.0,984.0,19253.629999999997,18.5,1920.0,1080.0,1.7777777777777777,119.0760632476918,120.0,1000,300.0,IPS,16.0,2.0736,Small,FullHD,1,0,UPERFECT
Iiyama ProLite TF1634MC-B8X,2242.0,2863.0,56716.549999999996,15.6,1920.0,1080.0,1.7777777777777777,141.21199808219862,60.0,700,450.0,IPS,25.0,2.0736,Small,FullHD,0,0,Iiyama
Samsung QE98C,13499.0,25916.0,437900.64999999997,98.0,3840.0,2160.0,1.7777777777777777,44.95728918535303,60.0,5000,450.0,VA,8.0,8.2944,XLarge,4K,0,0,Samsung
Philips Evnia 34M2C8600,2882.0,4287.0,79647.59,34.0,3440.0,1440.0,2.388888888888889,109.68340725465096,175.0,1000000,250.0,OLED,1.0,4.9536,XLarge,QHD,1,0,Philips
Samsung QB43B,2515.0,2999.0,61260.53999999999,43.0,3840.0,2160.0,1.7777777777777777,102.460798608479,60.0,4000,350.0,VA,4.442516268980477,8.2944,XLarge,4K,0,0,Samsung
Iiyama ProLite T2454MSC-B3AG,1407.0,1560.0,32963.369999999995,23.8,1920.0,1080.0,1.7777777777777777,92.55912479337388,75.0,1000,300.0,IPS,4.0,2.0736,Small,FullHD,0,0,Iiyama
LG UltraFine 32UN880P,2173.0,2599.0,53016.92,31.5,3840.0,2160.0,1.7777777777777777,139.8671219099872,60.0,1000,350.0,IPS,5.0,8.2944,Large,4K,0,0,LG
Asus TUF Gaming VG32VQM5B,1103.0,1219.0,25797.42,31.5,1920.0,1080.0,1.7777777777777777,69.9335609549936,250.0,3500,300.0,VA,4.442516268980477,2.0736,Large,FullHD,1,0,Asus
LG 24QP750,2379.0,2379.0,52861.38,24.0,2560.0,1440.0,1.7777777777777777,122.3837316712388,70.0,1000,300.0,IPS,5.0,3.6864,Medium,QHD,0,0,LG
Iiyama ProLite LE9864UHS-B1AG,15956.0,17369.0,370240.75,98.0,3840.0,2160.0,1.7777777777777777,44.95728918535303,60.0,5000,500.0,VA,4.442516268980477,8.2944,XLarge,4K,0,0,Iiyama
LG UltraGear 34G600A,1289.0,1970.0,36207.49,34.0,3440.0,1440.0,2.388888888888889,109.68340725465096,160.0,4000,300.0,VA,5.0,4.9536,XLarge,QHD,1,0,LG
Acer Predator XB323UGXbmiiphzx,2677.0,2677.0,59482.939999999995,32.0,2560.0,1440.0,1.7777777777777777,91.7877987534291,270.0,1000,600.0,IPS,1.0,3.6864,XLarge,QHD,1,0,Acer
Iiyama ProLite XUB2763QSU-B1,859.0,1084.0,21586.73,27.0,2560.0,1440.0,1.7777777777777777,108.78553926332337,100.0,1500,350.0,IPS,2.0,3.6864,Large,QHD,0,0,Iiyama
AOC C27G42E,474.0,699.0,13032.029999999999,27.0,1920.0,1080.0,1.7777777777777777,81.58915444749253,180.0,3000,300.0,VA,1.0,2.0736,Large,FullHD,1,0,AOC
Dahua LM24-E231,388.0,903.0,14343.009999999998,23.8,1920.0,1080.0,1.7777777777777777,92.55912479337388,165.0,1000,300.0,IPS,1.0,2.0736,Small,FullHD,1,0,Dahua
AOC 27E2QAE,665.0,665.0,14776.3,27.0,1920.0,1080.0,1.7777777777777777,81.58915444749253,75.0,1000,250.0,IPS,4.0,2.0736,Large,FullHD,0,0,AOC
Viewsonic VX2428,730.0,1251.0,22008.91,23.8,1920.0,1080.0,1.7777777777777777,92.55912479337388,180.0,1000,250.0,IPS,3.0,2.0736,Small,FullHD,1,0,Viewsonic
LG UltraWide 34WP65C,1318.0,1403.0,30230.309999999998,34.0,3440.0,1440.0,2.388888888888889,109.68340725465096,160.0,3000,300.0,VA,5.0,4.9536,XLarge,QHD,1,0,LG
AOC 27G2ZN3,599.0,912.0,16787.21,27.0,1920.0,1080.0,1.7777777777777777,81.58915444749253,280.0,4000,300.0,VA,1.0,2.0736,Large,FullHD,1,0,AOC
Asus ROG Strix XG27AQV,1442.0,1661.0,34474.33,27.0,2560.0,1440.0,1.7777777777777777,108.78553926332337,170.0,1000,400.0,IPS,1.0,3.6864,Large,QHD,1,0,Asus
HP OMEN Transcend 32,4912.0,6560.0,127453.92,31.5,3840.0,2160.0,1.7777777777777777,139.8671219099872,240.0,1500000,250.0,OLED,1.0,8.2944,Large,4K,1,1,HP
Iiyama ProLite XU2793QSU-B7,729.0,967.0,18842.559999999998,27.0,2560.0,1440.0,1.7777777777777777,108.78553926332337,100.0,1300,300.0,IPS,4.951367781155016,3.6864,Large,QHD,0,0,Iiyama
Viewsonic VA2432-MHD,319.0,548.0,9632.369999999999,24.0,1920.0,1080.0,1.7777777777777777,91.7877987534291,75.0,1000,250.0,IPS,4.0,2.0736,Medium,FullHD,0,0,Viewsonic
Asus ZenScreen Duo OLED MQ149CD,2623.0,3437.0,67326.59999999999,14.0,1920.0,1200.0,1.6,161.72539083525606,60.0,100000,400.0,OLED,1.0,2.304,Small,FullHD,0,0,Asus
ASRock Challenger CL25FFA,293.0,359.0,7243.719999999999,24.5,1920.0,1080.0,1.7777777777777777,89.91457837070605,120.0,1500,300.0,IPS,4.0,2.0736,Medium,FullHD,1,0,ASRock
Dell Plus S2725DS,749.0,1291.0,22664.399999999998,27.0,2560.0,1440.0,1.7777777777777777,108.78553926332337,100.0,1500,300.0,IPS,8.0,3.6864,Large,QHD,0,0,Dell
HP 738pu,4666.0,5341.0,111177.76999999999,37.5,3840.0,1600.0,2.4,110.93333333333334,60.0,2000,400.0,IPS,5.0,6.144,XLarge,QHD,0,0,HP
Lenovo Legion Pro 34WD-10,4199.0,5555.0,108366.93999999999,34.0,3440.0,1440.0,2.388888888888889,109.68340725465096,240.0,1500000,275.0,OLED,1.0,4.9536,XLarge,QHD,1,0,Lenovo
Acer Vero V227QE3biv,476.0,476.0,10576.72,21.5,1920.0,1080.0,1.7777777777777777,102.460798608479,100.0,1000,250.0,IPS,4.0,2.0736,Small,FullHD,0,0,Acer
Iiyama ProLite XU2493HS-B6,359.0,640.0,11098.89,23.8,1920.0,1080.0,1.7777777777777777,92.55912479337388,100.0,1300,250.0,IPS,4.951367781155016,2.0736,Small,FullHD,0,0,Iiyama
Lenovo ThinkVision S24i-30,338.0,809.0,12743.17,23.8,1920.0,1080.0,1.7777777777777777,92.55912479337388,100.0,1300,250.0,IPS,6.0,2.0736,Small,FullHD,0,0,Lenovo
Philips 346B1C,1488.0,2052.0,39329.4,34.0,3440.0,1440.0,2.388888888888889,109.68340725465096,100.0,3000,300.0,VA,5.0,4.9536,XLarge,QHD,0,0,Philips
Acer EK241YGbi,351.0,351.0,7799.219999999999,23.8,1920.0,1080.0,1.7777777777777777,92.55912479337388,120.0,1000,250.0,IPS,4.0,2.0736,Small,FullHD,1,0,Acer
AOC Q27G42XNE,560.0,759.0,14654.09,27.0,2560.0,1440.0,1.7777777777777777,108.78553926332337,180.0,5000,300.0,VA,1.0,3.6864,Large,QHD,1,0,AOC
LC-Power LC-M30UWFC,979.0,1060.0,22653.289999999997,29.5,2560.0,1080.0,2.3703703703703702,94.18606094542241,200.0,3000,250.0,VA,7.0,2.7648,Large,FullHD,1,0,LC-Power
AOC 24B3HA2,319.0,408.0,8076.969999999999,23.8,1920.0,1080.0,1.7777777777777777,92.55912479337388,100.0,1000,250.0,Other,4.0,2.0736,Small,FullHD,0,0,AOC
Samsung VH55C-E,11038.0,13842.0,276416.8,55.0,1920.0,1080.0,1.7777777777777777,40.05285763785997,60.0,1000,500.0,IPS,8.0,2.0736,XLarge,FullHD,0,0,Samsung
Acer Predator X32FPbmiiiiphuzx,6849.0,6849.0,152184.78,32.0,3840.0,2160.0,1.7777777777777777,137.68169813014364,160.0,1000,1200.0,IPS,1.0,8.2944,XLarge,4K,1,1,Acer
Iiyama G-Master GC2480HSU-B1,439.0,616.0,11721.05,23.6,1920.0,1080.0,1.7777777777777777,93.34352415602959,180.0,3000,300.0,VA,4.442516268980477,2.0736,Small,FullHD,1,0,Iiyama
HP E24i G4,716.0,1795.0,27897.21,24.0,1920.0,1200.0,1.6,94.33981132056603,60.0,1000,250.0,IPS,5.0,2.304,Medium,FullHD,0,0,HP
MSI MAG 275CQRXF,1737.0,1737.0,38596.14,27.0,2560.0,1440.0,1.7777777777777777,108.78553926332337,240.0,2500,300.0,VA,1.0,3.6864,Large,QHD,1,0,MSI
HP V24i,507.0,507.0,11265.539999999999,24.0,1920.0,1080.0,1.7777777777777777,91.7877987534291,60.0,1000,250.0,IPS,5.0,2.0736,Medium,FullHD,0,0,HP
ASRock Phantom Gaming PGO27QFS,2245.0,2516.0,52894.71,27.0,2560.0,1440.0,1.7777777777777777,108.78553926332337,240.0,1500000,275.0,OLED,1.0,3.6864,Large,QHD,1,0,ASRock
MSI PRO MP273QP,1089.0,1089.0,24197.579999999998,27.0,2560.0,1440.0,1.7777777777777777,108.78553926332337,75.0,1000,342.715043074884,IPS,5.0,3.6864,Large,QHD,0,0,MSI
Asus ROG Strix OLED XG34WCDG,3106.0,3981.0,78736.56999999999,34.0,3440.0,1440.0,2.388888888888889,109.68340725465096,175.0,1500000,250.0,OLED,1.0,4.9536,XLarge,QHD,1,0,Asus
Asus ProArt OLED PA32UCDM,6979.0,8528.0,172282.77,31.5,3840.0,2160.0,1.7777777777777777,139.8671219099872,240.0,1500000,250.0,OLED,1.0,8.2944,Large,4K,1,1,Asus
Lenovo L24-4e,297.0,499.0,8843.56,23.8,1920.0,1080.0,1.7777777777777777,92.55912479337388,100.0,1300,250.0,IPS,4.0,2.0736,Small,FullHD,0,0,Lenovo
LG 27UP650P,1041.0,1389.0,26997.3,27.0,3840.0,2160.0,1.7777777777777777,163.17830889498507,60.0,1200,400.0,IPS,5.0,8.2944,Large,4K,0,0,LG
Asus ZenScreen MB16QHG,1699.0,1967.0,40729.259999999995,16.0,2560.0,1600.0,1.6,188.67962264113208,120.0,1200,500.0,IPS,5.0,4.096,Small,QHD,1,0,Asus
Samsung U32J590U,1119.0,1925.0,33818.84,32.0,3840.0,2160.0,1.7777777777777777,137.68169813014364,60.0,3000,270.0,VA,4.0,8.2944,XLarge,4K,0,0,Samsung
LG UltraWide 38WN95CP,16809.0,16809.0,373495.98,38.0,3840.0,1600.0,2.4,109.47368421052632,144.0,1000,450.0,IPS,1.0,6.144,XLarge,QHD,1,0,LG
Philips 49BDL2105X,5973.0,8116.0,156528.78999999998,48.5,1920.0,1080.0,1.7777777777777777,45.42076639344945,60.0,1000,500.0,IPS,8.0,2.0736,XLarge,FullHD,0,0,Philips
Iiyama ProLite XU2491H-B1,357.0,444.0,8899.109999999999,23.8,1920.0,1080.0,1.7777777777777777,92.55912479337388,100.0,1300,300.0,IPS,4.951367781155016,2.0736,Small,FullHD,0,0,Iiyama
Neovo LW-2203,275.0,330.0,6721.549999999999,21.5,1920.0,1080.0,1.7777777777777777,102.460798608479,75.0,1000,250.0,IPS,5.0,2.0736,Small,FullHD,0,0,Neovo
LG 55UM5N-H,4059.0,6775.0,120365.73999999999,55.0,3840.0,2160.0,1.7777777777777777,80.10571527571994,60.0,1100,500.0,IPS,4.951367781155016,8.2944,XLarge,4K,0,0,LG
MSI MAG 274QF,689.0,1744.0,27030.629999999997,27.0,2560.0,1440.0,1.7777777777777777,108.78553926332337,180.0,1000,250.0,IPS,4.951367781155016,3.6864,Large,QHD,1,0,MSI
Philips 279M1RV,5135.0,5135.0,114099.7,27.0,3840.0,2160.0,1.7777777777777777,163.17830889498507,144.0,1000,450.0,IPS,1.0,8.2944,Large,4K,1,1,Philips
LG UltraGear 27GS95QX,2347.0,3129.0,60838.35999999999,26.5,2560.0,1440.0,1.7777777777777777,110.83809660791438,240.0,1500000,200.0,OLED,1.0,3.6864,Medium,QHD,1,0,LG
Dell UltraSharp U2723QE,2247.0,3621.0,65193.479999999996,27.0,3840.0,2160.0,1.7777777777777777,163.17830889498507,60.0,2000,400.0,IPS,5.0,8.2944,Large,4K,0,0,Dell
Asus ProArt PA278CFRV,1436.0,2091.0,39184.97,27.0,2560.0,1440.0,1.7777777777777777,108.78553926332337,100.0,1000,350.0,IPS,5.0,3.6864,Large,QHD,0,0,Asus
LG 24U631A,499.0,755.0,13931.939999999999,23.8,2560.0,1440.0,1.7777777777777777,123.41216639116517,100.0,1000,250.0,IPS,5.0,3.6864,Small,QHD,0,0,LG
AOC 27B3HM,436.0,713.0,12765.39,27.0,1920.0,1080.0,1.7777777777777777,81.58915444749253,75.0,1000,369.7073170731707,VA,5.0,2.0736,Large,FullHD,0,0,AOC
Acer Vero B248YEwemiqpruzx,890.0,890.0,19775.8,23.8,1920.0,1080.0,1.7777777777777777,92.55912479337388,100.0,1000,300.0,IPS,4.0,2.0736,Small,FullHD,0,0,Acer
Asus VZ27EHE,2769.0,2769.0,61527.18,27.0,1920.0,1080.0,1.7777777777777777,81.58915444749253,75.0,1000,250.0,IPS,4.0,2.0736,Large,FullHD,0,0,Asus
Dell UltraSharp U3223QE,3044.0,4299.0,81580.73,31.5,3840.0,2160.0,1.7777777777777777,139.8671219099872,60.0,2000,400.0,IPS,5.0,8.2944,Large,4K,0,0,Dell
Samsung QM55B,3739.0,7995.0,130364.73999999999,55.0,3840.0,2160.0,1.7777777777777777,80.10571527571994,75.0,4000,500.0,VA,8.0,8.2944,XLarge,4K,0,0,Samsung
AOC Q27V5N,705.0,1010.0,19053.649999999998,27.0,2560.0,1440.0,1.7777777777777777,108.78553926332337,75.0,4000,300.0,VA,4.0,3.6864,Large,QHD,0,0,AOC
HP OMEN 27,500.0,964.0,16265.039999999999,27.0,1920.0,1080.0,1.7777777777777777,81.58915444749253,165.0,1000,400.0,IPS,1.0,2.0736,Large,FullHD,1,0,HP
LG UltraGear 45GR65DC,3588.0,5835.0,104689.53,44.5,5120.0,1440.0,3.5555555555555554,119.5201448168605,200.0,3000,400.0,VA,1.0,7.3728,XLarge,QHD,1,0,LG
Asus ROG Strix XG249CM,2045.0,2045.0,45439.899999999994,23.8,1920.0,1080.0,1.7777777777777777,92.55912479337388,270.0,1000,350.0,IPS,1.0,2.0736,Small,FullHD,1,0,Asus
ASRock Phantom Gaming PG27QFT1B,792.0,1041.0,20364.629999999997,27.0,2560.0,1440.0,1.7777777777777777,108.78553926332337,180.0,1000,400.0,IPS,5.0,3.6864,Large,QHD,1,0,ASRock
Acer Vero CB272UE3bmiiprx,878.0,881.0,19542.489999999998,27.0,2560.0,1440.0,1.7777777777777777,108.78553926332337,100.0,1000,350.0,IPS,4.951367781155016,3.6864,Large,QHD,0,0,Acer
Gigabyte G32QC A,939.0,939.0,20864.579999999998,31.5,2560.0,1440.0,1.7777777777777777,93.24474793999147,165.0,3000,350.0,VA,4.442516268980477,3.6864,Large,QHD,1,0,Gigabyte
Dell Alienware AW3225QF,3699.0,4944.0,96023.73,31.6,3840.0,2160.0,1.7777777777777777,139.4245044355885,240.0,1000000,1000.0,OLED,1.0,8.2944,Large,4K,1,1,Dell
Viewsonic VX3218C-2K,899.0,1016.0,21275.649999999998,31.5,2560.0,1440.0,1.7777777777777777,93.24474793999147,165.0,3500,250.0,VA,4.442516268980477,3.6864,Large,QHD,1,0,Viewsonic
Dell UltraSharp U3425WE,3369.0,4200.0,84091.59,34.0,3440.0,1440.0,2.388888888888889,109.68340725465096,120.0,2000,300.0,IPS,8.0,4.9536,XLarge,QHD,1,0,Dell
Asus VS228DE,399.0,399.0,8865.779999999999,22.0,1920.0,1080.0,1.7777777777777777,100.13214409464992,75.0,1000,200.0,TN,5.0,2.0736,Small,FullHD,0,0,Asus
LG 27BQ65UB,1426.0,1755.0,35340.909999999996,27.0,3840.0,2160.0,1.7777777777777777,163.17830889498507,60.0,1200,300.0,IPS,5.0,8.2944,Large,4K,0,0,LG
Dahua LM19-L200,313.0,490.0,8921.33,19.5,1600.0,900.0,1.7777777777777777,94.14133205479907,75.0,600,200.0,TN,5.0,1.44,Small,HD,0,0,Dahua
NEC V423,4880.0,4880.0,108433.59999999999,42.0,1920.0,1080.0,1.7777777777777777,52.450170716245196,85.0,1300,450.0,IPS,12.0,2.0736,XLarge,FullHD,0,0,NEC
Asus VA27EQSB,702.0,870.0,17464.92,27.0,1920.0,1080.0,1.7777777777777777,81.58915444749253,75.0,1000,300.0,IPS,5.0,2.0736,Large,FullHD,0,0,Asus
Hannspree HS279PSB,1093.0,1093.0,24286.46,27.0,1920.0,1080.0,1.7777777777777777,81.58915444749253,60.0,1000,250.0,VA,5.0,2.0736,Large,FullHD,0,0,Hannspree
Asus ProArt PA24US,6578.0,8430.0,166738.88,23.6,3840.0,2160.0,1.7777777777777777,186.68704831205918,60.0,1000,350.0,IPS,5.0,8.2944,Small,4K,0,0,Asus
Iiyama ProLite XUB2792HSN-B5,718.0,926.0,18264.84,27.0,1920.0,1080.0,1.7777777777777777,81.58915444749253,75.0,1000,250.0,IPS,4.0,2.0736,Large,FullHD,0,0,Iiyama
Asus ProArt PA16USV,3783.0,4376.0,90646.48999999999,15.6,3840.0,2160.0,1.7777777777777777,282.42399616439724,60.0,1200,400.0,IPS,5.0,8.2944,Small,4K,0,0,Asus
HP E24mv G4,941.0,1353.0,25486.34,23.8,1920.0,1080.0,1.7777777777777777,92.55912479337388,60.0,1000,250.0,IPS,5.0,2.0736,Small,FullHD,0,0,HP
Samsung Odyssey OLED G85SB 34,4793.0,4793.0,106500.45999999999,34.0,3440.0,1440.0,2.388888888888889,109.68340725465096,175.0,1000000,250.0,OLED,1.0,4.9536,XLarge,QHD,1,0,Samsung
Asus VY279HGE,599.0,978.0,17520.469999999998,27.0,1920.0,1080.0,1.7777777777777777,81.58915444749253,144.0,1000,250.0,IPS,4.951367781155016,2.0736,Large,FullHD,1,0,Asus
Philips Evnia 49M2C8900,4106.0,4908.0,100145.54,48.9,5120.0,1440.0,3.5555555555555554,108.76577595808368,240.0,1500000,294.84496124031006,OLED,1.0,7.3728,XLarge,QHD,1,0,Philips
Lenovo T24m-29,791.0,1753.0,28263.84,23.8,1920.0,1080.0,1.7777777777777777,92.55912479337388,60.0,1000,250.0,IPS,4.0,2.0736,Small,FullHD,0,0,Lenovo
Acer Vero B278Ubemiqprcuzx,1252.0,1679.0,32563.41,27.0,2560.0,1440.0,1.7777777777777777,108.78553926332337,75.0,1000,350.0,IPS,4.0,3.6864,Large,QHD,0,0,Acer
KOORUI 25E3A,619.0,1091.0,18998.1,24.5,1920.0,1080.0,1.7777777777777777,89.91457837070605,170.0,3000,250.0,VA,4.442516268980477,2.0736,Medium,FullHD,1,0,KOORUI
Philips 27B2U4601,1147.0,1662.0,31207.989999999998,27.0,2560.0,1440.0,1.7777777777777777,108.78553926332337,120.0,1500,350.0,IPS,4.0,3.6864,Large,QHD,1,0,Philips
Iiyama ProLite TF1515MC-B2,1767.0,2108.0,43051.25,15.0,1024.0,768.0,1.3333333333333333,85.33333333333333,60.0,800,350.0,TN,8.0,0.786432,Small,HD,0,0,Iiyama
MSI Modern MD272P,850.0,1402.0,25019.719999999998,27.0,1920.0,1080.0,1.7777777777777777,81.58915444749253,75.0,1000,250.0,IPS,5.0,2.0736,Large,FullHD,0,0,MSI
LG 43UH5N-E,4059.0,4059.0,90190.98,43.0,3840.0,2160.0,1.7777777777777777,102.460798608479,60.0,1000,500.0,IPS,10.0,8.2944,XLarge,4K,0,0,LG
Asus BE24EQSB,530.0,1263.0,19920.23,24.0,1920.0,1080.0,1.7777777777777777,91.7877987534291,60.0,1000,300.0,IPS,5.0,2.0736,Medium,FullHD,0,0,Asus
LG 24BA850,981.0,1251.0,24797.52,23.8,1920.0,1080.0,1.7777777777777777,92.55912479337388,100.0,1300,250.0,IPS,5.0,2.0736,Small,FullHD,0,0,LG
Acer SA243YG0bi,315.0,377.0,7688.12,23.8,1920.0,1080.0,1.7777777777777777,92.55912479337388,120.0,1000,250.0,IPS,4.951367781155016,2.0736,Small,FullHD,1,0,Acer
KOORUI 27N1,625.0,625.0,13887.5,27.0,1920.0,1080.0,1.7777777777777777,81.58915444749253,75.0,1000,250.0,IPS,5.0,2.0736,Large,FullHD,0,0,KOORUI
Iiyama ProLite T1531SR-B1S,1576.0,1987.0,39584.93,15.0,1024.0,768.0,1.3333333333333333,85.33333333333333,126.92706645056727,2500,280.0,VA,4.442516268980477,0.786432,Small,HD,1,0,Iiyama
Asus ROG Strix XG27AQ,1586.0,1605.0,35452.009999999995,27.0,2560.0,1440.0,1.7777777777777777,108.78553926332337,170.0,1000,400.0,IPS,1.0,3.6864,Large,QHD,1,0,Asus
MSI MAG 325CQRF-QD,1158.0,2144.0,36685.22,31.5,2560.0,1440.0,1.7777777777777777,93.24474793999147,170.0,3500,300.0,Other,1.0,3.6864,Large,QHD,1,0,MSI
Eizo FlexScan EV2720S,2182.0,2793.0,55272.25,27.0,2560.0,1440.0,1.7777777777777777,108.78553926332337,60.0,1500,350.0,IPS,5.0,3.6864,Large,QHD,0,0,Eizo
MSI MAG 274CQF,689.0,1110.0,19986.89,27.0,2560.0,1440.0,1.7777777777777777,108.78553926332337,180.0,5000,300.0,VA,4.442516268980477,3.6864,Large,QHD,1,0,MSI
Viewsonic XG275D1-4K,1699.0,2724.0,49139.53,26.9,3840.0,2160.0,1.7777777777777777,163.78491970872108,160.0,1000,300.0,IPS,4.951367781155016,8.2944,Medium,4K,1,1,Viewsonic
Asus VA27EHE,980.0,1004.0,22042.239999999998,27.0,1920.0,1080.0,1.7777777777777777,81.58915444749253,75.0,1000,250.0,IPS,5.0,2.0736,Large,FullHD,0,0,Asus
Viewsonic VX1654,829.0,1001.0,20331.3,15.6,1920.0,1080.0,1.7777777777777777,141.21199808219862,144.0,800,250.0,IPS,4.951367781155016,2.0736,Small,FullHD,1,0,Viewsonic
Asus TUF Gaming VG27AQA1A,779.0,1374.0,23919.829999999998,27.0,2560.0,1440.0,1.7777777777777777,108.78553926332337,170.0,3000,300.0,VA,4.442516268980477,3.6864,Large,QHD,1,0,Asus
MSI PRO MP341CQW,1039.0,1799.0,31530.179999999997,34.0,3440.0,1440.0,2.388888888888889,109.68340725465096,100.0,3000,369.7073170731707,VA,4.0,4.9536,XLarge,QHD,0,0,MSI
Thermaltake TGM-I27FQ,1621.0,1727.0,37196.28,27.0,2560.0,1440.0,1.7777777777777777,108.78553926332337,165.0,1000,400.0,IPS,1.0,3.6864,Large,QHD,1,0,Thermaltake
Philips 241V8AW,343.0,451.0,8821.34,23.8,1920.0,1080.0,1.7777777777777777,92.55912479337388,75.0,1000,250.0,IPS,4.0,2.0736,Small,FullHD,0,0,Philips
Lenovo D27-40,517.0,534.0,11676.609999999999,27.0,1920.0,1080.0,1.7777777777777777,81.58915444749253,75.0,3000,250.0,VA,4.0,2.0736,Large,FullHD,0,0,Lenovo
Lenovo T24v-30,756.0,983.0,19320.289999999997,23.8,1920.0,1080.0,1.7777777777777777,92.55912479337388,75.0,1000,250.0,IPS,4.0,2.0736,Small,FullHD,0,0,Lenovo
Samsung UD55E-B,9189.0,9189.0,204179.58,55.0,1920.0,1080.0,1.7777777777777777,40.05285763785997,75.0,4000,500.0,Other,8.0,2.0736,XLarge,FullHD,0,0,Samsung
Acer Nitro VG271UM3bmiipx,912.0,1042.0,21708.94,27.0,2560.0,1440.0,1.7777777777777777,108.78553926332337,180.0,1000,250.0,IPS,1.0,3.6864,Large,QHD,1,0,Acer
BenQ Zowie XL2586X,5945.0,5945.0,132097.9,24.1,1920.0,1080.0,1.7777777777777777,91.40693651793768,540.0,1000,320.0,TN,4.1020408163265305,2.0736,Medium,FullHD,1,0,BenQ
AOC 24G2AE,404.0,404.0,8976.88,24.0,1920.0,1080.0,1.7777777777777777,91.7877987534291,144.0,1000,250.0,IPS,4.0,2.0736,Medium,FullHD,1,0,AOC
HP P32u G5,1720.0,1884.0,40040.439999999995,31.5,2560.0,1440.0,1.7777777777777777,93.24474793999147,75.0,1000,350.0,IPS,5.0,3.6864,Large,QHD,0,0,HP
Dell SE2222H,399.0,532.0,10343.41,22.0,1920.0,1080.0,1.7777777777777777,100.13214409464992,60.0,3000,250.0,VA,8.0,2.0736,Small,FullHD,0,0,Dell
Viewsonic VA3209-MH,630.0,994.0,18042.64,31.5,1920.0,1080.0,1.7777777777777777,69.9335609549936,75.0,1200,250.0,IPS,4.0,2.0736,Large,FullHD,0,0,Viewsonic
Eizo FlexScan EV2490,1499.0,2586.0,45384.35,23.8,1920.0,1080.0,1.7777777777777777,92.55912479337388,60.0,1000,250.0,IPS,5.0,2.0736,Small,FullHD,0,0,Eizo
Viewsonic IFP6550-5F,4480.0,7880.0,137319.6,65.0,3840.0,2160.0,1.7777777777777777,67.78175907945533,60.0,1200,500.0,IPS,8.0,8.2944,XLarge,4K,0,0,Viewsonic
Sony BRAVIA FW-75BZ30J,15431.0,15431.0,342876.82,75.0,3840.0,2160.0,1.7777777777777777,58.74419120219462,60.0,1200,440.0,IPS,11.0,8.2944,XLarge,4K,0,0,Sony
Gigabyte MO27U2,3449.0,4579.0,89191.08,27.0,3840.0,2160.0,1.7777777777777777,163.17830889498507,240.0,1500000,250.0,OLED,1.0,8.2944,Large,4K,1,1,Gigabyte
BenQ GW2283,426.0,490.0,10176.76,22.0,1920.0,1080.0,1.7777777777777777,100.13214409464992,60.0,1000,250.0,IPS,5.0,2.0736,Small,FullHD,0,0,BenQ
Philips 34B2U3600C,1447.0,1668.0,34607.65,34.0,3440.0,1440.0,2.388888888888889,109.68340725465096,120.0,3500,300.0,VA,4.0,4.9536,XLarge,QHD,1,0,Philips
Viewsonic IFP6533-G,4532.0,4804.0,103722.95999999999,64.5,3840.0,2160.0,1.7777777777777777,68.30719907231932,60.0,1000,350.0,IPS,8.0,8.2944,XLarge,4K,0,0,Viewsonic
Samsung C27R504FHP,910.0,910.0,20220.2,27.0,1920.0,1080.0,1.7777777777777777,81.58915444749253,60.0,3000,250.0,VA,4.0,2.0736,Large,FullHD,0,0,Samsung
Viewsonic VG2208A,578.0,603.0,13120.91,21.5,1920.0,1080.0,1.7777777777777777,102.460798608479,100.0,1000,250.0,IPS,5.0,2.0736,Small,FullHD,0,0,Viewsonic
Acer Nitro XV252QFbmiiprx,1478.0,1714.0,35463.119999999995,25.0,1920.0,1080.0,1.7777777777777777,88.11628680329193,360.0,1000,400.0,IPS,1.0,2.0736,Medium,FullHD,1,0,Acer
Samsung ViewFinity S61F 27,888.0,1007.0,21053.45,27.0,2560.0,1440.0,1.7777777777777777,108.78553926332337,100.0,1000,300.0,IPS,5.0,3.6864,Large,QHD,0,0,Samsung
Philips 222B1TFL,1990.0,1990.0,44217.799999999996,22.0,1920.0,1080.0,1.7777777777777777,100.13214409464992,75.0,1000,400.0,IPS,4.0,2.0736,Small,FullHD,0,0,Philips
Samsung S24A600NA,1030.0,1030.0,22886.6,24.0,2560.0,1440.0,1.7777777777777777,122.3837316712388,75.0,1000,300.0,IPS,5.0,3.6864,Medium,QHD,0,0,Samsung
MSI Optix G32CQ4,1017.0,1017.0,22597.739999999998,32.0,2560.0,1440.0,1.7777777777777777,91.7877987534291,165.0,3000,250.0,VA,4.0,3.6864,XLarge,QHD,1,0,MSI
LG UltraWide 35WN75C,4189.0,4189.0,93079.58,35.0,3440.0,1440.0,2.388888888888889,106.54959561880379,100.0,2500,300.0,VA,5.0,4.9536,XLarge,QHD,0,0,LG
Dell P2418HZ,1292.0,1292.0,28708.239999999998,24.0,1920.0,1080.0,1.7777777777777777,91.7877987534291,60.0,1000,250.0,IPS,6.0,2.0736,Medium,FullHD,0,0,Dell
Thermaltake TGM-V32CQ,1464.0,1478.0,32685.62,31.5,2560.0,1440.0,1.7777777777777777,93.24474793999147,170.0,3000,400.0,VA,4.0,3.6864,Large,QHD,1,0,Thermaltake
Gigabyte G25F2,469.0,614.0,12032.13,24.5,1920.0,1080.0,1.7777777777777777,89.91457837070605,200.0,1000,300.0,IPS,1.0,2.0736,Medium,FullHD,1,0,Gigabyte
Gigabyte Aorus CO49DQ,3699.0,7362.0,122887.70999999999,49.0,5120.0,1440.0,3.5555555555555554,108.54380498674065,144.0,1500000,250.0,OLED,1.0,7.3728,XLarge,QHD,1,0,Gigabyte
AOC AGON PRO AG276UZD,3373.0,3835.0,80080.87999999999,26.5,3840.0,2160.0,1.7777777777777777,166.25714491187156,240.0,1500000,250.0,OLED,1.0,8.2944,Medium,4K,1,1,AOC
AOC C27G4ZXU,649.0,1061.0,18998.1,27.0,1920.0,1080.0,1.7777777777777777,81.58915444749253,280.0,4000,300.0,VA,1.0,2.0736,Large,FullHD,1,0,AOC
Samsung Essential Monitor S40GD 24,429.0,677.0,12287.66,23.8,1920.0,1080.0,1.7777777777777777,92.55912479337388,100.0,1000,250.0,IPS,5.0,2.0736,Small,FullHD,0,0,Samsung
Philips 242E1GAJ,591.0,1376.0,21853.37,24.0,1920.0,1080.0,1.7777777777777777,91.7877987534291,144.0,3500,350.0,VA,4.0,2.0736,Medium,FullHD,1,0,Philips
Samsung OM46D-W,11399.0,15709.0,301169.88,46.0,1920.0,1080.0,1.7777777777777777,47.88928630613692,75.0,5000,2500.0,VA,6.0,2.0736,XLarge,FullHD,0,0,Samsung
Philips 272S1AE,548.0,767.0,14609.65,27.0,1920.0,1080.0,1.7777777777777777,81.58915444749253,75.0,1000,250.0,IPS,4.0,2.0736,Large,FullHD,0,0,Philips
Dell UltraSharp U3423WE,3273.0,6455.0,108078.07999999999,34.0,3440.0,1440.0,2.388888888888889,109.68340725465096,60.0,2000,300.0,IPS,5.0,4.9536,XLarge,QHD,0,0,Dell
Asus ProArt PA248CRV,1203.0,1335.0,28197.18,24.1,1920.0,1200.0,1.6,93.94835982131056,75.0,1000,350.0,IPS,5.0,2.304,Medium,FullHD,0,0,Asus
BenQ Mobiuz EX240N,399.0,888.0,14298.57,23.8,1920.0,1080.0,1.7777777777777777,92.55912479337388,165.0,3000,250.0,VA,4.0,2.0736,Small,FullHD,1,0,BenQ
MSI MAG 275CQRF QD E2,945.0,1199.0,23819.84,27.0,2560.0,1440.0,1.7777777777777777,108.78553926332337,180.0,5000,300.0,VA,4.442516268980477,3.6864,Large,QHD,1,0,MSI
Samsung Odyssey G5 27,2289.0,2289.0,50861.579999999994,27.0,2560.0,1440.0,1.7777777777777777,108.78553926332337,144.0,2500,250.0,VA,4.0,3.6864,Large,QHD,1,0,Samsung
Iiyama G-Master GB3271QSU-B1,1099.0,1838.0,32630.07,32.0,2560.0,1440.0,1.7777777777777777,91.7877987534291,165.0,1200,400.0,IPS,4.0,3.6864,XLarge,QHD,1,0,Iiyama
Acer SA272Ewmix,544.0,597.0,12676.51,27.0,1920.0,1080.0,1.7777777777777777,81.58915444749253,100.0,3000,250.0,IPS,4.951367781155016,2.0736,Large,FullHD,0,0,Acer
Asus ProArt PA278CV,1219.0,1726.0,32718.949999999997,27.0,2560.0,1440.0,1.7777777777777777,108.78553926332337,75.0,1000,350.0,IPS,5.0,3.6864,Large,QHD,0,0,Asus
Lenovo ThinkVision T27i-30,865.0,1224.0,23208.789999999997,27.0,1920.0,1080.0,1.7777777777777777,81.58915444749253,60.0,1000,300.0,IPS,4.0,2.0736,Large,FullHD,0,0,Lenovo
Dell E2220H,462.0,766.0,13643.08,22.0,1920.0,1080.0,1.7777777777777777,100.13214409464992,60.0,1000,250.0,TN,5.0,2.0736,Small,FullHD,0,0,Dell
Acer CB342CUsemiphuzx,1855.0,1855.0,41218.1,34.0,3440.0,1440.0,2.388888888888889,109.68340725465096,75.0,1000,400.0,IPS,4.951367781155016,4.9536,XLarge,QHD,0,0,Acer
Neovo HMQ-4301,5966.0,7474.0,149318.4,43.0,3840.0,2160.0,1.7777777777777777,102.460798608479,60.0,1200,350.0,Other,5.0,8.2944,XLarge,4K,0,0,Neovo
LG 32SM5J,2087.0,3520.0,62293.77,32.0,1920.0,1080.0,1.7777777777777777,68.84084906507182,60.0,1100,400.0,IPS,10.0,2.0736,XLarge,FullHD,0,0,LG
Acer Predator XB323QKV3bmiiphx,2101.0,2329.0,49217.299999999996,31.5,3840.0,2160.0,1.7777777777777777,139.8671219099872,160.0,1000,400.0,IPS,4.951367781155016,8.2944,Large,4K,1,1,Acer
Lenovo T27hv-20,1520.0,2197.0,41295.869999999995,27.0,2560.0,1440.0,1.7777777777777777,108.78553926332337,60.0,1000,350.0,IPS,4.0,3.6864,Large,QHD,0,0,Lenovo
Dell P2417H,2420.0,2420.0,53772.399999999994,24.0,1920.0,1080.0,1.7777777777777777,91.7877987534291,60.0,1000,250.0,IPS,6.0,2.0736,Medium,FullHD,0,0,Dell
Terra 2465W PV,866.0,866.0,19242.52,23.8,1920.0,1080.0,1.7777777777777777,92.55912479337388,100.0,1000,250.0,IPS,5.0,2.0736,Small,FullHD,0,0,Terra
LG UltraWide 34BQ77QB,2224.0,2448.0,51905.92,34.0,3440.0,1440.0,2.388888888888889,109.68340725465096,60.0,1000,300.0,IPS,5.0,4.9536,XLarge,QHD,0,0,LG
AOC CU34P2A,1225.0,1579.0,31152.44,34.0,3440.0,1440.0,2.388888888888889,109.68340725465096,100.0,3000,300.0,VA,4.0,4.9536,XLarge,QHD,0,0,AOC
Iiyama ProLite XUB2495WSU-B3,878.0,878.0,19509.16,24.1,1920.0,1200.0,1.6,93.94835982131056,60.0,1000,300.0,IPS,5.0,2.304,Medium,FullHD,0,0,Iiyama
Philips 241E1SCA,412.0,578.0,10998.9,24.0,1920.0,1080.0,1.7777777777777777,91.7877987534291,75.0,3000,250.0,VA,4.0,2.0736,Medium,FullHD,0,0,Philips
Samsung Odyssey G70A 28,2508.0,2508.0,55727.759999999995,28.0,3840.0,2160.0,1.7777777777777777,157.3505121487356,144.0,1000,300.0,IPS,1.0,8.2944,Large,4K,1,1,Samsung
Samsung S32A600NAU,3578.0,3578.0,79503.15999999999,32.0,2560.0,1440.0,1.7777777777777777,91.7877987534291,75.0,3000,300.0,VA,5.0,3.6864,XLarge,QHD,0,0,Samsung
Asus ROG Strix XG27WCS,949.0,1268.0,24630.87,27.0,2560.0,1440.0,1.7777777777777777,108.78553926332337,180.0,3000,400.0,VA,1.0,3.6864,Large,QHD,1,0,Asus
Gigabyte G34WQCP,1179.0,1579.0,30641.379999999997,34.0,3440.0,1440.0,2.388888888888889,109.68340725465096,180.0,4000,350.0,VA,4.442516268980477,4.9536,XLarge,QHD,1,0,Gigabyte
Asus VU249HFI-W,649.0,759.0,15642.88,23.8,1920.0,1080.0,1.7777777777777777,92.55912479337388,100.0,1300,250.0,IPS,4.951367781155016,2.0736,Small,FullHD,0,0,Asus
Iiyama ProLite TF2415MC-B2,2295.0,3603.0,65526.78,24.0,1920.0,1080.0,1.7777777777777777,91.7877987534291,60.0,3000,350.0,VA,16.0,2.0736,Medium,FullHD,0,0,Iiyama
MSI MPG 341CQPX QD-OLED,4469.0,4599.0,100745.48,34.0,3440.0,1440.0,2.388888888888889,109.68340725465096,240.0,1500000,250.0,OLED,1.0,4.9536,XLarge,QHD,1,0,MSI
MSI MAG 32C6,1128.0,1128.0,25064.16,31.5,1920.0,1080.0,1.7777777777777777,69.9335609549936,180.0,3000,250.0,VA,4.442516268980477,2.0736,Large,FullHD,1,0,MSI
Asus TUF Gaming VG32AQA1A,1069.0,1586.0,29497.05,31.5,2560.0,1440.0,1.7777777777777777,93.24474793999147,170.0,3000,300.0,VA,4.442516268980477,3.6864,Large,QHD,1,0,Asus
KTC H32S17F,758.0,794.0,17242.719999999998,31.5,1920.0,1080.0,1.7777777777777777,69.9335609549936,240.0,3500,350.0,VA,3.0,2.0736,Large,FullHD,1,0,KTC
Asus VA27DQF,610.0,885.0,16609.45,27.0,1920.0,1080.0,1.7777777777777777,81.58915444749253,100.0,1300,250.0,IPS,5.0,2.0736,Large,FullHD,0,0,Asus
Dell UltraSharp U4924DW,4349.0,5932.0,114221.90999999999,49.0,5120.0,1440.0,3.5555555555555554,108.54380498674065,60.0,2000,350.0,IPS,5.0,7.3728,XLarge,QHD,0,0,Dell
Asus TUF Gaming VG27AQML5A,1594.0,1777.0,37451.81,27.0,2560.0,1440.0,1.7777777777777777,108.78553926332337,300.0,1300,300.0,IPS,1.0,3.6864,Large,QHD,1,0,Asus
LG UltraWide 49BQ95C,5646.0,6417.0,134019.93,49.0,5120.0,1440.0,3.5555555555555554,108.54380498674065,144.0,1000,400.0,IPS,5.0,7.3728,XLarge,QHD,1,0,LG
HP V27i,749.0,749.0,16642.78,27.0,1920.0,1080.0,1.7777777777777777,81.58915444749253,60.0,1000,300.0,IPS,5.0,2.0736,Large,FullHD,0,0,HP
LG 27UL500P,1261.0,1261.0,28019.42,27.0,3840.0,2160.0,1.7777777777777777,163.17830889498507,60.0,1000,300.0,IPS,5.0,8.2944,Large,4K,0,0,LG
Samsung Odyssey OLED G80SD 32,3588.0,5699.0,103178.56999999999,32.0,3840.0,2160.0,1.7777777777777777,137.68169813014364,240.0,1000000,250.0,OLED,1.0,8.2944,XLarge,4K,1,1,Samsung
Dell Alienware AW2725D,2032.0,2350.0,48684.02,26.7,2560.0,1440.0,1.7777777777777777,110.00784869324836,280.0,1500000,250.0,OLED,1.0,3.6864,Medium,QHD,1,0,Dell
Dell UltraSharp U2421E,1000.0,1539.0,28208.289999999997,24.0,1920.0,1200.0,1.6,94.33981132056603,60.0,1000,350.0,IPS,5.0,2.304,Medium,FullHD,0,0,Dell
Samsung ViewFinity S70D 37,1698.0,2381.0,45317.689999999995,37.0,3840.0,2160.0,1.7777777777777777,119.0760632476918,60.0,3000,350.0,VA,5.0,8.2944,XLarge,4K,0,0,Samsung
MSI PRO MP275QPG,699.0,778.0,16409.469999999998,27.0,2560.0,1440.0,1.7777777777777777,108.78553926332337,100.0,1300,300.0,IPS,4.0,3.6864,Large,QHD,0,0,MSI
Philips 273V7QJAB,419.0,570.0,10987.789999999999,27.0,1920.0,1080.0,1.7777777777777777,81.58915444749253,60.0,1000,250.0,IPS,5.0,2.0736,Large,FullHD,0,0,Philips
Viewsonic VX2428J,578.0,1171.0,19431.39,23.8,1920.0,1080.0,1.7777777777777777,92.55912479337388,165.0,1000,250.0,IPS,1.0,2.0736,Small,FullHD,1,0,Viewsonic
Iiyama ProLite XUB3293UHSN-B5,1530.0,2564.0,45484.34,31.5,3840.0,2160.0,1.7777777777777777,139.8671219099872,60.0,1000,350.0,IPS,4.0,8.2944,Large,4K,0,0,Iiyama
Lenovo L15,593.0,879.0,16353.919999999998,15.6,1920.0,1080.0,1.7777777777777777,141.21199808219862,60.0,1000,250.0,IPS,6.0,2.0736,Small,FullHD,0,0,Lenovo
Acer Vero RS242YG0bpamix,399.0,399.0,8865.779999999999,23.8,1920.0,1080.0,1.7777777777777777,92.55912479337388,120.0,1500,250.0,IPS,4.0,2.0736,Small,FullHD,1,0,Acer
Arzopa Z1FC,519.0,712.0,13676.41,16.1,1920.0,1080.0,1.7777777777777777,136.82653230324834,144.0,1200,300.0,IPS,13.0,2.0736,Small,FullHD,1,0,Arzopa
MSI MAG 275CQF E18,949.0,1001.0,21664.5,27.0,2560.0,1440.0,1.7777777777777777,108.78553926332337,180.0,5000,250.0,VA,4.442516268980477,3.6864,Large,QHD,1,0,MSI
HP 724pf,881.0,1458.0,25986.289999999997,23.8,1920.0,1080.0,1.7777777777777777,92.55912479337388,100.0,1500,300.0,IPS,5.0,2.0736,Small,FullHD,0,0,HP
Philips 32B1U3900,1345.0,1794.0,34874.29,31.5,3840.0,2160.0,1.7777777777777777,139.8671219099872,60.0,3500,350.0,VA,4.0,8.2944,Large,4K,0,0,Philips
Lenovo ThinkVision P27q-40,1417.0,2026.0,38251.729999999996,27.0,2560.0,1440.0,1.7777777777777777,108.78553926332337,120.0,1500,350.0,IPS,6.0,3.6864,Large,QHD,1,0,Lenovo
Iiyama ProLite E1980S-B1,589.0,838.0,15853.97,19.0,1280.0,1024.0,1.25,86.27367393593732,75.0,1000,250.0,TN,3.0,1.31072,Small,HD,0,0,Iiyama
Dahua LM27-E341A,888.0,1242.0,23664.3,27.0,2560.0,1440.0,1.7777777777777777,108.78553926332337,240.0,1000,300.0,IPS,4.951367781155016,3.6864,Large,QHD,1,0,Dahua
AOC 27G2SPAE,719.0,989.0,18975.879999999997,27.0,1920.0,1080.0,1.7777777777777777,81.58915444749253,165.0,1000,350.0,IPS,4.0,2.0736,Large,FullHD,1,0,AOC
Iiyama ProLite TF3239AS-B1AG,3710.0,10487.0,157728.66999999998,31.5,1920.0,1080.0,1.7777777777777777,69.9335609549936,60.0,1200,435.0,IPS,8.0,2.0736,Large,FullHD,0,0,Iiyama
Philips 27E1N1900AE,982.0,1336.0,25752.98,27.0,3840.0,2160.0,1.7777777777777777,163.17830889498507,60.0,1000,350.0,IPS,4.0,8.2944,Large,4K,0,0,Philips
LG UltraGear 34GX900A,5478.0,8077.0,150596.05,34.0,3440.0,1440.0,2.388888888888889,109.68340725465096,240.0,1500000,275.0,OLED,1.0,4.9536,XLarge,QHD,1,0,LG
MSI Optix MPG321UR-QD,5396.0,5396.0,119899.12,32.0,3840.0,2160.0,1.7777777777777777,137.68169813014364,144.0,1000,400.0,Other,4.0,8.2944,XLarge,4K,1,1,MSI
Philips 34B2U3600CH,1952.0,2418.0,48550.7,34.0,3440.0,1440.0,2.388888888888889,109.68340725465096,120.0,3500,300.0,VA,4.0,4.9536,XLarge,QHD,1,0,Philips
Samsung ME32C,3154.0,3154.0,70081.87999999999,32.0,1920.0,1080.0,1.7777777777777777,68.84084906507182,75.0,5000,350.0,VA,8.0,2.0736,XLarge,FullHD,0,0,Samsung
Philips Evnia 24M2N3200A,417.0,781.0,13309.779999999999,23.8,1920.0,1080.0,1.7777777777777777,92.55912479337388,180.0,1000,300.0,IPS,1.0,2.0736,Small,FullHD,1,0,Philips
LG 27U421A,426.0,668.0,12154.34,27.0,1920.0,1080.0,1.7777777777777777,81.58915444749253,100.0,3000,250.0,VA,5.0,2.0736,Large,FullHD,0,0,LG
LG UltraGear 32GS94UX,3894.0,5514.0,104522.87999999999,31.5,3840.0,2160.0,1.7777777777777777,139.8671219099872,240.0,1500000,275.0,OLED,1.0,8.2944,Large,4K,1,1,LG
Samsung QB98T-B,29476.0,56014.0,949793.8999999999,98.0,3840.0,2160.0,1.7777777777777777,44.95728918535303,60.0,1200,350.0,IPS,8.0,8.2944,XLarge,4K,0,0,Samsung
Acer Nitro VG270Gbmipx,549.0,1026.0,17498.25,27.0,1920.0,1080.0,1.7777777777777777,81.58915444749253,120.0,1500,250.0,IPS,4.0,2.0736,Large,FullHD,1,0,Acer
AOC 24E4U,537.0,602.0,12654.289999999999,23.8,1920.0,1080.0,1.7777777777777777,92.55912479337388,120.0,1500,300.0,IPS,4.0,2.0736,Small,FullHD,1,0,AOC
Samsung QB13R-TM,1779.0,3056.0,53716.85,13.0,1920.0,1080.0,1.7777777777777777,169.45439769863833,60.0,600,500.0,IPS,30.0,2.0736,Small,FullHD,0,0,Samsung
Iiyama ProLite T2255MSC-B1,1102.0,1624.0,30285.859999999997,21.5,1920.0,1080.0,1.7777777777777777,102.460798608479,60.0,1000,400.0,IPS,5.0,2.0736,Small,FullHD,0,0,Iiyama
BenQ Mobiuz EX321UX,4599.0,5895.0,116588.34,31.5,3840.0,2160.0,1.7777777777777777,139.8671219099872,144.0,1000,700.0,IPS,1.0,8.2944,Large,4K,1,1,BenQ
Philips 32BDL3650Q,1944.0,2955.0,54427.89,31.5,1920.0,1080.0,1.7777777777777777,69.9335609549936,60.0,4000,350.0,VA,8.0,2.0736,Large,FullHD,0,0,Philips
LC-Power LC-M34-Q-C-PRO,1688.0,1895.0,39807.13,34.0,3440.0,1440.0,2.388888888888889,109.68340725465096,165.0,3000,350.0,VA,3.0,4.9536,XLarge,QHD,1,0,LC-Power
Viewsonic VA2718-SH,976.0,10745.0,130220.31,27.0,1920.0,1080.0,1.7777777777777777,81.58915444749253,75.0,1000,300.0,IPS,5.0,2.0736,Large,FullHD,0,0,Viewsonic
NEC X551,15999.0,15999.0,355497.77999999997,55.0,1920.0,1080.0,1.7777777777777777,40.05285763785997,85.0,4000,600.0,VA,8.0,2.0736,XLarge,FullHD,0,0,NEC
Xiaomi Mi Monitor A22i,289.0,347.0,7065.96,21.45,1920.0,1080.0,1.7777777777777777,102.69963496887172,75.0,3000,250.0,VA,6.0,2.0736,Small,FullHD,0,0,Xiaomi
MSI MPG 491CQPX QD-OLED,4700.0,10210.0,165650.1,49.0,5120.0,1440.0,3.5555555555555554,108.54380498674065,240.0,1500000,250.0,OLED,1.0,7.3728,XLarge,QHD,1,0,MSI
Viewsonic VG2708A,589.0,799.0,15420.679999999998,27.0,1920.0,1080.0,1.7777777777777777,81.58915444749253,100.0,1300,250.0,IPS,5.0,2.0736,Large,FullHD,0,0,Viewsonic
Philips 40B1U5601H,2420.0,3119.0,61538.28999999999,39.5,3440.0,1440.0,2.388888888888889,94.41103409261095,120.0,1200,300.0,IPS,4.0,4.9536,XLarge,QHD,1,0,Philips
Acer KA240Ybi,489.0,489.0,10865.58,24.0,1920.0,1080.0,1.7777777777777777,91.7877987534291,75.0,1000,369.7073170731707,VA,4.0,2.0736,Medium,FullHD,0,0,Acer
Lenovo C27-30,865.0,1113.0,21975.579999999998,27.0,1920.0,1080.0,1.7777777777777777,81.58915444749253,60.0,3000,250.0,VA,4.0,2.0736,Large,FullHD,0,0,Lenovo
Asus TUF Gaming VG27AQML1A,1166.0,1876.0,33796.619999999995,27.0,2560.0,1440.0,1.7777777777777777,108.78553926332337,240.0,1000,400.0,IPS,1.0,3.6864,Large,QHD,1,0,Asus
AOC C27G4ZXE,549.0,807.0,15065.16,27.0,1920.0,1080.0,1.7777777777777777,81.58915444749253,280.0,4000,300.0,VA,1.0,2.0736,Large,FullHD,1,0,AOC
Acer Nitro XV275UP3biiprx,1349.0,1499.0,31641.28,27.0,2560.0,1440.0,1.7777777777777777,108.78553926332337,170.0,4000,1000.0,VA,2.0,3.6864,Large,QHD,1,0,Acer
Acer Nitro XV252QLVbmiiprx,878.0,878.0,19509.16,24.5,1920.0,1080.0,1.7777777777777777,89.91457837070605,165.0,1000,400.0,IPS,2.0,2.0736,Medium,FullHD,1,0,Acer
Lenovo Legion R27fc-30,690.0,1129.0,20209.09,27.0,1920.0,1080.0,1.7777777777777777,81.58915444749253,240.0,3000,350.0,VA,1.0,2.0736,Large,FullHD,1,0,Lenovo
Asus VA259HGA,413.0,575.0,10976.68,24.5,1920.0,1080.0,1.7777777777777777,89.91457837070605,120.0,1500,300.0,IPS,4.951367781155016,2.0736,Medium,FullHD,1,0,Asus
Samsung OH85F,127659.0,127659.0,2836582.98,85.0,3840.0,2160.0,1.7777777777777777,51.83310988428937,60.0,3000,2500.0,Other,8.0,8.2944,XLarge,4K,0,0,Samsung
Samsung VM55C-R,13011.0,13095.0,290037.66,55.0,1920.0,1080.0,1.7777777777777777,40.05285763785997,60.0,1100,500.0,IPS,8.0,2.0736,XLarge,FullHD,0,0,Samsung
Philips 329P1H,2493.0,2789.0,58683.02,32.0,3840.0,2160.0,1.7777777777777777,137.68169813014364,60.0,1000,350.0,IPS,4.0,8.2944,XLarge,4K,0,0,Philips
LC-Power LC-M27-FHD-240-C,792.0,947.0,19320.289999999997,27.0,1920.0,1080.0,1.7777777777777777,81.58915444749253,240.0,3000,300.0,VA,4.0,2.0736,Large,FullHD,1,0,LC-Power
Asus ROG Strix OLED XG32UCWG,3944.0,4360.0,92257.44,31.5,3840.0,2160.0,1.7777777777777777,139.8671219099872,165.0,1500000,294.84496124031006,OLED,1.0,8.2944,Large,4K,1,1,Asus
BenQ GW3290QT,1362.0,1878.0,35996.4,31.5,2560.0,1440.0,1.7777777777777777,93.24474793999147,60.0,1000,350.0,IPS,5.0,3.6864,Large,QHD,0,0,BenQ
Philips 242B1G,742.0,882.0,18042.64,24.0,1920.0,1080.0,1.7777777777777777,91.7877987534291,75.0,1000,250.0,IPS,4.0,2.0736,Medium,FullHD,0,0,Philips
Acer SB220Qbi,1136.0,1136.0,25241.92,22.0,1920.0,1080.0,1.7777777777777777,100.13214409464992,75.0,1000,250.0,Other,4.0,2.0736,Small,FullHD,0,0,Acer
Acer Vero CB322QUEsmiiprx,1161.0,1618.0,30874.69,31.5,2560.0,1440.0,1.7777777777777777,93.24474793999147,100.0,1000,350.0,IPS,4.0,3.6864,Large,QHD,0,0,Acer
LG 24MP400P,3263.0,3263.0,72503.86,23.8,1920.0,1080.0,1.7777777777777777,92.55912479337388,75.0,1000,250.0,IPS,5.0,2.0736,Small,FullHD,0,0,LG
Iiyama ProLite LH5060UHS-B1AG,2636.0,3271.0,65626.76999999999,49.5,3840.0,2160.0,1.7777777777777777,89.00635030635549,60.0,1200,500.0,VA,8.0,8.2944,XLarge,4K,0,0,Iiyama
Neovo QM-5502,3102.0,3329.0,71448.41,54.6,3840.0,2160.0,1.7777777777777777,80.69257033268492,60.0,5000,400.0,IPS,5.0,8.2944,XLarge,4K,0,0,Neovo
Iiyama ProLite XUB2293HSU-B7,461.0,701.0,12909.82,21.5,1920.0,1080.0,1.7777777777777777,102.460798608479,100.0,1000,300.0,IPS,4.951367781155016,2.0736,Small,FullHD,0,0,Iiyama
Dell P3221D,3214.0,3214.0,71415.08,32.0,2560.0,1440.0,1.7777777777777777,91.7877987534291,60.0,1000,350.0,Other,8.0,3.6864,XLarge,QHD,0,0,Dell
UPERFECT USteam E6 Pro,1076.0,1411.0,27630.57,18.5,1920.0,1080.0,1.7777777777777777,119.0760632476918,120.0,1000,300.0,IPS,16.0,2.0736,Small,FullHD,1,0,UPERFECT
HP P27 G5,640.0,1244.0,20931.239999999998,27.0,1920.0,1080.0,1.7777777777777777,81.58915444749253,75.0,1000,250.0,IPS,5.0,2.0736,Large,FullHD,0,0,HP
Samsung S27C366E,537.0,537.0,11932.14,27.0,1920.0,1080.0,1.7777777777777777,81.58915444749253,75.0,3000,250.0,VA,4.0,2.0736,Large,FullHD,0,0,Samsung
AOC U34V5C,948.0,1290.0,24864.18,34.0,3440.0,1440.0,2.388888888888889,109.68340725465096,100.0,4000,300.0,VA,4.0,4.9536,XLarge,QHD,0,0,AOC
Iiyama ProLite XU2793QS-B6,729.0,859.0,17642.68,27.0,2560.0,1440.0,1.7777777777777777,108.78553926332337,100.0,1300,250.0,IPS,4.951367781155016,3.6864,Large,QHD,0,0,Iiyama
LG UltraGear 27GR93U,1889.0,2300.0,46539.79,27.0,3840.0,2160.0,1.7777777777777777,163.17830889498507,144.0,1000,400.0,IPS,1.0,8.2944,Large,4K,1,1,LG
HP M22f,495.0,930.0,15831.75,22.0,1920.0,1080.0,1.7777777777777777,100.13214409464992,75.0,1000,300.0,IPS,5.0,2.0736,Small,FullHD,0,0,HP
Philips 50BDL4510D,3912.0,6087.0,111088.89,50.0,3840.0,2160.0,1.7777777777777777,88.11628680329193,60.0,4000,500.0,IPS,8.0,8.2944,XLarge,4K,0,0,Philips
Acer Vero B247WE5bmiprx,855.0,1131.0,22064.46,24.1,1920.0,1200.0,1.6,93.94835982131056,100.0,1500,300.0,IPS,4.0,2.304,Medium,FullHD,0,0,Acer
Lenovo ThinkVision C24-40,432.0,441.0,9699.029999999999,23.8,1920.0,1080.0,1.7777777777777777,92.55912479337388,75.0,3000,250.0,VA,5.0,2.0736,Small,FullHD,0,0,Lenovo
BenQ Mobiuz EX271U,2887.0,3356.0,69359.73,27.0,3840.0,2160.0,1.7777777777777777,163.17830889498507,165.0,1000,400.0,IPS,1.0,8.2944,Large,4K,1,1,BenQ
Asus VY249HGR,389.0,514.0,10032.33,23.8,1920.0,1080.0,1.7777777777777777,92.55912479337388,120.0,1500,250.0,IPS,4.951367781155016,2.0736,Small,FullHD,1,0,Asus
AOC AGON AG325QZN,1552.0,2133.0,40940.35,31.5,2560.0,1440.0,1.7777777777777777,93.24474793999147,240.0,1000,400.0,VA,1.0,3.6864,Large,QHD,1,0,AOC
Iiyama G-Master GB3266QSU-B1,1790.0,1790.0,39773.799999999996,32.0,2560.0,1440.0,1.7777777777777777,91.7877987534291,144.0,3000,400.0,VA,4.0,3.6864,XLarge,QHD,1,0,Iiyama
Philips 24B2U3301,809.0,869.0,18642.579999999998,23.8,1920.0,1080.0,1.7777777777777777,92.55912479337388,120.0,1500,300.0,IPS,4.0,2.0736,Small,FullHD,1,0,Philips
MSI MAG 27C6X,599.0,648.0,13854.17,27.0,1920.0,1080.0,1.7777777777777777,81.58915444749253,250.0,3000,250.0,VA,4.442516268980477,2.0736,Large,FullHD,1,0,MSI
Asus ROG Strix XG27AQMR,1899.0,4062.0,66226.70999999999,27.0,2560.0,1440.0,1.7777777777777777,108.78553926332337,300.0,1000,600.0,IPS,1.0,3.6864,Large,QHD,1,0,Asus
Acer Nitro XZ323QUX2bmiiprx,1099.0,1140.0,24875.289999999997,31.5,2560.0,1440.0,1.7777777777777777,93.24474793999147,240.0,3000,250.0,VA,4.442516268980477,3.6864,Large,QHD,1,0,Acer
LG UltraGear 27GL850,1899.0,1899.0,42195.78,27.0,2560.0,1440.0,1.7777777777777777,108.78553926332337,144.0,1000,350.0,IPS,1.0,3.6864,Large,QHD,1,0,LG
Asus TUF Gaming VG259Q3A,617.0,903.0,16887.2,24.5,1920.0,1080.0,1.7777777777777777,89.91457837070605,180.0,1000,250.0,IPS,1.0,2.0736,Medium,FullHD,1,0,Asus
Cooler Master GA241,298.0,1805.0,23364.329999999998,23.8,1920.0,1080.0,1.7777777777777777,92.55912479337388,100.0,1000,250.0,VA,4.442516268980477,2.0736,Small,FullHD,0,0,Cooler Master
Asus BE248CFN,999.0,1207.0,24508.66,24.1,1920.0,1200.0,1.6,93.94835982131056,100.0,1500,350.0,IPS,5.0,2.304,Medium,FullHD,0,0,Asus
AOC 24B2XD,447.0,447.0,9932.34,24.0,1920.0,1080.0,1.7777777777777777,91.7877987534291,75.0,1000,250.0,IPS,4.0,2.0736,Medium,FullHD,0,0,AOC
Asus ROG Strix XG32VC,1190.0,2344.0,39262.74,32.0,2560.0,1440.0,1.7777777777777777,91.7877987534291,170.0,3000,400.0,VA,4.0,3.6864,XLarge,QHD,1,0,Asus
Samsung Odyssey G70D 32,2122.0,2979.0,56672.11,31.5,3840.0,2160.0,1.7777777777777777,139.8671219099872,144.0,1000,350.0,IPS,1.0,8.2944,Large,4K,1,1,Samsung
Fujitsu P2711 TS QHD,880.0,1066.0,21620.059999999998,27.0,2560.0,1440.0,1.7777777777777777,108.78553926332337,75.0,1000,350.0,IPS,5.0,3.6864,Large,QHD,0,0,Fujitsu
Viewsonic TD2230,1169.0,2674.0,42695.729999999996,22.0,1920.0,1080.0,1.7777777777777777,100.13214409464992,60.0,1000,250.0,IPS,14.0,2.0736,Small,FullHD,0,0,Viewsonic
Eizo ColorEdge CS2731,4112.0,5933.0,111599.95,27.0,2560.0,1440.0,1.7777777777777777,108.78553926332337,60.0,1000,350.0,IPS,16.0,3.6864,Large,QHD,0,0,Eizo
Viewsonic VX2776-SMH,569.0,793.0,15131.82,27.0,1920.0,1080.0,1.7777777777777777,81.58915444749253,75.0,1000,250.0,IPS,4.0,2.0736,Large,FullHD,0,0,Viewsonic
BenQ SW321C,7795.0,9999.0,197691.34,32.0,3840.0,2160.0,1.7777777777777777,137.68169813014364,60.0,1000,250.0,IPS,5.0,8.2944,XLarge,4K,0,0,BenQ
Eizo FlexScan EV3450XC,4095.0,5038.0,101467.62999999999,34.1,3440.0,1440.0,2.388888888888889,109.36175503396284,60.0,1000,300.0,IPS,5.0,4.9536,XLarge,QHD,0,0,Eizo
LG UltraWide 29WQ600,778.0,1145.0,21364.53,29.0,2560.0,1080.0,2.3703703703703702,95.8099585479297,100.0,1000,250.0,IPS,5.0,2.7648,Large,FullHD,0,0,LG
NEC MultiSync MA491,7695.0,10854.0,206079.38999999998,49.0,3840.0,2160.0,1.7777777777777777,89.91457837070605,60.0,1000,500.0,IPS,8.0,8.2944,XLarge,4K,0,0,NEC
BenQ MA270U,1827.0,2552.0,48650.689999999995,27.0,3840.0,2160.0,1.7777777777777777,163.17830889498507,60.0,1200,400.0,IPS,5.0,8.2944,Large,4K,0,0,BenQ
Fujitsu B24-8 TS Pro,1219.0,1219.0,27086.18,24.0,1920.0,1080.0,1.7777777777777777,91.7877987534291,76.0,1000,250.0,IPS,5.0,2.0736,Medium,FullHD,0,0,Fujitsu
KOORUI G2411P,440.0,440.0,9776.8,23.8,1920.0,1080.0,1.7777777777777777,92.55912479337388,200.0,1000,350.0,IPS,4.951367781155016,2.0736,Small,FullHD,1,0,KOORUI
MSI MAG 274QPF X30MV,1805.0,2791.0,51061.56,27.0,2560.0,1440.0,1.7777777777777777,108.78553926332337,300.0,4500,400.0,VA,4.442516268980477,3.6864,Large,QHD,1,0,MSI
Philips 152B1TFL,1325.0,1325.0,29441.5,15.0,1024.0,768.0,1.3333333333333333,85.33333333333333,75.0,800,450.0,TN,4.0,0.786432,Small,HD,0,0,Philips
AOC AGON PRO AG276FK,1763.0,2234.0,44406.67,27.0,1920.0,1080.0,1.7777777777777777,81.58915444749253,520.0,1000,400.0,IPS,4.951367781155016,2.0736,Large,FullHD,1,0,AOC
Dell P1917S,769.0,1002.0,19675.809999999998,19.0,1280.0,1024.0,1.25,86.27367393593732,60.0,1000,250.0,IPS,6.0,1.31072,Small,HD,0,0,Dell
Samsung S27A700N,3269.0,3269.0,72637.18,27.0,3840.0,2160.0,1.7777777777777777,163.17830889498507,60.0,1000,300.0,IPS,5.0,8.2944,Large,4K,0,0,Samsung
Acer Nitro XZ323QKP1bmiiprx,1999.0,1999.0,44417.78,31.5,3840.0,2160.0,1.7777777777777777,139.8671219099872,165.0,3000,250.0,VA,5.0,8.2944,Large,4K,1,1,Acer
Asus TUF Gaming VG27AQL3A,924.0,1504.0,26975.079999999998,27.0,2560.0,1440.0,1.7777777777777777,108.78553926332337,180.0,1000,350.0,IPS,1.0,3.6864,Large,QHD,1,0,Asus
Asus VA229QSB,449.0,792.0,13787.509999999998,22.0,1920.0,1080.0,1.7777777777777777,100.13214409464992,75.0,1000,250.0,IPS,5.0,2.0736,Small,FullHD,0,0,Asus
Asus VP327Q,1040.0,1229.0,25208.59,31.5,3840.0,2160.0,1.7777777777777777,139.8671219099872,60.0,3000,350.0,VA,4.0,8.2944,Large,4K,0,0,Asus
ALOGIC Clarity Max 32C4KPD,4670.0,5105.0,108600.25,32.0,3840.0,2160.0,1.7777777777777777,137.68169813014364,60.0,3000,320.0,VA,4.442516268980477,8.2944,XLarge,4K,0,0,ALOGIC
LC-Power LC-M27-QHD-165-C,873.0,1013.0,20953.46,27.0,2560.0,1440.0,1.7777777777777777,108.78553926332337,165.0,4000,300.0,VA,4.442516268980477,3.6864,Large,QHD,1,0,LC-Power
Hannspree HP246PJB,907.0,907.0,20153.539999999997,24.0,1920.0,1200.0,1.6,94.33981132056603,60.0,1000,300.0,IPS,5.0,2.304,Medium,FullHD,0,0,Hannspree
Asus TUF Gaming VG24VQE,758.0,1008.0,19620.26,24.0,1920.0,1080.0,1.7777777777777777,91.7877987534291,165.0,3000,250.0,VA,5.0,2.0736,Medium,FullHD,1,0,Asus
Philips Evnia 24M1N3200ZS,474.0,925.0,15542.89,23.8,1920.0,1080.0,1.7777777777777777,92.55912479337388,165.0,1100,250.0,IPS,4.0,2.0736,Small,FullHD,1,0,Philips
Acer Nitro EI322QURPbmiippx,1376.0,1376.0,30574.719999999998,32.0,2560.0,1440.0,1.7777777777777777,91.7877987534291,165.0,3000,400.0,VA,4.442516268980477,3.6864,XLarge,QHD,1,0,Acer
Philips 322E1C,610.0,1016.0,18064.86,32.0,1920.0,1080.0,1.7777777777777777,68.84084906507182,75.0,3000,250.0,VA,4.0,2.0736,XLarge,FullHD,0,0,Philips
Asus TUF Gaming VG249Q,539.0,874.0,15698.429999999998,24.0,1920.0,1080.0,1.7777777777777777,91.7877987534291,144.0,1000,250.0,IPS,4.0,2.0736,Medium,FullHD,1,0,Asus
Samsung S24A600NW,1319.0,1319.0,29308.18,24.0,2560.0,1440.0,1.7777777777777777,122.3837316712388,75.0,1000,300.0,IPS,5.0,3.6864,Medium,QHD,0,0,Samsung
AOC U28G2XU2,3031.0,3263.0,69926.34,28.0,3840.0,2160.0,1.7777777777777777,157.3505121487356,144.0,1000,400.0,IPS,1.0,8.2944,Large,4K,1,1,AOC
AOC Q27V5CW,849.0,1152.0,22231.11,27.0,2560.0,1440.0,1.7777777777777777,108.78553926332337,75.0,1000,300.0,IPS,4.0,3.6864,Large,QHD,0,0,AOC
Dahua LM27-L200,669.0,669.0,14865.179999999998,27.0,1920.0,1080.0,1.7777777777777777,81.58915444749253,75.0,1000,230.0,Other,14.0,2.0736,Large,FullHD,0,0,Dahua
LG 27MB67PY,296.0,296.0,6577.12,27.0,1920.0,1080.0,1.7777777777777777,81.58915444749253,75.0,1000,250.0,IPS,5.0,2.0736,Large,FullHD,0,0,LG
Asus ROG Strix OLED XG27AQDPG,4156.0,4862.0,100189.98,26.5,2560.0,1440.0,1.7777777777777777,110.83809660791438,500.0,1000,300.0,OLED,1.0,3.6864,Medium,QHD,1,0,Asus
LG UltraFine 32UR550K,1148.0,1264.0,26797.32,31.5,3840.0,2160.0,1.7777777777777777,139.8671219099872,60.0,3000,250.0,VA,4.0,8.2944,Large,4K,0,0,LG
Verbatim PMT-15-4K,1101.0,1801.0,32241.219999999998,15.6,3840.0,2160.0,1.7777777777777777,282.42399616439724,103.74406332453826,1000,350.0,IPS,6.0,8.2944,Small,4K,0,0,Verbatim
Acer SA322QAbi,708.0,876.0,17598.239999999998,31.5,1920.0,1080.0,1.7777777777777777,69.9335609549936,75.0,1000,300.0,IPS,4.951367781155016,2.0736,Large,FullHD,0,0,Acer
Acer Nitro QG270S3BIPX,667.0,999.0,18509.26,27.0,1920.0,1080.0,1.7777777777777777,81.58915444749253,180.0,3000,250.0,VA,4.0,2.0736,Large,FullHD,1,0,Acer
LG 27BA65QB,1101.0,1446.0,28297.17,27.0,2560.0,1440.0,1.7777777777777777,108.78553926332337,100.0,1000,350.0,IPS,5.0,3.6864,Large,QHD,0,0,LG
Samsung Essential Monitor S39GD 27,520.0,853.0,15254.029999999999,27.0,1920.0,1080.0,1.7777777777777777,81.58915444749253,100.0,4000,250.0,VA,4.0,2.0736,Large,FullHD,0,0,Samsung
Acer Nitro VG240YSbmiipx,1739.0,1739.0,38640.579999999994,24.0,1920.0,1080.0,1.7777777777777777,91.7877987534291,165.0,1000,250.0,IPS,2.0,2.0736,Medium,FullHD,1,0,Acer
Acer SpatialLabs View Pro 27 ASV27-2P,12146.0,12707.0,276116.82999999996,27.0,3840.0,2160.0,1.7777777777777777,163.17830889498507,160.0,1000,400.0,VA,5.0,8.2944,Large,4K,1,1,Acer
BenQ PD2500Q,1163.0,1163.0,25841.859999999997,25.0,2560.0,1440.0,1.7777777777777777,117.48838240438926,60.0,1000,350.0,IPS,4.0,3.6864,Medium,QHD,0,0,BenQ
LG 24BK55YP,601.0,601.0,13354.22,23.8,1920.0,1080.0,1.7777777777777777,92.55912479337388,75.0,1000,250.0,IPS,5.0,2.0736,Small,FullHD,0,0,LG
Samsung ViewFinity S60UD 27,971.0,1703.0,29708.14,27.0,2560.0,1440.0,1.7777777777777777,108.78553926332337,100.0,1000,350.0,IPS,5.0,3.6864,Large,QHD,0,0,Samsung
AOC U27B3A,711.0,1014.0,19164.75,27.0,3840.0,2160.0,1.7777777777777777,163.17830889498507,60.0,1000,350.0,IPS,4.0,8.2944,Large,4K,0,0,AOC
Iiyama ProLite T1633MSC-B1,1713.0,1878.0,39896.009999999995,15.6,1920.0,1080.0,1.7777777777777777,141.21199808219862,60.0,1000,385.0,IPS,5.0,2.0736,Small,FullHD,0,0,Iiyama
Asus TUF Gaming VG32VQR,1215.0,1895.0,34552.1,32.0,2560.0,1440.0,1.7777777777777777,91.7877987534291,165.0,3000,400.0,VA,4.0,3.6864,XLarge,QHD,1,0,Asus
Samsung F27T450FQ,649.0,929.0,17531.579999999998,27.0,1920.0,1080.0,1.7777777777777777,81.58915444749253,75.0,1000,250.0,IPS,5.0,2.0736,Large,FullHD,0,0,Samsung
LG UltraGear 45GS95QX,4548.0,5011.0,106200.48999999999,45.0,3440.0,1440.0,2.388888888888889,82.87190770351405,240.0,1500000,275.0,OLED,1.0,4.9536,XLarge,QHD,1,0,LG
Philips Evnia 27M2N3800A,1369.0,1702.0,34118.81,27.0,3840.0,2160.0,1.7777777777777777,163.17830889498507,160.0,1000,350.0,IPS,1.0,8.2944,Large,4K,1,1,Philips
Samsung OM75A,27039.0,37999.0,722572.1799999999,75.0,3840.0,2160.0,1.7777777777777777,58.74419120219462,75.0,1200,4000.0,IPS,4.951367781155016,8.2944,XLarge,4K,0,0,Samsung
Asus ROG Swift PG348Q,5088.0,5318.0,115610.65999999999,34.0,3440.0,1440.0,2.388888888888889,109.68340725465096,100.0,1000,300.0,IPS,5.0,4.9536,XLarge,QHD,0,0,Asus
AOC Q27B3MA,554.0,744.0,14420.779999999999,27.0,2560.0,1440.0,1.7777777777777777,108.78553926332337,75.0,4000,250.0,VA,4.0,3.6864,Large,QHD,0,0,AOC
LG 22SM3G,1236.0,2315.0,39451.61,22.0,1920.0,1080.0,1.7777777777777777,100.13214409464992,60.0,1000,250.0,IPS,14.0,2.0736,Small,FullHD,0,0,LG
Asus ROG Strix XG27UCG,1679.0,2620.0,47761.89,27.0,3840.0,2160.0,1.7777777777777777,163.17830889498507,160.0,1000,350.0,IPS,1.0,8.2944,Large,4K,1,1,Asus
Iiyama G-Master G2740QSU-B1,1069.0,2448.0,39073.869999999995,27.0,2560.0,1440.0,1.7777777777777777,108.78553926332337,75.0,1000,250.0,IPS,4.0,3.6864,Large,QHD,0,0,Iiyama
Philips 86BDL6051C,37380.0,37380.0,830583.6,85.6,3840.0,2160.0,1.7777777777777777,51.46979369351165,60.0,1000,350.0,IPS,8.0,8.2944,XLarge,4K,0,0,Philips
Lenovo ThinkVision P24Q-40,1056.0,1330.0,26508.46,23.8,2560.0,1440.0,1.7777777777777777,123.41216639116517,120.0,1500,300.0,IPS,4.0,3.6864,Small,QHD,1,0,Lenovo
Acer Nitro ED320QRP3biipx,1699.0,1699.0,37751.78,31.5,1920.0,1080.0,1.7777777777777777,69.9335609549936,165.0,3000,250.0,VA,4.442516268980477,2.0736,Large,FullHD,1,0,Acer
Iiyama G-Master G4380UHSU-B1,2429.0,3297.0,63615.85999999999,43.0,3840.0,2160.0,1.7777777777777777,102.460798608479,144.0,1000,550.0,VA,3.0,8.2944,XLarge,4K,1,1,Iiyama
MSI PRO MP242L,269.0,478.0,8299.17,23.8,1920.0,1080.0,1.7777777777777777,92.55912479337388,100.0,1000,250.0,IPS,4.0,2.0736,Small,FullHD,0,0,MSI
Acer Nitro XV240YX1bmiiprx,459.0,675.0,12598.74,23.8,1920.0,1080.0,1.7777777777777777,92.55912479337388,200.0,1000,250.0,IPS,1.0,2.0736,Small,FullHD,1,0,Acer
Arzopa S1 Table,347.0,414.0,8454.71,15.6,1920.0,1080.0,1.7777777777777777,141.21199808219862,60.0,1000,300.0,IPS,4.951367781155016,2.0736,Small,FullHD,0,0,Arzopa
LG 32MR50C,609.0,668.0,14187.47,31.5,1920.0,1080.0,1.7777777777777777,69.9335609549936,100.0,3000,250.0,VA,5.0,2.0736,Large,FullHD,0,0,LG
NEC UN492S,16972.0,16972.0,377117.83999999997,49.0,1920.0,1080.0,1.7777777777777777,44.95728918535303,60.0,1700,700.0,IPS,8.0,2.0736,XLarge,FullHD,0,0,NEC
LG 55UM5N-H,4059.0,6775.0,120365.73999999999,55.0,3840.0,2160.0,1.7777777777777777,80.10571527571994,60.0,1100,500.0,IPS,4.951367781155016,8.2944,XLarge,4K,0,0,LG
LG UltraFine 27US550,877.0,1468.0,26052.949999999997,27.0,3840.0,2160.0,1.7777777777777777,163.17830889498507,60.0,1000,300.0,IPS,5.0,8.2944,Large,4K,0,0,LG
MSI MPG 346CQRF X24,1999.0,1999.0,44417.78,34.0,3440.0,1440.0,2.388888888888889,109.68340725465096,240.0,4000,400.0,VA,4.442516268980477,4.9536,XLarge,QHD,1,0,MSI
Asus ProArt PA32UCXR,13317.0,19899.0,369029.76,32.0,3840.0,2160.0,1.7777777777777777,137.68169813014364,60.0,1000,1000.0,IPS,5.0,8.2944,XLarge,4K,0,0,Asus
Iiyama ProLite XUB2797QSN-W1,1103.0,1619.0,30241.42,27.0,2560.0,1440.0,1.7777777777777777,108.78553926332337,100.0,1300,250.0,IPS,4.951367781155016,3.6864,Large,QHD,0,0,Iiyama
Lenovo ThinkVision T65 Camera,16161.0,16161.0,359097.42,65.0,3840.0,2160.0,1.7777777777777777,67.78175907945533,60.0,1200,400.0,IPS,8.0,8.2944,XLarge,4K,0,0,Lenovo
Philips 345B1C,1226.0,1446.0,29685.92,34.0,3440.0,1440.0,2.388888888888889,109.68340725465096,100.0,3000,300.0,VA,5.0,4.9536,XLarge,QHD,0,0,Philips
LG UltraWide 29U511A,720.0,1022.0,19353.62,29.0,2560.0,1080.0,2.3703703703703702,95.8099585479297,100.0,1000,250.0,IPS,5.0,2.7648,Large,FullHD,0,0,LG
HP V27c G5,1265.0,1265.0,28108.3,27.0,1920.0,1080.0,1.7777777777777777,81.58915444749253,75.0,3000,300.0,VA,5.0,2.0736,Large,FullHD,0,0,HP
Optoma N-Series Professional Display N3651K,5359.0,5359.0,119076.98,65.0,3840.0,2160.0,1.7777777777777777,67.78175907945533,60.0,1200,450.0,Other,8.0,8.2944,XLarge,4K,0,0,Optoma
Samsung S27C362E,575.0,575.0,12776.5,27.0,1920.0,1080.0,1.7777777777777777,81.58915444749253,75.0,3000,250.0,VA,4.0,2.0736,Large,FullHD,0,0,Samsung
AOC U34E2M,908.0,1174.0,23131.02,34.0,3440.0,1440.0,2.388888888888889,109.68340725465096,100.0,4000,300.0,VA,4.0,4.9536,XLarge,QHD,0,0,AOC
HP OMEN 24,569.0,747.0,14620.759999999998,23.8,1920.0,1080.0,1.7777777777777777,92.55912479337388,165.0,1000,300.0,IPS,1.0,2.0736,Small,FullHD,1,0,HP
Viewsonic VA2715-H,319.0,662.0,10898.91,27.0,1920.0,1080.0,1.7777777777777777,81.58915444749253,75.0,4000,250.0,VA,4.0,2.0736,Large,FullHD,0,0,Viewsonic
Iiyama ProLite XUB2495WSU-B7,689.0,888.0,17520.469999999998,24.1,1920.0,1200.0,1.6,93.94835982131056,75.0,1000,300.0,IPS,4.0,2.304,Medium,FullHD,0,0,Iiyama
Philips 278E1A,1098.0,1237.0,25941.85,27.0,3840.0,2160.0,1.7777777777777777,163.17830889498507,60.0,1000,350.0,IPS,4.0,8.2944,Large,4K,0,0,Philips
MSI MAG 322URDF E16,2153.0,3050.0,57805.329999999994,31.5,3840.0,2160.0,1.7777777777777777,139.8671219099872,160.0,1000,400.0,IPS,4.951367781155016,8.2944,Large,4K,1,1,MSI
Samsung Flip 3 WM75A,11200.0,11200.0,248864.0,75.0,3840.0,2160.0,1.7777777777777777,58.74419120219462,60.0,4000,350.0,Other,6.0,8.2944,XLarge,4K,0,0,Samsung
Fujitsu B22-8WE Neo,425.0,465.0,9887.9,22.0,1680.0,1050.0,1.6,90.05163807872212,76.0,1000,250.0,TN,5.0,1.764,Small,HD,0,0,Fujitsu
Iiyama G-Master GCB3480WQSU-B1,992.0,1755.0,30519.17,34.0,3440.0,1440.0,2.388888888888889,109.68340725465096,180.0,4000,420.0,VA,4.442516268980477,4.9536,XLarge,QHD,1,0,Iiyama
Acer Vero CB273Ubemipruzxv,1095.0,1363.0,27308.379999999997,27.0,2560.0,1440.0,1.7777777777777777,108.78553926332337,100.0,1300,350.0,IPS,4.951367781155016,3.6864,Large,QHD,0,0,Acer
Samsung Odyssey G50A 32,4047.0,4047.0,89924.34,32.0,2560.0,1440.0,1.7777777777777777,91.7877987534291,165.0,1000,350.0,IPS,1.0,3.6864,XLarge,QHD,1,0,Samsung
LG 32SM5D,2121.0,2121.0,47128.619999999995,32.0,1920.0,1080.0,1.7777777777777777,68.84084906507182,60.0,1100,400.0,IPS,10.0,2.0736,XLarge,FullHD,0,0,LG
NEC MultiSync EA272U,2665.0,2956.0,62449.31,27.0,3840.0,2160.0,1.7777777777777777,163.17830889498507,60.0,1000,400.0,IPS,5.0,8.2944,Large,4K,0,0,NEC
Viewsonic CDE5530,3235.0,3235.0,71881.7,55.0,3840.0,2160.0,1.7777777777777777,80.10571527571994,60.0,1200,450.0,VA,4.442516268980477,8.2944,XLarge,4K,0,0,Viewsonic
Hannspree HO275PTB,1938.0,2336.0,47484.14,27.0,1920.0,1080.0,1.7777777777777777,81.58915444749253,60.0,3000,300.0,Other,5.0,2.0736,Large,FullHD,0,0,Hannspree
Optoma Creative Touch 5 Series 5753RK,8936.0,19900.0,320367.95999999996,75.0,3840.0,2160.0,1.7777777777777777,58.74419120219462,60.0,5000,420.0,Other,8.0,8.2944,XLarge,4K,0,0,Optoma
AOC 24B1H,393.0,488.0,9787.91,24.0,1920.0,1080.0,1.7777777777777777,91.7877987534291,60.0,3000,250.0,VA,5.0,2.0736,Medium,FullHD,0,0,AOC
LG UltraWide 34WQ500,868.0,1258.0,23619.86,25.7,2560.0,1080.0,2.3703703703703702,108.11240458715803,75.0,1000,250.0,IPS,5.0,2.7648,Medium,FullHD,0,0,LG
Asus TUF Gaming VG27AQM1A,1196.0,1893.0,34318.79,27.0,2560.0,1440.0,1.7777777777777777,108.78553926332337,260.0,1000,400.0,IPS,1.0,3.6864,Large,QHD,1,0,Asus
Dell UltraSharp U2720Q,1100.0,1100.0,24442.0,27.0,3840.0,2160.0,1.7777777777777777,163.17830889498507,60.0,1300,350.0,IPS,5.0,8.2944,Large,4K,0,0,Dell
BenQ PD3205UA,2599.0,3094.0,63249.229999999996,31.5,3840.0,2160.0,1.7777777777777777,139.8671219099872,60.0,1000,350.0,IPS,5.0,8.2944,Large,4K,0,0,BenQ
Lenovo ThinkVision S27-4e,539.0,636.0,13054.25,27.0,1920.0,1080.0,1.7777777777777777,81.58915444749253,100.0,1500,300.0,IPS,6.0,2.0736,Large,FullHD,0,0,Lenovo
Asus ProArt PA247CV,959.0,1083.0,22686.62,24.0,1920.0,1080.0,1.7777777777777777,91.7877987534291,75.0,1000,300.0,IPS,5.0,2.0736,Medium,FullHD,0,0,Asus
Samsung QB49R,3299.0,3299.0,73303.78,49.0,3840.0,2160.0,1.7777777777777777,89.91457837070605,60.0,4000,350.0,Other,8.0,8.2944,XLarge,4K,0,0,Samsung
AOC CU34V5C,1039.0,1128.0,24075.37,34.0,3440.0,1440.0,2.388888888888889,109.68340725465096,100.0,3000,300.0,VA,4.0,4.9536,XLarge,QHD,0,0,AOC
Iiyama ProLite T6529AS-B1AG,7503.0,8253.0,175049.16,64.5,3840.0,2160.0,1.7777777777777777,68.30719907231932,60.0,4000,420.0,VA,4.442516268980477,8.2944,XLarge,4K,0,0,Iiyama
Acer Nitro XV275KP3biipruzx,3300.0,4084.0,82036.23999999999,27.0,3840.0,2160.0,1.7777777777777777,163.17830889498507,160.0,1000,1000.0,IPS,4.951367781155016,8.2944,Large,4K,1,1,Acer
Iiyama ProLite XB3288UHSU-B5,1299.0,1638.0,32630.07,31.5,3840.0,2160.0,1.7777777777777777,139.8671219099872,60.0,3000,300.0,VA,3.0,8.2944,Large,4K,0,0,Iiyama
Samsung OH46B-S,16524.0,25982.0,472241.66,46.0,1920.0,1080.0,1.7777777777777777,47.88928630613692,60.0,6000,3500.0,VA,6.0,2.0736,XLarge,FullHD,0,0,Samsung
Dell S3423DWC,1832.0,3373.0,57827.549999999996,34.0,3440.0,1440.0,2.388888888888889,109.68340725465096,100.0,3000,300.0,VA,4.0,4.9536,XLarge,QHD,0,0,Dell
Philips 242B9T,1488.0,2122.0,40107.1,24.0,1920.0,1080.0,1.7777777777777777,91.7877987534291,60.0,1000,250.0,IPS,5.0,2.0736,Medium,FullHD,0,0,Philips
MSI MAG 342CQR E2,1279.0,1370.0,29430.39,34.0,3440.0,1440.0,2.388888888888889,109.68340725465096,180.0,3000,300.0,VA,4.442516268980477,4.9536,XLarge,QHD,1,0,MSI
AOC AGON PRO PD34,5308.0,5308.0,117943.76,34.0,3440.0,1440.0,2.388888888888889,109.68340725465096,240.0,1500000,250.0,OLED,1.0,4.9536,XLarge,QHD,1,0,AOC
Lenovo Legion R24e,380.0,738.0,12420.98,23.8,1920.0,1080.0,1.7777777777777777,92.55912479337388,180.0,1000,300.0,IPS,4.951367781155016,2.0736,Small,FullHD,1,0,Lenovo
HP 524sh,549.0,892.0,16009.509999999998,23.8,1920.0,1080.0,1.7777777777777777,92.55912479337388,100.0,1500,300.0,IPS,5.0,2.0736,Small,FullHD,0,0,HP
Panasonic TH-50CQE2W,4095.0,4095.0,90990.9,49.5,3840.0,2160.0,1.7777777777777777,89.00635030635549,60.0,5000,500.0,VA,8.0,8.2944,XLarge,4K,0,0,Panasonic
Philips 65BDL4650D,6679.0,8185.0,165139.03999999998,64.5,3840.0,2160.0,1.7777777777777777,68.30719907231932,60.0,1200,500.0,IPS,8.0,8.2944,XLarge,4K,0,0,Philips
Cooler Master GM27-CF,1865.0,1865.0,41440.299999999996,27.0,1920.0,1080.0,1.7777777777777777,81.58915444749253,165.0,3000,300.0,VA,3.0,2.0736,Large,FullHD,1,0,Cooler Master
AOC C27G2Z3,679.0,1013.0,18798.12,27.0,1920.0,1080.0,1.7777777777777777,81.58915444749253,280.0,4000,300.0,VA,1.0,2.0736,Large,FullHD,1,0,AOC
MSI PRO MP273AP,549.0,627.0,13065.359999999999,27.0,1920.0,1080.0,1.7777777777777777,81.58915444749253,100.0,1000,300.0,IPS,4.0,2.0736,Large,FullHD,0,0,MSI
Viewsonic VG2448a-2,799.0,850.0,18320.39,23.8,1920.0,1080.0,1.7777777777777777,92.55912479337388,60.0,1000,250.0,IPS,5.0,2.0736,Small,FullHD,0,0,Viewsonic
Philips 27M1F5500P,2090.0,4021.0,67893.20999999999,27.0,2560.0,1440.0,1.7777777777777777,108.78553926332337,240.0,1000,450.0,IPS,1.0,3.6864,Large,QHD,1,0,Philips
Philips 222B9TA,1334.0,1941.0,36385.25,21.5,1920.0,1080.0,1.7777777777777777,102.460798608479,60.0,3000,210.0,VA,2.0,2.0736,Small,FullHD,0,0,Philips
TCL 34R83Q,3298.0,6796.0,112144.34,34.0,3440.0,1440.0,2.388888888888889,109.68340725465096,170.0,4000,495.17525773195877,Other,1.0,4.9536,XLarge,QHD,1,0,TCL
Acer Nitro VG270M3bmiipx,575.0,854.0,15876.189999999999,27.0,1920.0,1080.0,1.7777777777777777,81.58915444749253,180.0,1000,250.0,IPS,4.951367781155016,2.0736,Large,FullHD,1,0,Acer
Samsung S22C310E,601.0,601.0,13354.22,22.0,1920.0,1080.0,1.7777777777777777,100.13214409464992,75.0,1000,250.0,IPS,5.0,2.0736,Small,FullHD,0,0,Samsung
HP OMEN X 25f,2237.0,2237.0,49706.14,25.0,1920.0,1080.0,1.7777777777777777,88.11628680329193,240.0,1000,400.0,TN,1.0,2.0736,Medium,FullHD,1,0,HP
Viewsonic VG2208A-HD,436.0,540.0,10843.359999999999,21.5,1920.0,1080.0,1.7777777777777777,102.460798608479,100.0,1000,250.0,IPS,5.0,2.0736,Small,FullHD,0,0,Viewsonic
Acer Nitro XV270X1bmiipx,549.0,635.0,13154.24,27.0,1920.0,1080.0,1.7777777777777777,81.58915444749253,200.0,1000,250.0,IPS,4.951367781155016,2.0736,Large,FullHD,1,0,Acer
LG UltraGear 32GP850,1630.0,1630.0,36218.6,32.0,2560.0,1440.0,1.7777777777777777,91.7877987534291,180.0,1000,350.0,IPS,1.0,3.6864,XLarge,QHD,1,0,LG
Eizo FlexScan EV2430,1367.0,1823.0,35440.9,24.0,1920.0,1200.0,1.6,94.33981132056603,60.0,1000,300.0,IPS,14.0,2.304,Medium,FullHD,0,0,Eizo
BenQ Zowie XL2731,2682.0,2682.0,59594.03999999999,27.0,1920.0,1080.0,1.7777777777777777,81.58915444749253,144.0,1000,320.0,TN,1.0,2.0736,Large,FullHD,1,0,BenQ
AOC 24G2ZE,704.0,1280.0,22042.239999999998,24.0,1920.0,1080.0,1.7777777777777777,91.7877987534291,240.0,1000,350.0,IPS,4.0,2.0736,Medium,FullHD,1,0,AOC
Acer Nitro QG241YEbii,446.0,501.0,10521.17,23.8,1920.0,1080.0,1.7777777777777777,92.55912479337388,100.0,1000,250.0,IPS,4.951367781155016,2.0736,Small,FullHD,0,0,Acer
KOORUI GN01,748.0,748.0,16620.559999999998,27.0,1920.0,1080.0,1.7777777777777777,81.58915444749253,165.0,3000,300.0,VA,4.442516268980477,2.0736,Large,FullHD,1,0,KOORUI
Viewsonic IFP8652-1B,20192.0,20192.0,448666.24,86.0,3840.0,2160.0,1.7777777777777777,51.2303993042395,60.0,1200,400.0,IPS,8.0,8.2944,XLarge,4K,0,0,Viewsonic
Dell C2423H,813.0,813.0,18064.86,23.8,1920.0,1080.0,1.7777777777777777,92.55912479337388,60.0,1000,250.0,IPS,5.0,2.0736,Small,FullHD,0,0,Dell
Dell Plus S3425DW,1643.0,2020.0,40695.93,34.0,3440.0,1440.0,2.388888888888889,109.68340725465096,120.0,3000,300.0,VA,1.0,4.9536,XLarge,QHD,1,0,Dell
Viewsonic TD2760,2222.0,2755.0,55294.469999999994,27.0,1920.0,1080.0,1.7777777777777777,81.58915444749253,60.0,3000,230.0,VA,6.0,2.0736,Large,FullHD,0,0,Viewsonic
Dell P2722HE,999.0,2293.0,36574.119999999995,27.0,1920.0,1080.0,1.7777777777777777,81.58915444749253,60.0,1000,300.0,IPS,5.0,2.0736,Large,FullHD,0,0,Dell
Asus VY229HF,354.0,507.0,9565.71,21.5,1920.0,1080.0,1.7777777777777777,102.460798608479,100.0,1300,250.0,IPS,4.951367781155016,2.0736,Small,FullHD,0,0,Asus
Asus VP247HAE,653.0,825.0,16420.579999999998,24.0,1920.0,1080.0,1.7777777777777777,91.7877987534291,60.0,3000,250.0,VA,5.0,2.0736,Medium,FullHD,0,0,Asus
BenQ Zowie XL2546K,1899.0,2748.0,51628.17,25.0,1920.0,1080.0,1.7777777777777777,88.11628680329193,240.0,1000,320.0,TN,1.0,2.0736,Medium,FullHD,1,0,BenQ
MSI MAG 271QPX QD-OLED,3000.0,3059.0,67315.48999999999,26.5,2560.0,1440.0,1.7777777777777777,110.83809660791438,360.0,1500000,250.0,OLED,1.0,3.6864,Medium,QHD,1,0,MSI
Samsung Smart Monitor M5 27,1049.0,1375.0,26930.64,27.0,1920.0,1080.0,1.7777777777777777,81.58915444749253,60.0,3000,250.0,VA,8.0,2.0736,Large,FullHD,0,0,Samsung
Samsung UD46E-A,12769.0,12769.0,283727.18,46.0,1920.0,1080.0,1.7777777777777777,47.88928630613692,75.0,3500,700.0,Other,8.0,2.0736,XLarge,FullHD,0,0,Samsung
Targus DM4240PEUZ,531.0,770.0,14454.109999999999,24.0,1920.0,1080.0,1.7777777777777777,91.7877987534291,60.0,1000,325.0,Unknown,4.650088691829009,2.0736,Medium,FullHD,0,0,Targus
Viewsonic VX2718-2KPC-MHDJ,982.0,1169.0,23897.61,27.0,2560.0,1440.0,1.7777777777777777,108.78553926332337,165.0,4000,250.0,VA,1.0,3.6864,Large,QHD,1,0,Viewsonic
BenQ PD2706U,1871.0,2088.0,43984.49,27.0,3840.0,2160.0,1.7777777777777777,163.17830889498507,60.0,1200,400.0,IPS,5.0,8.2944,Large,4K,0,0,BenQ
BenQ ST5502S,4535.0,7202.0,130398.06999999999,55.0,3840.0,2160.0,1.7777777777777777,80.10571527571994,60.0,1300,400.0,IPS,9.0,8.2944,XLarge,4K,0,0,BenQ
MSI MAG 255XF,759.0,1036.0,19942.45,24.5,1920.0,1080.0,1.7777777777777777,89.91457837070605,300.0,1000,250.0,IPS,4.951367781155016,2.0736,Medium,FullHD,1,0,MSI
HP 324pf,432.0,858.0,14331.9,23.8,1920.0,1080.0,1.7777777777777777,92.55912479337388,100.0,1000,250.0,IPS,5.0,2.0736,Small,FullHD,0,0,HP
Acer SA322QUAbmiipx,617.0,876.0,16587.23,31.5,2560.0,1440.0,1.7777777777777777,93.24474793999147,75.0,1000,300.0,IPS,4.951367781155016,3.6864,Large,QHD,0,0,Acer
LG 27BA400,491.0,563.0,11709.939999999999,27.0,1920.0,1080.0,1.7777777777777777,81.58915444749253,100.0,1000,250.0,IPS,5.0,2.0736,Large,FullHD,0,0,LG
HP Z24q G3,868.0,1480.0,26086.28,23.8,2560.0,1440.0,1.7777777777777777,123.41216639116517,90.0,1000,400.0,IPS,5.0,3.6864,Small,QHD,0,0,HP
Viewsonic VA3208-4K-HD,1099.0,1449.0,28308.28,31.5,3840.0,2160.0,1.7777777777777777,139.8671219099872,60.0,3000,300.0,VA,4.0,8.2944,Large,4K,0,0,Viewsonic
MSI MAG 345CQR,1099.0,2184.0,36474.13,34.0,3440.0,1440.0,2.388888888888889,109.68340725465096,180.0,3000,300.0,VA,4.442516268980477,4.9536,XLarge,QHD,1,0,MSI
Iiyama ProLite T2236MSC-B3,1413.0,1717.0,34774.299999999996,21.5,1920.0,1080.0,1.7777777777777777,102.460798608479,60.0,1000,250.0,IPS,5.0,2.0736,Small,FullHD,0,0,Iiyama
Lenovo Q27q-20,999.0,999.0,22197.78,27.0,2560.0,1440.0,1.7777777777777777,108.78553926332337,75.0,1000,300.0,IPS,4.0,3.6864,Large,QHD,0,0,Lenovo
Philips 272B1G,767.0,1011.0,19753.579999999998,27.0,1920.0,1080.0,1.7777777777777777,81.58915444749253,75.0,1000,342.715043074884,IPS,4.0,2.0736,Large,FullHD,0,0,Philips
Acer Vero CB242YGbmiprx,443.0,760.0,13365.33,23.8,1920.0,1080.0,1.7777777777777777,92.55912479337388,120.0,1000,250.0,IPS,4.951367781155016,2.0736,Small,FullHD,1,0,Acer
Xiaomi Mi Desktop Monitor 1C,365.0,796.0,12898.71,24.0,1920.0,1080.0,1.7777777777777777,91.7877987534291,60.0,1000,250.0,IPS,6.0,2.0736,Medium,FullHD,0,0,Xiaomi
Asus BE24EQK,705.0,923.0,18087.079999999998,24.0,1920.0,1080.0,1.7777777777777777,91.7877987534291,60.0,1000,300.0,IPS,5.0,2.0736,Medium,FullHD,0,0,Asus
LG 34UB67,809.0,809.0,17975.98,34.0,2560.0,1080.0,2.3703703703703702,81.72025876146944,75.0,1000,300.0,IPS,5.0,2.7648,XLarge,FullHD,0,0,LG
Samsung Smart Monitor M80F 32,1999.0,2784.0,53139.13,31.5,3840.0,2160.0,1.7777777777777777,139.8671219099872,60.0,3000,400.0,VA,4.0,8.2944,Large,4K,0,0,Samsung
Hannspree HS248PPB,570.0,570.0,12665.4,24.0,1920.0,1080.0,1.7777777777777777,91.7877987534291,60.0,1000,250.0,Other,4.0,2.0736,Medium,FullHD,0,0,Hannspree
HP E24 G5,684.0,2217.0,32230.109999999997,23.8,1920.0,1080.0,1.7777777777777777,92.55912479337388,75.0,1000,250.0,IPS,5.0,2.0736,Small,FullHD,0,0,HP
Lenovo L27i-4A,499.0,719.0,13531.98,27.0,1920.0,1080.0,1.7777777777777777,81.58915444749253,100.0,1500,300.0,IPS,4.0,2.0736,Large,FullHD,0,0,Lenovo
Asus TUF Gaming VG259QMR5A,993.0,1437.0,26997.3,24.5,1920.0,1080.0,1.7777777777777777,89.91457837070605,310.0,1000,300.0,IPS,1.0,2.0736,Medium,FullHD,1,0,Asus
BenQ SW272U,5395.0,6480.0,131931.25,27.0,3840.0,2160.0,1.7777777777777777,163.17830889498507,60.0,1000,400.0,IPS,5.0,8.2944,Large,4K,0,0,BenQ
Iiyama ProLite XUB2793QS-B7,723.0,943.0,18509.26,27.0,2560.0,1440.0,1.7777777777777777,108.78553926332337,100.0,1300,300.0,IPS,4.951367781155016,3.6864,Large,QHD,0,0,Iiyama
Asus ProArt PA32UC,5739.0,5739.0,127520.57999999999,32.0,3840.0,2160.0,1.7777777777777777,137.68169813014364,60.0,1000,400.0,IPS,5.0,8.2944,XLarge,4K,0,0,Asus
Dahua Explorer LM32-U400P,5290.0,5618.0,121187.87999999999,31.5,3840.0,2160.0,1.7777777777777777,139.8671219099872,60.0,3000,350.0,VA,4.442516268980477,8.2944,Large,4K,0,0,Dahua
Neovo TM-23,1921.0,4156.0,67515.47,23.0,1920.0,1080.0,1.7777777777777777,95.77857261227383,75.0,1000,250.0,IPS,3.0,2.0736,Small,FullHD,0,0,Neovo
Philips Evnia 32M2N8900,3506.0,4076.0,84236.01999999999,31.5,3840.0,2160.0,1.7777777777777777,139.8671219099872,240.0,1500000,250.0,OLED,1.0,8.2944,Large,4K,1,1,Philips
Acer Vero CB272UE3bmiprux,1268.0,1370.0,29308.18,27.0,2560.0,1440.0,1.7777777777777777,108.78553926332337,100.0,1000,350.0,IPS,4.0,3.6864,Large,QHD,0,0,Acer
Iiyama G-Master G2745QSU-B2,569.0,804.0,15254.029999999999,27.0,2560.0,1440.0,1.7777777777777777,108.78553926332337,100.0,1300,300.0,IPS,4.951367781155016,3.6864,Large,QHD,0,0,Iiyama
BenQ PD3420Q,2795.0,4128.0,76914.53,34.0,3440.0,1440.0,2.388888888888889,109.68340725465096,60.0,1000,350.0,IPS,5.0,4.9536,XLarge,QHD,0,0,BenQ
Gigabyte GS27FA,469.0,784.0,13920.83,27.0,1920.0,1080.0,1.7777777777777777,81.58915444749253,180.0,1000,300.0,IPS,4.951367781155016,2.0736,Large,FullHD,1,0,Gigabyte
Samsung Smart Monitor M70B 32,1300.0,1574.0,31930.14,32.0,3840.0,2160.0,1.7777777777777777,137.68169813014364,60.0,3000,300.0,VA,4.0,8.2944,XLarge,4K,0,0,Samsung
Samsung S24C364EAU,452.0,702.0,12820.939999999999,24.0,1920.0,1080.0,1.7777777777777777,91.7877987534291,75.0,3000,250.0,VA,4.0,2.0736,Medium,FullHD,0,0,Samsung
MSI Optix MAG342CQR,1565.0,1565.0,34774.299999999996,34.0,3440.0,1440.0,2.388888888888889,109.68340725465096,144.0,4000,300.0,VA,4.0,4.9536,XLarge,QHD,1,0,MSI
Acer Vero B248YGbemiqprcuzx,1036.0,1296.0,25908.52,23.8,1920.0,1080.0,1.7777777777777777,92.55912479337388,120.0,1500,300.0,IPS,4.0,2.0736,Small,FullHD,1,0,Acer
Samsung WA65C,5013.0,7775.0,142074.68,64.5,3840.0,2160.0,1.7777777777777777,68.30719907231932,60.0,1200,390.0,Other,8.0,8.2944,XLarge,4K,0,0,Samsung
Asus TUF Gaming VG259QL5A,589.0,814.0,15587.33,24.5,1920.0,1080.0,1.7777777777777777,89.91457837070605,200.0,1000,300.0,IPS,1.0,2.0736,Medium,FullHD,1,0,Asus
Iiyama ProLite P1671HSC-B1,519.0,681.0,13332.0,15.6,1920.0,1080.0,1.7777777777777777,141.21199808219862,60.0,1000,250.0,IPS,3.0,2.0736,Small,FullHD,0,0,Iiyama
BenQ RE8603A,11812.0,14293.0,290026.55,86.0,3840.0,2160.0,1.7777777777777777,51.2303993042395,60.0,1200,450.0,IPS,8.0,8.2944,XLarge,4K,0,0,BenQ
Asus TUF Gaming VG289Q,1104.0,4169.0,58583.03,28.0,3840.0,2160.0,1.7777777777777777,157.3505121487356,60.0,1000,350.0,IPS,5.0,8.2944,Large,4K,0,0,Asus
Asus TUF Gaming VG27VQM1B,799.0,1190.0,22097.789999999997,27.0,1920.0,1080.0,1.7777777777777777,81.58915444749253,280.0,4000,250.0,VA,1.0,2.0736,Large,FullHD,1,0,Asus
Dell Plus S3225QC,3382.0,5952.0,103700.73999999999,31.6,3840.0,2160.0,1.7777777777777777,139.4245044355885,120.0,1500000,250.0,OLED,1.0,8.2944,Large,4K,1,1,Dell
LG UltraWide 49WQ95X,5083.0,5937.0,122432.2,49.0,5120.0,1440.0,3.5555555555555554,108.54380498674065,144.0,1000,400.0,IPS,5.0,7.3728,XLarge,QHD,1,0,LG
HP 527pm,1759.0,2180.0,43762.29,27.0,2560.0,1440.0,1.7777777777777777,108.78553926332337,100.0,1500,350.0,IPS,5.0,3.6864,Large,QHD,0,0,HP
Dahua LM34-E330C,1181.0,1447.0,29197.079999999998,34.0,3440.0,1440.0,2.388888888888889,109.68340725465096,165.0,3000,350.0,VA,4.442516268980477,4.9536,XLarge,QHD,1,0,Dahua
HP M27f,632.0,699.0,14787.41,27.0,1920.0,1080.0,1.7777777777777777,81.58915444749253,60.0,1000,300.0,IPS,5.0,2.0736,Large,FullHD,0,0,HP
Asus ROG Strix OLED XG27ACDMS,2687.0,3222.0,65648.98999999999,26.5,2560.0,1440.0,1.7777777777777777,110.83809660791438,280.0,1500000,250.0,OLED,1.0,3.6864,Medium,QHD,1,0,Asus
Asus TUF Gaming VG279QML5A,896.0,1120.0,22397.76,27.0,1920.0,1080.0,1.7777777777777777,81.58915444749253,240.0,1000,300.0,IPS,1.0,2.0736,Large,FullHD,1,0,Asus
Samsung QM32R-T,4002.0,7210.0,124565.31999999999,32.0,1920.0,1080.0,1.7777777777777777,68.84084906507182,60.0,5000,400.0,VA,8.0,2.0736,XLarge,FullHD,0,0,Samsung
Iiyama ProLite LH4341UHS-B2,1996.0,2423.0,49095.09,42.5,3840.0,2160.0,1.7777777777777777,103.66621976857874,60.0,1200,500.0,IPS,8.0,8.2944,XLarge,4K,0,0,Iiyama
LG UltraGear 34GP63AP,1184.0,1702.0,32063.46,34.0,3440.0,1440.0,2.388888888888889,109.68340725465096,160.0,3000,300.0,VA,4.442516268980477,4.9536,XLarge,QHD,1,0,LG
Philips 27B2G5601,1279.0,1362.0,29341.51,27.0,2560.0,1440.0,1.7777777777777777,108.78553926332337,100.0,1500,300.0,IPS,4.0,3.6864,Large,QHD,0,0,Philips
Dell P2418HZm,798.0,1537.0,25941.85,24.0,1920.0,1080.0,1.7777777777777777,91.7877987534291,60.0,1000,250.0,IPS,6.0,2.0736,Medium,FullHD,0,0,Dell
HP V24ie G5,507.0,637.0,12709.84,23.8,1920.0,1080.0,1.7777777777777777,92.55912479337388,75.0,1000,250.0,IPS,5.0,2.0736,Small,FullHD,0,0,HP
Lenovo ThinkVision 27 3D,6806.0,14733.0,239298.28999999998,27.0,3840.0,2160.0,1.7777777777777777,163.17830889498507,60.0,1200,310.0,IPS,4.0,8.2944,Large,4K,0,0,Lenovo
Sharp PN-HW751,13075.0,20567.0,373762.62,75.0,3840.0,2160.0,1.7777777777777777,58.74419120219462,60.0,1200,400.0,Other,8.0,8.2944,XLarge,4K,0,0,Sharp
Dell Pro Plus P2724DEB,1829.0,2156.0,44273.35,27.0,2560.0,1440.0,1.7777777777777777,108.78553926332337,60.0,1000,350.0,IPS,5.0,3.6864,Large,QHD,0,0,Dell
Gigabyte G24F 2,581.0,663.0,13820.84,23.8,1920.0,1080.0,1.7777777777777777,92.55912479337388,165.0,1100,300.0,IPS,2.0,2.0736,Small,FullHD,1,0,Gigabyte
Asus ROG Swift PG27AQN,4228.0,4784.0,100123.31999999999,27.0,2560.0,1440.0,1.7777777777777777,108.78553926332337,360.0,1000,600.0,IPS,1.0,3.6864,Large,QHD,1,0,Asus
Philips 49B2U5900CH,4079.0,4668.0,97179.17,48.8,5120.0,1440.0,3.5555555555555554,108.98865664652239,75.0,3000,450.0,VA,4.0,7.3728,XLarge,QHD,0,0,Philips
Dell Pro Plus P5524Q,3723.0,5863.0,106500.45999999999,54.6,3840.0,2160.0,1.7777777777777777,80.69257033268492,60.0,4000,350.0,VA,8.0,8.2944,XLarge,4K,0,0,Dell
Sharp PN-R706,29000.0,29000.0,644380.0,70.0,1920.0,1080.0,1.7777777777777777,31.47010242974712,60.0,5000,700.0,Other,8.0,2.0736,XLarge,FullHD,0,0,Sharp
LG 22MR410,330.0,391.0,8010.3099999999995,21.5,1920.0,1080.0,1.7777777777777777,102.460798608479,100.0,3000,250.0,VA,5.0,2.0736,Small,FullHD,0,0,LG
Samsung VH55B-E,10666.0,16583.0,302736.38999999996,55.0,1920.0,1080.0,1.7777777777777777,40.05285763785997,60.0,1000,700.0,IPS,8.0,2.0736,XLarge,FullHD,0,0,Samsung
MSI MAG 274UPF E2,1556.0,2022.0,39751.579999999994,27.0,3840.0,2160.0,1.7777777777777777,163.17830889498507,160.0,1000,400.0,IPS,4.951367781155016,8.2944,Large,4K,1,1,MSI
Philips 27B1U7903,3272.0,3542.0,75703.54,27.0,3840.0,2160.0,1.7777777777777777,163.17830889498507,60.0,1300,1400.0,IPS,4.0,8.2944,Large,4K,0,0,Philips
Xiaomi Monitor A27i,349.0,432.0,8676.91,27.0,1920.0,1080.0,1.7777777777777777,81.58915444749253,100.0,1000,250.0,IPS,6.0,2.0736,Large,FullHD,0,0,Xiaomi
Iiyama G-Master GB2790QSU-B5,1349.0,1499.0,31641.28,27.0,2560.0,1440.0,1.7777777777777777,108.78553926332337,240.0,1000,400.0,IPS,4.951367781155016,3.6864,Large,QHD,1,0,Iiyama
Asus ROG Swift OLED PG32UCDP,4597.0,7351.0,132742.28,31.5,3840.0,2160.0,1.7777777777777777,139.8671219099872,240.0,1500000,250.0,OLED,1.0,8.2944,Large,4K,1,1,Asus
Philips 24E1N1300AE,492.0,725.0,13520.869999999999,23.8,1920.0,1080.0,1.7777777777777777,92.55912479337388,100.0,1300,250.0,IPS,4.0,2.0736,Small,FullHD,0,0,Philips
Viewsonic VG2409-MHDU-2,877.0,937.0,20153.539999999997,23.8,1920.0,1080.0,1.7777777777777777,92.55912479337388,100.0,1300,350.0,IPS,4.0,2.0736,Small,FullHD,0,0,Viewsonic
Dell Pro Plus P3424WEB,2729.0,3955.0,74259.23999999999,34.1,3440.0,1440.0,2.388888888888889,109.36175503396284,60.0,1000,300.0,IPS,5.0,4.9536,XLarge,QHD,0,0,Dell
AOC 22P2DU,728.0,1069.0,19964.67,22.0,1920.0,1080.0,1.7777777777777777,100.13214409464992,75.0,1000,250.0,IPS,4.0,2.0736,Small,FullHD,0,0,AOC
Sharp PN-R606,17500.0,17500.0,388850.0,60.0,1920.0,1080.0,1.7777777777777777,36.71511950137164,60.0,5000,700.0,Other,8.0,2.0736,XLarge,FullHD,0,0,Sharp
BenQ Mobiuz EX3410R,1707.0,2510.0,46850.869999999995,34.0,3440.0,1440.0,2.388888888888889,109.68340725465096,144.0,3000,400.0,VA,2.0,4.9536,XLarge,QHD,1,0,BenQ
Philips 27B2N4500,926.0,1030.0,21731.16,27.0,2560.0,1440.0,1.7777777777777777,108.78553926332337,120.0,1500,350.0,IPS,4.0,3.6864,Large,QHD,1,0,Philips
MSI PRO MP273QW E2,630.0,630.0,13998.599999999999,27.0,2560.0,1440.0,1.7777777777777777,108.78553926332337,100.0,1300,400.0,IPS,4.0,3.6864,Large,QHD,0,0,MSI
Asus ROG Swift OLED PG27AQDP,4387.0,4829.0,102389.76,26.5,2560.0,1440.0,1.7777777777777777,110.83809660791438,480.0,1500000,450.0,OLED,1.0,3.6864,Medium,QHD,1,0,Asus
Iiyama G-Master GB2590HSU-B5,800.0,921.0,19120.309999999998,24.5,1920.0,1080.0,1.7777777777777777,89.91457837070605,240.0,1000,400.0,IPS,4.951367781155016,2.0736,Medium,FullHD,1,0,Iiyama
AOC 24B2XDA,606.0,606.0,13465.32,24.0,1920.0,1080.0,1.7777777777777777,91.7877987534291,75.0,1000,250.0,IPS,4.0,2.0736,Medium,FullHD,0,0,AOC
Viewsonic VG2408A-MHD,446.0,734.0,13109.8,23.8,1920.0,1080.0,1.7777777777777777,92.55912479337388,100.0,1300,250.0,IPS,5.0,2.0736,Small,FullHD,0,0,Viewsonic
ASRock Phantom Gaming PG34WQ15R2B,1108.0,1816.0,32485.64,34.0,3440.0,1440.0,2.388888888888889,109.68340725465096,165.0,3000,550.0,VA,5.0,4.9536,XLarge,QHD,1,0,ASRock
Asus TUF Gaming VG257Q5A,646.0,751.0,15520.67,24.5,1920.0,1080.0,1.7777777777777777,89.91457837070605,200.0,3500,300.0,VA,4.442516268980477,2.0736,Medium,FullHD,1,0,Asus
Lenovo ThinkVision C24d-20,632.0,986.0,17975.98,24.0,1920.0,1200.0,1.6,94.33981132056603,60.0,1000,300.0,IPS,5.0,2.304,Medium,FullHD,0,0,Lenovo
HP V24i G5,453.0,807.0,13998.599999999999,23.8,1920.0,1080.0,1.7777777777777777,92.55912479337388,75.0,1000,250.0,IPS,5.0,2.0736,Small,FullHD,0,0,HP
Sharp PN-65SC1,14900.0,14900.0,331078.0,65.0,1920.0,1080.0,1.7777777777777777,33.89087953972766,60.0,5000,350.0,Other,7.0,2.0736,XLarge,FullHD,0,0,Sharp
Dell Pro Plus P2424HT,1427.0,2313.0,41551.4,23.8,1920.0,1080.0,1.7777777777777777,92.55912479337388,60.0,1000,300.0,IPS,5.0,2.0736,Small,FullHD,0,0,Dell
MSI MAG 325CQRXF E2,1799.0,1914.0,41251.43,31.5,2560.0,1440.0,1.7777777777777777,93.24474793999147,240.0,3500,300.0,VA,4.442516268980477,3.6864,Large,QHD,1,0,MSI
Philips 49B2U6900CH,4020.0,4972.0,99901.12,48.8,5120.0,1440.0,3.5555555555555554,108.98865664652239,75.0,3000,450.0,VA,4.0,7.3728,XLarge,QHD,0,0,Philips
BenQ RE7504,7467.0,11932.0,215522.88999999998,75.0,3840.0,2160.0,1.7777777777777777,58.74419120219462,60.0,1200,450.0,IPS,8.0,8.2944,XLarge,4K,0,0,BenQ
Dahua LM43-F400,1532.0,1562.0,34374.34,43.0,3840.0,2160.0,1.7777777777777777,102.460798608479,60.0,1200,400.0,IPS,8.0,8.2944,XLarge,4K,0,0,Dahua
HP 527pu,1150.0,1800.0,32774.5,27.0,2560.0,1440.0,1.7777777777777777,108.78553926332337,100.0,1500,350.0,IPS,5.0,3.6864,Large,QHD,0,0,HP
HP M27fq,812.0,1672.0,27597.239999999998,27.0,2560.0,1440.0,1.7777777777777777,108.78553926332337,75.0,1000,300.0,IPS,5.0,3.6864,Large,QHD,0,0,HP
MSI PRO MP242A E2,349.0,449.0,8865.779999999999,23.8,1920.0,1080.0,1.7777777777777777,92.55912479337388,120.0,1500,300.0,IPS,4.0,2.0736,Small,FullHD,1,0,MSI
Acer SB272Ebi,486.0,578.0,11821.039999999999,27.0,1920.0,1080.0,1.7777777777777777,81.58915444749253,100.0,1000,250.0,IPS,1.0,2.0736,Large,FullHD,0,0,Acer
Neovo QM-4302,2507.0,3537.0,67148.84,43.0,3840.0,2160.0,1.7777777777777777,102.460798608479,76.0,4500,400.0,IPS,5.0,8.2944,XLarge,4K,0,0,Neovo
Iiyama ProLite LH5575UHS-B1AG,3807.0,4786.0,95468.23,54.6,3840.0,2160.0,1.7777777777777777,80.69257033268492,60.0,1200,500.0,IPS,8.0,8.2944,XLarge,4K,0,0,Iiyama
AOC 27B2H,396.0,1089.0,16498.35,27.0,1920.0,1080.0,1.7777777777777777,81.58915444749253,75.0,1000,250.0,IPS,8.0,2.0736,Large,FullHD,0,0,AOC
LG UltraGear 45GR95QE,5637.0,8103.0,152651.4,44.5,3440.0,1440.0,2.388888888888889,83.80305273389062,240.0,1500000,200.0,OLED,1.0,4.9536,XLarge,QHD,1,0,LG
Acer Vero B277DEbmiprczxv,911.0,1024.0,21497.85,27.0,1920.0,1080.0,1.7777777777777777,81.58915444749253,100.0,1000,250.0,IPS,4.0,2.0736,Large,FullHD,0,0,Acer
Samsung WA65D,4519.0,8222.0,141552.50999999998,65.0,3840.0,2160.0,1.7777777777777777,67.78175907945533,60.0,1200,400.0,IPS,8.0,8.2944,XLarge,4K,0,0,Samsung
Gigabyte Aorus FO27Q2,2641.0,3800.0,71559.51,27.0,2560.0,1440.0,1.7777777777777777,108.78553926332337,240.0,1500000,250.0,OLED,1.0,3.6864,Large,QHD,1,0,Gigabyte
Iiyama ProLite LH8664UHS-B2AG,7654.0,9156.0,186759.09999999998,85.6,3840.0,2160.0,1.7777777777777777,51.46979369351165,60.0,1200,500.0,IPS,8.0,8.2944,XLarge,4K,0,0,Iiyama
Asus TUF Gaming VG289Q1A,938.0,1161.0,23319.89,28.0,3840.0,2160.0,1.7777777777777777,157.3505121487356,60.0,1000,350.0,IPS,5.0,8.2944,Large,4K,0,0,Asus
Acer R242YGymix,384.0,439.0,9143.529999999999,23.8,1920.0,1080.0,1.7777777777777777,92.55912479337388,120.0,1500,250.0,IPS,4.0,2.0736,Small,FullHD,1,0,Acer
Lenovo Legion Y27qf-30,1719.0,1879.0,39973.78,27.0,2560.0,1440.0,1.7777777777777777,108.78553926332337,240.0,1000,400.0,IPS,1.0,3.6864,Large,QHD,1,0,Lenovo
Asus TUF Gaming VG249Q5R,623.0,879.0,16687.219999999998,23.8,1920.0,1080.0,1.7777777777777777,92.55912479337388,200.0,1000,300.0,IPS,1.0,2.0736,Small,FullHD,1,0,Asus
LG UltraWide 34BR65F,980.0,1249.0,24764.19,34.0,2560.0,1080.0,2.3703703703703702,81.72025876146944,75.0,1000,400.0,IPS,5.0,2.7648,XLarge,FullHD,0,0,LG
Asus TUF Gaming VG27AQZ,1188.0,1473.0,29563.71,27.0,2560.0,1440.0,1.7777777777777777,108.78553926332337,165.0,1000,350.0,IPS,4.951367781155016,3.6864,Large,QHD,1,0,Asus
Acer Vero CB272UGbmiiprx,759.0,892.0,18342.61,27.0,2560.0,1440.0,1.7777777777777777,108.78553926332337,120.0,1000,350.0,IPS,4.951367781155016,3.6864,Large,QHD,1,0,Acer
Iiyama G-Master GB2470HSU-B5,749.0,749.0,16642.78,23.8,1920.0,1080.0,1.7777777777777777,92.55912479337388,165.0,1100,250.0,IPS,4.0,2.0736,Small,FullHD,1,0,Iiyama
Iiyama G-Master GB2745QSU-B2,579.0,920.0,16653.89,27.0,2560.0,1440.0,1.7777777777777777,108.78553926332337,100.0,1300,300.0,IPS,4.951367781155016,3.6864,Large,QHD,0,0,Iiyama
Acer SH272UEbmiphux,699.0,992.0,18787.01,27.0,2560.0,1440.0,1.7777777777777777,108.78553926332337,100.0,1000,250.0,IPS,4.951367781155016,3.6864,Large,QHD,0,0,Acer
Viewsonic VP3481,4636.0,4636.0,103011.92,34.0,3440.0,1440.0,2.388888888888889,109.68340725465096,100.0,3000,400.0,VA,5.0,4.9536,XLarge,QHD,0,0,Viewsonic
Samsung S24C366EA,401.0,401.0,8910.22,24.0,1920.0,1080.0,1.7777777777777777,91.7877987534291,75.0,3000,250.0,VA,4.0,2.0736,Medium,FullHD,0,0,Samsung
Dell P1424H,1074.0,1784.0,31752.379999999997,14.0,1920.0,1080.0,1.7777777777777777,157.3505121487356,60.0,700,300.0,IPS,6.0,2.0736,Small,FullHD,0,0,Dell
MSI Optix MAG274QRF-QD,1292.0,3546.0,53750.18,27.0,2560.0,1440.0,1.7777777777777777,108.78553926332337,165.0,1000,300.0,Other,1.0,3.6864,Large,QHD,1,0,MSI
MSI G244PF E2,957.0,957.0,21264.539999999997,23.8,1920.0,1080.0,1.7777777777777777,92.55912479337388,180.0,1000,300.0,IPS,1.0,2.0736,Small,FullHD,1,0,MSI
Hannspree HP278WJB,680.0,858.0,17087.18,27.0,1920.0,1080.0,1.7777777777777777,81.58915444749253,60.0,1000,300.0,VA,5.0,2.0736,Large,FullHD,0,0,Hannspree
Sony INZONE M10S,4999.0,4999.0,111077.78,26.5,2560.0,1440.0,1.7777777777777777,110.83809660791438,480.0,1500000,275.0,OLED,1.0,3.6864,Medium,QHD,1,0,Sony
HP OMEN 27q,846.0,1884.0,30330.3,27.0,2560.0,1440.0,1.7777777777777777,108.78553926332337,165.0,1000,400.0,IPS,1.0,3.6864,Large,QHD,1,0,HP
BenQ SW242Q,2025.0,2352.0,48628.469999999994,24.1,2560.0,1600.0,1.6,125.26447976174744,60.0,1000,400.0,IPS,5.0,4.096,Medium,QHD,0,0,BenQ
Iiyama ProLite XUB2793QSU-B6,642.0,947.0,17653.79,27.0,2560.0,1440.0,1.7777777777777777,108.78553926332337,100.0,1300,250.0,IPS,4.951367781155016,3.6864,Large,QHD,0,0,Iiyama
Asus ProArt PA32UCE,4799.0,5604.0,115577.32999999999,31.5,3840.0,2160.0,1.7777777777777777,139.8671219099872,60.0,1000,600.0,IPS,5.0,8.2944,Large,4K,0,0,Asus
Lenovo TIO 27,1659.0,2092.0,41673.61,27.0,2560.0,1440.0,1.7777777777777777,108.78553926332337,60.0,1000,350.0,IPS,6.0,3.6864,Large,QHD,0,0,Lenovo
BenQ EW3290U,1870.0,2535.0,48939.549999999996,31.5,3840.0,2160.0,1.7777777777777777,139.8671219099872,60.0,1000,350.0,IPS,5.0,8.2944,Large,4K,0,0,BenQ
Iiyama ProLite T2234MSC-B1S,2384.0,3353.0,63738.07,21.5,1920.0,1080.0,1.7777777777777777,102.460798608479,60.0,1000,350.0,IPS,8.0,2.0736,Small,FullHD,0,0,Iiyama
AOC Q27P4U,1026.0,1026.0,22797.719999999998,27.0,2560.0,1440.0,1.7777777777777777,108.78553926332337,120.0,1500,350.0,IPS,4.0,3.6864,Large,QHD,1,0,AOC
Acer Vero CB241Ybmirux,1699.0,1699.0,37751.78,23.8,1920.0,1080.0,1.7777777777777777,92.55912479337388,75.0,1000,250.0,IPS,4.951367781155016,2.0736,Small,FullHD,0,0,Acer
Terra 2727W V2,406.0,483.0,9876.789999999999,27.0,1920.0,1080.0,1.7777777777777777,81.58915444749253,100.0,1000,300.0,VA,5.0,2.0736,Large,FullHD,0,0,Terra
Xiaomi Mi Curved Gaming Monitor 30,1291.0,1291.0,28686.019999999997,30.0,2560.0,1080.0,2.3703703703703702,92.6162932629987,200.0,3000,300.0,VA,4.0,2.7648,Large,FullHD,1,0,Xiaomi
Philips 34E1C5600HE,1098.0,1722.0,31330.199999999997,34.0,3440.0,1440.0,2.388888888888889,109.68340725465096,100.0,3000,300.0,VA,4.0,4.9536,XLarge,QHD,0,0,Philips
Asus BE24ECSNK,990.0,1464.0,27263.94,24.0,1920.0,1080.0,1.7777777777777777,91.7877987534291,60.0,1000,300.0,IPS,5.0,2.0736,Medium,FullHD,0,0,Asus
Asus TUF Gaming VG24VQER,436.0,666.0,12243.22,23.6,1920.0,1080.0,1.7777777777777777,93.34352415602959,180.0,3000,250.0,VA,4.442516268980477,2.0736,Small,FullHD,1,0,Asus
Samsung PE40C,7412.0,7412.0,164694.63999999998,40.0,1920.0,1080.0,1.7777777777777777,55.072679252057455,85.40625,4000,700.0,Other,8.0,2.0736,XLarge,FullHD,0,0,Samsung
Viewsonic VX2718-2KPC-MHD,755.0,1101.0,20620.16,27.0,2560.0,1440.0,1.7777777777777777,108.78553926332337,165.0,4000,250.0,VA,1.0,3.6864,Large,QHD,1,0,Viewsonic
BenQ ST4304,4135.0,4322.0,93957.26999999999,43.0,3840.0,2160.0,1.7777777777777777,102.460798608479,60.0,1200,350.0,IPS,8.0,8.2944,XLarge,4K,0,0,BenQ
Dell Plus S2725QC,1120.0,1891.0,33452.21,27.0,3840.0,2160.0,1.7777777777777777,163.17830889498507,120.0,1500,350.0,IPS,4.0,8.2944,Large,4K,1,1,Dell
LG 27BA450,656.0,826.0,16465.02,27.0,1920.0,1080.0,1.7777777777777777,81.58915444749253,100.0,1300,250.0,IPS,5.0,2.0736,Large,FullHD,0,0,LG
Samsung ViewFinity S80D 27,1443.0,1978.0,38007.31,27.0,3840.0,2160.0,1.7777777777777777,163.17830889498507,60.0,1000,350.0,IPS,5.0,8.2944,Large,4K,0,0,Samsung
Philips 326P1H,1952.0,2810.0,52905.82,32.0,2560.0,1440.0,1.7777777777777777,91.7877987534291,75.0,1000,350.0,IPS,4.0,3.6864,XLarge,QHD,0,0,Philips
LG UltraGear 34GN850,2240.0,2951.0,57672.009999999995,34.0,3440.0,1440.0,2.388888888888889,109.68340725465096,160.0,1000,400.0,IPS,1.0,4.9536,XLarge,QHD,1,0,LG
HP Z24n G3,1177.0,1177.0,26152.94,24.0,1920.0,1200.0,1.6,94.33981132056603,60.0,1000,350.0,IPS,5.0,2.304,Medium,FullHD,0,0,HP
Neovo VA-3201,762.0,922.0,18709.239999999998,31.5,1920.0,1080.0,1.7777777777777777,69.9335609549936,75.0,4000,300.0,VA,5.0,2.0736,Large,FullHD,0,0,Neovo
Asus TUF Gaming VG249QE5A,499.0,580.0,11987.689999999999,23.8,1920.0,1080.0,1.7777777777777777,92.55912479337388,144.0,1500,300.0,IPS,4.0,2.0736,Small,FullHD,1,0,Asus
Dell Pro E2425HSM,453.0,598.0,11676.609999999999,23.8,1920.0,1080.0,1.7777777777777777,92.55912479337388,100.0,1000,250.0,IPS,5.0,2.0736,Small,FullHD,0,0,Dell
Viewsonic TD2465,1674.0,1881.0,39496.049999999996,23.8,1920.0,1080.0,1.7777777777777777,92.55912479337388,60.0,3000,250.0,VA,7.0,2.0736,Small,FullHD,0,0,Viewsonic
Viewsonic VP2768a,699.0,1511.0,24553.1,27.0,2560.0,1440.0,1.7777777777777777,108.78553926332337,60.0,1000,350.0,IPS,5.0,3.6864,Large,QHD,0,0,Viewsonic
Asus ZenScreen MB166CR,562.0,893.0,16165.05,15.6,1920.0,1080.0,1.7777777777777777,141.21199808219862,60.0,800,250.0,IPS,5.0,2.0736,Small,FullHD,0,0,Asus
Dell P2722H,2104.0,2104.0,46750.88,27.0,1920.0,1080.0,1.7777777777777777,81.58915444749253,60.0,1000,300.0,IPS,5.0,2.0736,Large,FullHD,0,0,Dell
Lenovo Legion R25i-30,499.0,919.0,15753.98,24.5,1920.0,1080.0,1.7777777777777777,89.91457837070605,165.0,1000,350.0,IPS,5.0,2.0736,Medium,FullHD,1,0,Lenovo
Dell SE2725HM,423.0,559.0,10910.019999999999,27.0,1920.0,1080.0,1.7777777777777777,81.58915444749253,100.0,1000,250.0,IPS,5.0,2.0736,Large,FullHD,0,0,Dell
Samsung UD46A,10000.0,10000.0,222200.0,46.0,1920.0,1080.0,1.7777777777777777,47.88928630613692,85.0,3000,700.0,VA,8.0,2.0736,XLarge,FullHD,0,0,Samsung
MSI PRO MP273A,416.0,1160.0,17509.36,27.0,1920.0,1080.0,1.7777777777777777,81.58915444749253,100.0,1000,342.715043074884,IPS,4.0,2.0736,Large,FullHD,0,0,MSI
Eizo FlexScan EV2410R,1513.0,1759.0,36351.92,24.1,1920.0,1200.0,1.6,93.94835982131056,60.0,1300,350.0,IPS,5.0,2.304,Medium,FullHD,0,0,Eizo
BenQ Zowie XL2746K,2381.0,3166.0,61627.17,27.0,1920.0,1080.0,1.7777777777777777,81.58915444749253,240.0,1000,320.0,TN,1.0,2.0736,Large,FullHD,1,0,BenQ
AOC 24G2SU,878.0,878.0,19509.16,23.8,1920.0,1080.0,1.7777777777777777,92.55912479337388,165.0,3000,350.0,VA,4.0,2.0736,Small,FullHD,1,0,AOC
Acer Nitro QG241Ybii,717.0,717.0,15931.74,24.0,1920.0,1080.0,1.7777777777777777,91.7877987534291,75.0,3000,250.0,VA,5.0,2.0736,Medium,FullHD,0,0,Acer
KOORUI GN06,599.0,623.0,13576.42,27.0,1920.0,1080.0,1.7777777777777777,81.58915444749253,165.0,1000,300.0,IPS,5.0,2.0736,Large,FullHD,1,0,KOORUI
Viewsonic IFP8652-1A,19187.0,21000.0,446477.56999999995,86.0,3840.0,2160.0,1.7777777777777777,51.2303993042395,60.0,1200,400.0,IPS,8.0,8.2944,XLarge,4K,0,0,Viewsonic
Dell C2422HE,1941.0,1941.0,43129.02,24.0,1920.0,1080.0,1.7777777777777777,91.7877987534291,60.0,1000,250.0,IPS,5.0,2.0736,Medium,FullHD,0,0,Dell
LG 65TR3DK-BM,4652.0,5889.0,117110.51,65.0,3840.0,2160.0,1.7777777777777777,67.78175907945533,60.0,1200,350.0,IPS,8.0,8.2944,XLarge,4K,0,0,LG
Cooler Master GM27QP,1900.0,1900.0,42218.0,27.0,2560.0,1440.0,1.7777777777777777,108.78553926332337,240.0,2500,400.0,VA,1.0,3.6864,Large,QHD,1,0,Cooler Master
AOC C27G2ZU,945.0,1261.0,24508.66,27.0,1920.0,1080.0,1.7777777777777777,81.58915444749253,240.0,3000,300.0,VA,4.0,2.0736,Large,FullHD,1,0,AOC
Philips Evnia 32M2C5500W,1257.0,1887.0,34929.84,31.5,2560.0,1440.0,1.7777777777777777,93.24474793999147,240.0,4000,500.0,VA,4.442516268980477,3.6864,Large,QHD,1,0,Philips
Viewsonic VG2448,994.0,994.0,22086.68,24.0,1920.0,1080.0,1.7777777777777777,91.7877987534291,60.0,1000,250.0,IPS,5.0,2.0736,Medium,FullHD,0,0,Viewsonic
LG 24BA650,690.0,690.0,15331.8,23.8,1920.0,1080.0,1.7777777777777777,92.55912479337388,100.0,1300,250.0,IPS,5.0,2.0736,Small,FullHD,0,0,LG
Philips 222S1AE,603.0,907.0,16776.1,22.0,1920.0,1080.0,1.7777777777777777,100.13214409464992,75.0,1000,250.0,IPS,4.0,2.0736,Small,FullHD,0,0,Philips
HP 727pq,1631.0,2312.0,43806.729999999996,27.0,2560.0,1440.0,1.7777777777777777,108.78553926332337,120.0,2000,400.0,IPS,5.0,3.6864,Large,QHD,1,0,HP
Acer Nitro XF240YX1biiph,449.0,592.0,11565.51,23.8,1920.0,1080.0,1.7777777777777777,92.55912479337388,200.0,1000,250.0,IPS,4.951367781155016,2.0736,Small,FullHD,1,0,Acer
Samsung S22D391Q,134.0,134.0,2977.48,22.0,1920.0,1080.0,1.7777777777777777,100.13214409464992,85.40625,1000,495.17525773195877,Other,5.0,2.0736,Small,FullHD,0,0,Samsung
HP OMEN X 27,2099.0,3101.0,57772.0,27.0,2560.0,1440.0,1.7777777777777777,108.78553926332337,240.0,1000,400.0,TN,1.0,3.6864,Large,QHD,1,0,HP
Viewsonic VG2239Smh,344.0,344.0,7643.679999999999,22.0,1920.0,1080.0,1.7777777777777777,100.13214409464992,60.0,3000,250.0,VA,5.0,2.0736,Small,FullHD,0,0,Viewsonic
Acer Nitro XV270Pbmiiprx,1987.0,1987.0,44151.14,27.0,1920.0,1080.0,1.7777777777777777,81.58915444749253,165.0,1000,250.0,IPS,4.951367781155016,2.0736,Large,FullHD,1,0,Acer
LG UltraWide 34WR55QK,1158.0,1452.0,28997.1,34.0,3440.0,1440.0,2.388888888888889,109.68340725465096,100.0,3000,300.0,VA,5.0,4.9536,XLarge,QHD,0,0,LG
Lenovo E27q-20,940.0,1258.0,24419.78,27.0,2560.0,1440.0,1.7777777777777777,108.78553926332337,75.0,1000,350.0,IPS,4.0,3.6864,Large,QHD,0,0,Lenovo
Asus ProArt PA169CDV,4426.0,5624.0,111655.5,15.6,3840.0,2160.0,1.7777777777777777,282.42399616439724,60.0,1200,450.0,IPS,10.0,8.2944,Small,4K,0,0,Asus
Samsung Odyssey OLED G93SD 49,4133.0,4899.0,100345.51999999999,49.0,5120.0,1440.0,3.5555555555555554,108.54380498674065,240.0,1000000,250.0,OLED,1.0,7.3728,XLarge,QHD,1,0,Samsung
Dell S3422DW,1939.0,1939.0,43084.579999999994,34.0,3440.0,1440.0,2.388888888888889,109.68340725465096,100.0,3000,300.0,VA,4.0,4.9536,XLarge,QHD,0,0,Dell
Philips 242B1V,1749.0,1869.0,40195.979999999996,24.0,1920.0,1080.0,1.7777777777777777,91.7877987534291,75.0,1000,350.0,IPS,4.0,2.0736,Medium,FullHD,0,0,Philips
Panasonic TH-75SQE2W,15690.0,15690.0,348631.8,74.5,3840.0,2160.0,1.7777777777777777,59.138447518987874,60.0,1200,500.0,IPS,8.0,8.2944,XLarge,4K,0,0,Panasonic
Samsung Odyssey OLED G61SD 27,2299.0,2747.0,56061.06,27.0,2560.0,1440.0,1.7777777777777777,108.78553926332337,240.0,1000000,250.0,OLED,1.0,3.6864,Large,QHD,1,0,Samsung
MSI MAG 271QPX QD-OLED E2,2490.0,4082.0,73014.92,26.5,2560.0,1440.0,1.7777777777777777,110.83809660791438,240.0,1500000,250.0,OLED,1.0,3.6864,Medium,QHD,1,0,MSI
Philips 275B1H,1130.0,1395.0,28052.75,27.0,2560.0,1440.0,1.7777777777777777,108.78553926332337,75.0,1000,300.0,IPS,4.0,3.6864,Large,QHD,0,0,Philips
Dell UltraSharp U2722D,1576.0,2575.0,46117.61,27.0,2560.0,1440.0,1.7777777777777777,108.78553926332337,60.0,1000,350.0,IPS,5.0,3.6864,Large,QHD,0,0,Dell
Ricoh Portable Monitor 150BW,1829.0,2408.0,47073.07,15.6,1920.0,1080.0,1.7777777777777777,141.21199808219862,60.0,100000,300.0,OLED,1.0,2.0736,Small,FullHD,0,0,Ricoh
Samsung QB65H,7700.0,9570.0,191869.69999999998,65.0,3840.0,2160.0,1.7777777777777777,67.78175907945533,60.0,4000,300.0,Other,8.0,8.2944,XLarge,4K,0,0,Samsung
MSI Optix G27CQ4 E2,2209.0,2209.0,49083.979999999996,27.0,2560.0,1440.0,1.7777777777777777,108.78553926332337,170.0,3000,250.0,VA,4.0,3.6864,Large,QHD,1,0,MSI
Lenovo ThinkVision S22i-30,415.0,610.0,11387.75,21.5,1920.0,1080.0,1.7777777777777777,102.460798608479,75.0,1000,250.0,IPS,6.0,2.0736,Small,FullHD,0,0,Lenovo
AOC CQ27G4X,673.0,1104.0,19742.469999999998,27.0,2560.0,1440.0,1.7777777777777777,108.78553926332337,180.0,4000,300.0,VA,1.0,3.6864,Large,QHD,1,0,AOC
Iiyama ProLite T4362AS-B1,6366.0,7078.0,149362.84,42.5,3840.0,2160.0,1.7777777777777777,103.66621976857874,60.0,1200,500.0,IPS,8.0,8.2944,XLarge,4K,0,0,Iiyama
LG MyView 27SR50F,710.0,1413.0,23586.53,27.0,1920.0,1080.0,1.7777777777777777,81.58915444749253,60.0,1000,250.0,IPS,14.0,2.0736,Large,FullHD,0,0,LG
Acer Nitro XZ322QUP3bmiiphx,969.0,1148.0,23519.87,31.5,2560.0,1440.0,1.7777777777777777,93.24474793999147,180.0,3500,400.0,VA,4.442516268980477,3.6864,Large,QHD,1,0,Acer
LG 32MN500M,1374.0,1374.0,30530.28,32.0,1920.0,1080.0,1.7777777777777777,68.84084906507182,75.0,1200,250.0,IPS,5.0,2.0736,XLarge,FullHD,0,0,LG
NEC MultiSync M321,2763.0,2763.0,61393.85999999999,32.0,1920.0,1080.0,1.7777777777777777,68.84084906507182,60.0,1100,450.0,IPS,8.0,2.0736,XLarge,FullHD,0,0,NEC
Asus CG32UQ,1142.0,1142.0,25375.239999999998,32.0,3840.0,2160.0,1.7777777777777777,137.68169813014364,60.0,3000,600.0,VA,5.0,8.2944,XLarge,4K,0,0,Asus
Hannspree HO325PTB,3395.0,9124.0,139086.09,31.5,1920.0,1080.0,1.7777777777777777,69.9335609549936,60.0,1200,400.0,IPS,8.0,2.0736,Large,FullHD,0,0,Hannspree
Optoma Creative Touch 5 Series 5862RK,15224.0,15224.0,338277.27999999997,86.0,3840.0,2160.0,1.7777777777777777,51.2303993042395,60.0,1200,420.0,Other,6.0,8.2944,XLarge,4K,0,0,Optoma
Philips 24B1U5301H,1153.0,1728.0,32007.91,23.8,1920.0,1080.0,1.7777777777777777,92.55912479337388,75.0,1000,300.0,IPS,4.0,2.0736,Small,FullHD,0,0,Philips
LG UltraWide 34WP500,2339.0,2339.0,51972.579999999994,34.0,2560.0,1080.0,2.3703703703703702,81.72025876146944,75.0,1000,250.0,IPS,5.0,2.7648,XLarge,FullHD,0,0,LG
Neovo NSD-4303,2026.0,2485.0,50117.21,42.5,3840.0,2160.0,1.7777777777777777,103.66621976857874,60.0,4000,500.0,VA,5.0,8.2944,XLarge,4K,0,0,Neovo
Samsung S27C360E,714.0,971.0,18720.35,27.0,1920.0,1080.0,1.7777777777777777,81.58915444749253,75.0,3000,250.0,VA,4.0,2.0736,Large,FullHD,0,0,Samsung
AOC U27V4EA,730.0,730.0,16220.599999999999,27.0,3840.0,2160.0,1.7777777777777777,163.17830889498507,60.0,1000,350.0,IPS,4.0,8.2944,Large,4K,0,0,AOC
Viewsonic XG24G1,489.0,564.0,11698.83,23.8,1920.0,1080.0,1.7777777777777777,92.55912479337388,180.0,1000,300.0,IPS,4.951367781155016,2.0736,Small,FullHD,1,0,Viewsonic
Acer Nitro XZ273UX2bmiiprx,799.0,1172.0,21897.809999999998,27.0,2560.0,1440.0,1.7777777777777777,108.78553926332337,240.0,1000,250.0,VA,4.442516268980477,3.6864,Large,QHD,1,0,Acer
Iiyama ProLite XUB2496HSU-B1,801.0,801.0,17798.219999999998,24.0,1920.0,1080.0,1.7777777777777777,91.7877987534291,75.0,1000,250.0,IPS,4.0,2.0736,Medium,FullHD,0,0,Iiyama
Philips 276E8VJSB,1050.0,1249.0,25541.89,27.0,3840.0,2160.0,1.7777777777777777,163.17830889498507,60.0,1000,350.0,IPS,5.0,8.2944,Large,4K,0,0,Philips
MSI MAG 321CQF E18,1200.0,1309.0,27874.989999999998,31.5,2560.0,1440.0,1.7777777777777777,93.24474793999147,180.0,3000,300.0,VA,4.442516268980477,3.6864,Large,QHD,1,0,MSI
Eizo FlexScan S2134,3902.0,4372.0,91924.14,21.3,1600.0,1200.0,1.3333333333333333,93.89671361502347,60.0,1800,500.0,IPS,6.0,1.92,Small,HD,0,0,Eizo
Fujitsu B22-8 TS Pro,354.0,498.0,9465.72,22.0,1920.0,1080.0,1.7777777777777777,100.13214409464992,60.0,1000,250.0,IPS,5.0,2.0736,Small,FullHD,0,0,Fujitsu
KOORUI GN02,659.0,659.0,14642.98,27.0,1920.0,1080.0,1.7777777777777777,81.58915444749253,240.0,3000,300.0,VA,6.0,2.0736,Large,FullHD,1,0,KOORUI
Acer Vero CB322QKAbmiiprx,1351.0,1571.0,32463.42,31.5,3840.0,2160.0,1.7777777777777777,139.8671219099872,60.0,1000,350.0,IPS,4.0,8.2944,Large,4K,0,0,Acer
AOC 25G42E,379.0,499.0,9754.58,24.5,1920.0,1080.0,1.7777777777777777,89.91457837070605,180.0,1000,300.0,IPS,1.0,2.0736,Medium,FullHD,1,0,AOC
Dell Pro E2725HM,468.0,598.0,11843.26,27.0,1920.0,1080.0,1.7777777777777777,81.58915444749253,100.0,1000,300.0,IPS,5.0,2.0736,Large,FullHD,0,0,Dell
Iiyama ProLite XUB2797QSU-B1,999.0,1129.0,23642.079999999998,27.0,2560.0,1440.0,1.7777777777777777,108.78553926332337,100.0,1300,250.0,IPS,4.951367781155016,3.6864,Large,QHD,0,0,Iiyama
Lenovo ThinkVision T32h-30,1624.0,2318.0,43795.619999999995,31.5,2560.0,1440.0,1.7777777777777777,93.24474793999147,60.0,1000,350.0,IPS,4.0,3.6864,Large,QHD,0,0,Lenovo
HP V22ve G5,349.0,523.0,9687.92,21.45,1920.0,1080.0,1.7777777777777777,102.69963496887172,75.0,3000,200.0,VA,5.0,2.0736,Small,FullHD,0,0,HP
LG UltraGear 45GS95QE,4398.0,6946.0,126031.84,44.5,3440.0,1440.0,2.388888888888889,83.80305273389062,240.0,1500000,275.0,OLED,1.0,4.9536,XLarge,QHD,1,0,LG
BenQ Mobiuz EX270QM,3719.0,4980.0,96645.89,27.0,2560.0,1440.0,1.7777777777777777,108.78553926332337,240.0,1000,400.0,IPS,1.0,3.6864,Large,QHD,1,0,BenQ
HP 524pn,793.0,1108.0,21120.11,24.0,1920.0,1200.0,1.6,94.33981132056603,100.0,1500,350.0,IPS,5.0,2.304,Medium,FullHD,0,0,HP
Lenovo N27q,525.0,1030.0,17276.05,27.0,2560.0,1440.0,1.7777777777777777,108.78553926332337,100.0,1000,300.0,IPS,6.0,3.6864,Large,QHD,0,0,Lenovo
Iiyama ProLite XU2293HSU-B7,406.0,494.0,9999.0,21.5,1920.0,1080.0,1.7777777777777777,102.460798608479,100.0,1000,300.0,IPS,4.951367781155016,2.0736,Small,FullHD,0,0,Iiyama
Iiyama ProLite X2792HSU-B1,742.0,851.0,17698.23,27.0,1920.0,1080.0,1.7777777777777777,81.58915444749253,120.0,1500,300.0,IPS,3.0,2.0736,Large,FullHD,1,0,Iiyama
Lenovo ThinkVision P24QD-40,1369.0,1778.0,34963.17,23.8,2560.0,1440.0,1.7777777777777777,123.41216639116517,120.0,1500,300.0,IPS,4.0,3.6864,Small,QHD,1,0,Lenovo
MSI PRO MP251P,409.0,499.0,10087.88,24.5,1920.0,1080.0,1.7777777777777777,89.91457837070605,100.0,1300,300.0,IPS,4.0,2.0736,Medium,FullHD,0,0,MSI
Acer Nitro XV270M3bmiiprx,614.0,744.0,15087.38,27.0,1920.0,1080.0,1.7777777777777777,81.58915444749253,180.0,1000,250.0,IPS,1.0,2.0736,Large,FullHD,1,0,Acer
Asus TUF Gaming VG279QM1A,655.0,1506.0,24008.71,27.0,1920.0,1080.0,1.7777777777777777,81.58915444749253,280.0,1000,300.0,IPS,1.0,2.0736,Large,FullHD,1,0,Asus
Philips 45B1U6900C,2931.0,3909.0,75992.4,44.5,5120.0,1440.0,3.5555555555555554,119.5201448168605,75.0,3000,450.0,VA,4.0,7.3728,XLarge,QHD,0,0,Philips
MSI MPG ARTYMIS 273CQR,1700.0,2729.0,49206.189999999995,27.0,2560.0,1440.0,1.7777777777777777,108.78553926332337,165.0,3000,550.0,VA,4.0,3.6864,Large,QHD,1,0,MSI
HP 524pm,1478.0,2039.0,39073.869999999995,23.8,1920.0,1080.0,1.7777777777777777,92.55912479337388,100.0,1500,350.0,IPS,5.0,2.0736,Small,FullHD,0,0,HP
NEC UN551VS,22999.0,22999.0,511037.77999999997,55.0,1920.0,1080.0,1.7777777777777777,40.05285763785997,85.0,1200,500.0,IPS,8.0,2.0736,XLarge,FullHD,0,0,NEC
Dell UltraSharp U2422HE,1100.0,1634.0,30374.739999999998,24.0,1920.0,1080.0,1.7777777777777777,91.7877987534291,60.0,1000,250.0,IPS,5.0,2.0736,Medium,FullHD,0,0,Dell
AOC CU34G4Z,1161.0,1926.0,34296.57,34.0,3440.0,1440.0,2.388888888888889,109.68340725465096,240.0,2500,450.0,VA,1.0,4.9536,XLarge,QHD,1,0,AOC
HP OMEN 27s,963.0,1478.0,27119.51,27.0,1920.0,1080.0,1.7777777777777777,81.58915444749253,240.0,1000,400.0,IPS,1.0,2.0736,Large,FullHD,1,0,HP
Asus ROG Swift PG38UQ,4456.0,4888.0,103811.84,38.0,3840.0,2160.0,1.7777777777777777,115.94248263591044,144.0,1000,600.0,IPS,1.0,8.2944,XLarge,4K,1,1,Asus
AOC Q27B35E,497.0,735.0,13687.519999999999,27.0,2560.0,1440.0,1.7777777777777777,108.78553926332337,75.0,1500,300.0,IPS,4.0,3.6864,Large,QHD,0,0,AOC
Philips 230B8QJEB,966.0,966.0,21464.52,23.0,1920.0,1200.0,1.6,98.44154224754716,60.0,1000,250.0,IPS,5.0,2.304,Small,FullHD,0,0,Philips
Acer Predator X39bmiiphuzx,3999.0,4999.0,99967.78,39.0,3440.0,1440.0,2.388888888888889,95.62143196559315,240.0,1500000,275.0,OLED,1.0,4.9536,XLarge,QHD,1,0,Acer
Iiyama G-Master G2745HSU-B1,567.0,696.0,14031.929999999998,27.0,1920.0,1080.0,1.7777777777777777,81.58915444749253,100.0,1000,250.0,IPS,4.951367781155016,2.0736,Large,FullHD,0,0,Iiyama
LG 86BH5F,18912.0,18912.0,420224.63999999996,86.0,3840.0,600.0,6.4,45.19293416009762,60.0,1100,500.0,IPS,8.0,2.304,XLarge,FullHD,0,0,LG
LG 24BA750,775.0,1217.0,22131.12,23.8,1920.0,1080.0,1.7777777777777777,92.55912479337388,100.0,1300,250.0,IPS,5.0,2.0736,Small,FullHD,0,0,LG
Acer Nitro VG240Ybmiix,749.0,749.0,16642.78,24.0,1920.0,1080.0,1.7777777777777777,91.7877987534291,75.0,1000,250.0,IPS,5.0,2.0736,Medium,FullHD,0,0,Acer
Samsung Smart Monitor M90SF 32,6169.0,7375.0,150473.84,31.5,3840.0,2160.0,1.7777777777777777,139.8671219099872,165.0,1000000,250.0,OLED,1.0,8.2944,Large,4K,1,1,Samsung
LG Smart Monitor Swing 32U889SA,4200.0,4572.0,97456.92,31.5,3840.0,2160.0,1.7777777777777777,139.8671219099872,60.0,1000,350.0,IPS,5.0,8.2944,Large,4K,0,0,LG
Asus PB278QV,1356.0,1396.0,30574.719999999998,27.0,2560.0,1440.0,1.7777777777777777,108.78553926332337,75.0,1000,300.0,IPS,5.0,3.6864,Large,QHD,0,0,Asus
AOC Q27G4ZR,949.0,1120.0,22986.59,27.0,2560.0,1440.0,1.7777777777777777,108.78553926332337,240.0,1000,400.0,IPS,1.0,3.6864,Large,QHD,1,0,AOC
AOC U27B3AF,699.0,974.0,18587.03,27.0,3840.0,2160.0,1.7777777777777777,163.17830889498507,60.0,1000,350.0,IPS,4.0,8.2944,Large,4K,0,0,AOC
Iiyama ProLite T1624MSC-B1,1555.0,1929.0,38707.24,15.6,1920.0,1080.0,1.7777777777777777,141.21199808219862,60.0,800,450.0,IPS,25.0,2.0736,Small,FullHD,0,0,Iiyama
Neovo TX-2202A,3293.0,6484.0,108622.47,21.5,1920.0,1080.0,1.7777777777777777,102.460798608479,85.40625,1000,250.0,Other,5.0,2.0736,Small,FullHD,0,0,Neovo
Samsung F24T452FQR,595.0,776.0,15231.81,24.0,1920.0,1080.0,1.7777777777777777,91.7877987534291,75.0,1000,250.0,IPS,5.0,2.0736,Medium,FullHD,0,0,Samsung
HP U28,1921.0,1921.0,42684.619999999995,28.0,3840.0,2160.0,1.7777777777777777,157.3505121487356,60.0,1000,400.0,IPS,4.0,8.2944,Large,4K,0,0,HP
AOC Q27E3UAM,687.0,897.0,17598.239999999998,27.0,2560.0,1440.0,1.7777777777777777,108.78553926332337,75.0,4000,350.0,VA,4.0,3.6864,Large,QHD,0,0,AOC
Dahua LM22-L200N,329.0,419.0,8310.279999999999,21.5,1920.0,1080.0,1.7777777777777777,102.460798608479,100.0,3000,250.0,VA,5.0,2.0736,Small,FullHD,0,0,Dahua
LG 27MP400,1269.0,1269.0,28197.18,27.0,1920.0,1080.0,1.7777777777777777,81.58915444749253,75.0,1000,250.0,IPS,5.0,2.0736,Large,FullHD,0,0,LG
Acer Nitro VG270UGbmiipx,767.0,898.0,18498.149999999998,27.0,2560.0,1440.0,1.7777777777777777,108.78553926332337,120.0,1000,250.0,IPS,4.951367781155016,3.6864,Large,QHD,1,0,Acer
MSI Optix G321Q,1469.0,2024.0,38807.229999999996,31.5,2560.0,1440.0,1.7777777777777777,93.24474793999147,170.0,1200,300.0,IPS,4.951367781155016,3.6864,Large,QHD,1,0,MSI
LG UltraGear 24GS50F,411.0,653.0,11821.039999999999,23.7,1920.0,1080.0,1.7777777777777777,92.94966962372567,180.0,3000,250.0,VA,5.0,2.0736,Small,FullHD,1,0,LG
Acer Nitro XV345CURXbmiipphx,1786.0,2500.0,47617.46,34.0,3440.0,1440.0,2.388888888888889,109.68340725465096,240.0,3000,300.0,VA,1.0,4.9536,XLarge,QHD,1,0,Acer
Asus ROG Strix OLED XG27UCDMG,3969.0,4723.0,96568.12,26.5,3840.0,2160.0,1.7777777777777777,166.25714491187156,240.0,1500000,250.0,OLED,1.0,8.2944,Medium,4K,1,1,Asus
ALOGIC Clarity 27F34KCPD,3200.0,3552.0,75014.72,27.0,3840.0,2160.0,1.7777777777777777,163.17830889498507,60.0,1000,400.0,VA,5.0,8.2944,Large,4K,0,0,ALOGIC
Hannspree HP240WJB,933.0,933.0,20731.26,23.8,1920.0,1080.0,1.7777777777777777,92.55912479337388,60.0,3000,300.0,VA,5.0,2.0736,Small,FullHD,0,0,Hannspree
Lenovo Legion Y34wz-30,2691.0,4127.0,75747.98,34.0,3440.0,1440.0,2.388888888888889,109.68340725465096,165.0,3000,720.0,VA,11.0,4.9536,XLarge,QHD,1,0,Lenovo
Viewsonic VA2215-H,290.0,697.0,10965.57,21.5,1920.0,1080.0,1.7777777777777777,102.460798608479,75.0,3000,250.0,VA,4.0,2.0736,Small,FullHD,0,0,Viewsonic
Samsung VM55C-E,6595.0,14201.0,231043.56,55.0,1920.0,1080.0,1.7777777777777777,40.05285763785997,60.0,1000,500.0,IPS,8.0,2.0736,XLarge,FullHD,0,0,Samsung
MSI G32CQ5P,849.0,849.0,18864.78,31.5,2560.0,1440.0,1.7777777777777777,93.24474793999147,170.0,3000,250.0,VA,4.442516268980477,3.6864,Large,QHD,1,0,MSI
Philips 346E2CUAE,1093.0,1559.0,29463.719999999998,34.0,3440.0,1440.0,2.388888888888889,109.68340725465096,100.0,3000,300.0,VA,4.0,4.9536,XLarge,QHD,0,0,Philips
Viewsonic VG3457CV,2949.0,2949.0,65526.78,34.0,3440.0,1440.0,2.388888888888889,109.68340725465096,100.0,3000,350.0,VA,5.0,4.9536,XLarge,QHD,0,0,Viewsonic
Asus TUF Gaming VG24VQ1B,841.0,1098.0,21542.289999999997,23.8,1920.0,1080.0,1.7777777777777777,92.55912479337388,165.0,3000,350.0,VA,4.442516268980477,2.0736,Small,FullHD,1,0,Asus
TCL 24G54,650.0,650.0,14443.0,23.8,1920.0,1080.0,1.7777777777777777,92.55912479337388,100.0,3000,450.0,VA,5.0,2.0736,Small,FullHD,0,0,TCL
Samsung QM75R,11690.0,11690.0,259751.8,75.0,3840.0,2160.0,1.7777777777777777,58.74419120219462,60.0,4000,500.0,Other,8.0,8.2944,XLarge,4K,0,0,Samsung
Asus ROG Strix XG27ACMG,1869.0,2266.0,45939.85,27.0,2560.0,1440.0,1.7777777777777777,108.78553926332337,270.0,1000,400.0,IPS,1.0,3.6864,Large,QHD,1,0,Asus
Acer B246HLymdpr,2079.0,2079.0,46195.38,24.0,1920.0,1080.0,1.7777777777777777,91.7877987534291,60.0,1000,250.0,TN,5.0,2.0736,Medium,FullHD,0,0,Acer
Sony FW-85BZ35F,25128.0,34317.0,660433.95,85.0,3840.0,2160.0,1.7777777777777777,51.83310988428937,100.0,4000,620.0,IPS,5.0,8.2944,XLarge,4K,0,0,Sony
MSI MPG 274URF QD,1924.0,3957.0,65337.909999999996,27.0,3840.0,2160.0,1.7777777777777777,163.17830889498507,160.0,1000,400.0,Other,6.63265306122449,8.2944,Large,4K,1,1,MSI
Arzopa A1 Gamut,340.0,549.0,9876.789999999999,15.6,1920.0,1080.0,1.7777777777777777,141.21199808219862,60.0,800,250.0,IPS,4.951367781155016,2.0736,Small,FullHD,0,0,Arzopa
Philips 162B9T,1225.0,1935.0,35107.6,16.0,1366.0,768.0,1.7786458333333333,97.9433031146081,60.0,500,220.0,TN,4.0,1.049088,Small,HD,0,0,Philips
Dell P2214H,377.0,377.0,8376.939999999999,22.0,1920.0,1080.0,1.7777777777777777,100.13214409464992,103.74406332453826,1000,250.0,IPS,8.0,2.0736,Small,FullHD,0,0,Dell
Samsung S27A600U,1018.0,1700.0,30196.98,27.0,2560.0,1440.0,1.7777777777777777,108.78553926332337,75.0,1000,300.0,IPS,5.0,3.6864,Large,QHD,0,0,Samsung
Acer Nitro XZ273UP2bmiiphx,900.0,999.0,21097.89,27.0,2560.0,1440.0,1.7777777777777777,108.78553926332337,180.0,3000,300.0,VA,2.0,3.6864,Large,QHD,1,0,Acer
Samsung QP85A-8K,32940.0,53481.0,960137.3099999999,85.0,7680.0,4320.0,1.7777777777777777,103.66621976857874,120.0,1500,500.0,Other,6.0,33.1776,XLarge,8K,1,1,Samsung
AOC 24B2XDM,333.0,454.0,8743.57,23.8,1920.0,1080.0,1.7777777777777777,92.55912479337388,75.0,3000,250.0,VA,4.0,2.0736,Small,FullHD,0,0,AOC
Xiaomi 2K Monitor A27Qi,520.0,646.0,12954.26,27.0,2560.0,1440.0,1.7777777777777777,108.78553926332337,100.0,1000,250.0,IPS,6.0,3.6864,Large,QHD,0,0,Xiaomi
Philips 242E2FA,521.0,521.0,11576.619999999999,24.0,1920.0,1080.0,1.7777777777777777,91.7877987534291,75.0,1000,300.0,IPS,4.0,2.0736,Medium,FullHD,0,0,Philips
Dell P2719HC,2253.0,2253.0,50061.659999999996,27.0,1920.0,1080.0,1.7777777777777777,81.58915444749253,60.0,1000,300.0,IPS,5.0,2.0736,Large,FullHD,0,0,Dell
Viewsonic TD2423,1152.0,1386.0,28197.18,24.0,1920.0,1080.0,1.7777777777777777,91.7877987534291,75.0,3000,250.0,VA,7.0,2.0736,Medium,FullHD,0,0,Viewsonic
Eizo ColorEdge CS2740,5039.0,7249.0,136519.68,27.0,3840.0,2160.0,1.7777777777777777,163.17830889498507,60.0,1000,350.0,IPS,10.0,8.2944,Large,4K,0,0,Eizo
Viewsonic VX2719-PC-MHD,549.0,805.0,15042.939999999999,27.0,1920.0,1080.0,1.7777777777777777,81.58915444749253,240.0,4000,250.0,VA,4.0,2.0736,Large,FullHD,1,0,Viewsonic
Lenovo T22i-30,389.0,952.0,14898.509999999998,21.5,1920.0,1080.0,1.7777777777777777,102.460798608479,60.0,1000,250.0,IPS,4.0,2.0736,Small,FullHD,0,0,Lenovo
Eizo FlexScan EV3285,4182.0,6474.0,118388.15999999999,32.0,3840.0,2160.0,1.7777777777777777,137.68169813014364,60.0,1300,350.0,IPS,5.0,8.2944,XLarge,4K,0,0,Eizo
NEC MultiSync MA551,9877.0,9877.0,219466.94,55.0,3840.0,2160.0,1.7777777777777777,80.10571527571994,60.0,1000,500.0,IPS,8.0,8.2944,XLarge,4K,0,0,NEC
Asus ProArt PA32QCV,6129.0,6819.0,143852.28,31.5,6016.0,3384.0,1.7777777777777777,219.12515765897993,60.0,1500,400.0,IPS,5.0,20.358144,Large,4K,0,0,Asus
NEC X464UNS,17929.0,17929.0,398382.38,46.0,1920.0,1080.0,1.7777777777777777,47.88928630613692,85.0,3500,700.0,VA,8.0,2.0736,XLarge,FullHD,0,0,NEC
Philips 24B2G5200,765.0,949.0,19042.539999999997,23.8,1920.0,1080.0,1.7777777777777777,92.55912479337388,100.0,1500,300.0,IPS,4.0,2.0736,Small,FullHD,0,0,Philips
Lenovo L24m-4A,542.0,1020.0,17353.82,23.8,1920.0,1080.0,1.7777777777777777,92.55912479337388,100.0,1500,250.0,IPS,4.0,2.0736,Small,FullHD,0,0,Lenovo
Philips 27E2N1500L,498.0,812.0,14554.099999999999,27.0,2560.0,1440.0,1.7777777777777777,108.78553926332337,75.0,1000,300.0,IPS,4.0,3.6864,Large,QHD,0,0,Philips
Samsung Odyssey Neo G85NB 32,2625.0,7507.0,112566.51999999999,32.0,3840.0,2160.0,1.7777777777777777,137.68169813014364,240.0,1000,350.0,VA,1.0,8.2944,XLarge,4K,1,1,Samsung
LG UltraGear 27GN800,1829.0,1829.0,40640.38,27.0,2560.0,1440.0,1.7777777777777777,108.78553926332337,144.0,1000,350.0,IPS,1.0,3.6864,Large,QHD,1,0,LG
Dell UltraSharp U2725QE,2759.0,3249.0,66748.87999999999,27.0,3840.0,2160.0,1.7777777777777777,163.17830889498507,120.0,3000,450.0,IPS,5.0,8.2944,Large,4K,1,1,Dell
Lenovo G27q-30,899.0,899.0,19975.78,27.0,2560.0,1440.0,1.7777777777777777,108.78553926332337,165.0,1000,350.0,VA,4.0,3.6864,Large,QHD,1,0,Lenovo
Philips BDL4260EL,1499.0,1499.0,33307.78,42.0,1920.0,1080.0,1.7777777777777777,52.450170716245196,60.0,1300,450.0,Other,12.0,2.0736,XLarge,FullHD,0,0,Philips
Dell Pro Plus P2425D,876.0,1259.0,23719.85,23.8,2560.0,1440.0,1.7777777777777777,123.41216639116517,100.0,1500,350.0,IPS,5.0,3.6864,Small,QHD,0,0,Dell
Viewsonic VX27G1-2K,629.0,1300.0,21431.19,27.0,2560.0,1440.0,1.7777777777777777,108.78553926332337,180.0,1000,300.0,IPS,4.951367781155016,3.6864,Large,QHD,1,0,Viewsonic
Acer Vero B247WE5wmiprzx,830.0,1038.0,20753.48,24.1,1920.0,1200.0,1.6,93.94835982131056,100.0,1500,300.0,IPS,4.0,2.304,Medium,FullHD,0,0,Acer
AOC AGON AG493UCX,6928.0,6928.0,153940.16,49.0,5120.0,1440.0,3.5555555555555554,108.54380498674065,120.0,3000,550.0,VA,4.0,7.3728,XLarge,QHD,1,0,AOC
Iiyama G-Master GCB3280QSU-B1,1299.0,1782.0,34229.909999999996,31.5,2560.0,1440.0,1.7777777777777777,93.24474793999147,165.0,1000,350.0,VA,4.442516268980477,3.6864,Large,QHD,1,0,Iiyama
HP 24mh,529.0,529.0,11754.38,23.8,1920.0,1080.0,1.7777777777777777,92.55912479337388,60.0,1000,250.0,IPS,5.0,2.0736,Small,FullHD,0,0,HP
Asus VP32AQ,999.0,1122.0,23564.309999999998,31.5,2560.0,1440.0,1.7777777777777777,93.24474793999147,75.0,1000,350.0,IPS,5.0,3.6864,Large,QHD,0,0,Asus
Gigabyte M32UP,1979.0,2614.0,51028.229999999996,31.5,3840.0,2160.0,1.7777777777777777,139.8671219099872,160.0,1000,350.0,IPS,4.951367781155016,8.2944,Large,4K,1,1,Gigabyte
Iiyama ProLite LH5064UHS-B1AG,3172.0,3828.0,77770.0,50.0,3840.0,2160.0,1.7777777777777777,88.11628680329193,60.0,1200,500.0,IPS,4.951367781155016,8.2944,XLarge,4K,0,0,Iiyama
Samsung QM55F,7190.0,7190.0,159761.8,55.0,3840.0,2160.0,1.7777777777777777,80.10571527571994,75.0,4700,500.0,Other,8.0,8.2944,XLarge,4K,0,0,Samsung
BenQ PD2706QN,1253.0,1798.0,33896.61,27.0,2560.0,1440.0,1.7777777777777777,108.78553926332337,100.0,1000,350.0,IPS,5.0,3.6864,Large,QHD,0,0,BenQ
Fujitsu P27-8 TS,1870.0,3005.0,54161.25,27.0,3840.0,2160.0,1.7777777777777777,163.17830889498507,60.0,1300,350.0,IPS,5.0,8.2944,Large,4K,0,0,Fujitsu
Asus VA27UCPS,1254.0,1632.0,32063.46,27.0,3840.0,2160.0,1.7777777777777777,163.17830889498507,60.0,1000,350.0,IPS,5.0,8.2944,Large,4K,0,0,Asus
Samsung S27C312E,425.0,696.0,12454.31,27.0,1920.0,1080.0,1.7777777777777777,81.58915444749253,75.0,1000,250.0,IPS,5.0,2.0736,Large,FullHD,0,0,Samsung
AOC U32P2,1400.0,1917.0,36851.869999999995,32.0,3840.0,2160.0,1.7777777777777777,137.68169813014364,60.0,3000,350.0,VA,4.0,8.2944,XLarge,4K,0,0,AOC
LG UltraFine 32UN650K,1296.0,1408.0,30041.44,31.5,3840.0,2160.0,1.7777777777777777,139.8671219099872,60.0,1000,350.0,IPS,5.0,8.2944,Large,4K,0,0,LG
Iiyama ProLite XU2793QS-B7,681.0,759.0,15998.4,27.0,2560.0,1440.0,1.7777777777777777,108.78553926332337,100.0,1300,300.0,IPS,4.951367781155016,3.6864,Large,QHD,0,0,Iiyama
HP M24fe,596.0,660.0,13954.16,23.8,1920.0,1080.0,1.7777777777777777,92.55912479337388,75.0,1000,300.0,IPS,5.0,2.0736,Small,FullHD,0,0,HP
HP 524da,559.0,662.0,13565.31,23.8,1920.0,1080.0,1.7777777777777777,92.55912479337388,100.0,1500,300.0,IPS,5.0,2.0736,Small,FullHD,0,0,HP
Philips 279M1RV,5135.0,5135.0,114099.7,27.0,3840.0,2160.0,1.7777777777777777,163.17830889498507,144.0,1000,450.0,IPS,1.0,8.2944,Large,4K,1,1,Philips
LC-Power LC-M27-FHD-165-C-V3,733.0,859.0,17687.12,27.0,1920.0,1080.0,1.7777777777777777,81.58915444749253,165.0,3000,300.0,VA,6.0,2.0736,Large,FullHD,1,0,LC-Power
MSI PRO MP251 E2,369.0,437.0,8954.66,24.5,1920.0,1080.0,1.7777777777777777,89.91457837070605,120.0,1500,300.0,IPS,4.0,2.0736,Medium,FullHD,1,0,MSI
Terra 2727W HA V2,629.0,690.0,14654.09,27.0,1920.0,1080.0,1.7777777777777777,81.58915444749253,100.0,1000,300.0,VA,5.0,2.0736,Large,FullHD,0,0,Terra
KTC H27S17,619.0,1299.0,21308.98,27.0,2560.0,1440.0,1.7777777777777777,108.78553926332337,180.0,5000,300.0,VA,4.442516268980477,3.6864,Large,QHD,1,0,KTC
Acer SA272Ebi,518.0,638.0,12843.16,27.0,1920.0,1080.0,1.7777777777777777,81.58915444749253,100.0,1000,250.0,IPS,4.0,2.0736,Large,FullHD,0,0,Acer
Viewsonic VG2708-4K,949.0,1794.0,30474.73,27.0,3840.0,2160.0,1.7777777777777777,163.17830889498507,60.0,1200,360.0,IPS,4.0,8.2944,Large,4K,0,0,Viewsonic
Philips 32M1N5800A,3428.0,3428.0,76170.15999999999,31.5,3840.0,2160.0,1.7777777777777777,139.8671219099872,144.0,1000,500.0,IPS,1.0,8.2944,Large,4K,1,1,Philips
Sharp MultiSync EA272U,2729.0,3258.0,66515.56999999999,27.0,3840.0,2160.0,1.7777777777777777,163.17830889498507,60.0,1000,400.0,IPS,5.0,8.2944,Large,4K,0,0,Sharp
Acer KA240YHbi,674.0,674.0,14976.279999999999,23.8,1920.0,1080.0,1.7777777777777777,92.55912479337388,100.0,3000,250.0,VA,4.442516268980477,2.0736,Small,FullHD,0,0,Acer
Lenovo C27-40,500.0,918.0,15753.98,27.0,1920.0,1080.0,1.7777777777777777,81.58915444749253,75.0,3000,250.0,VA,4.0,2.0736,Large,FullHD,0,0,Lenovo
AOC CU34G2XP,1084.0,1839.0,32474.53,34.0,3440.0,1440.0,2.388888888888889,109.68340725465096,180.0,4000,369.7073170731707,VA,1.0,4.9536,XLarge,QHD,1,0,AOC
AOC AGON PRO AG276QZD2,2233.0,2783.0,55727.759999999995,26.7,2560.0,1440.0,1.7777777777777777,110.00784869324836,240.0,1500000,250.0,OLED,1.0,3.6864,Medium,QHD,1,0,AOC
Samsung VM55B-U,7003.0,11271.0,203024.13999999998,55.0,1920.0,1080.0,1.7777777777777777,40.05285763785997,60.0,1200,500.0,IPS,4.951367781155016,2.0736,XLarge,FullHD,0,0,Samsung
Arzopa M1RC,699.0,827.0,16953.86,27.0,2560.0,1440.0,1.7777777777777777,108.78553926332337,180.0,1000,350.0,IPS,1.0,3.6864,Large,QHD,1,0,Arzopa
Acer Nitro XZ323QUP2bmiiphx,799.0,1030.0,20320.19,31.5,2560.0,1440.0,1.7777777777777777,93.24474793999147,180.0,3000,300.0,VA,2.0,3.6864,Large,QHD,1,0,Acer
MSI MAG 255PXF,875.0,1131.0,22286.66,24.5,1920.0,1080.0,1.7777777777777777,89.91457837070605,300.0,1000,250.0,IPS,4.951367781155016,2.0736,Medium,FullHD,1,0,MSI
Dell P2422H,720.0,1576.0,25508.559999999998,24.0,1920.0,1080.0,1.7777777777777777,91.7877987534291,60.0,1000,250.0,IPS,5.0,2.0736,Medium,FullHD,0,0,Dell
Philips 32BDL3511Q,2041.0,2041.0,45351.02,31.5,1920.0,1080.0,1.7777777777777777,69.9335609549936,60.0,4000,350.0,VA,7.0,2.0736,Large,FullHD,0,0,Philips
LC-Power LC-M32-QHD-165-C-V2,989.0,1202.0,24342.01,31.5,2560.0,1440.0,1.7777777777777777,93.24474793999147,165.0,3500,300.0,VA,4.442516268980477,3.6864,Large,QHD,1,0,LC-Power
Acer Nitro XV345CURX0bmiipphx,1299.0,1480.0,30874.69,34.0,3440.0,1440.0,2.388888888888889,109.68340725465096,200.0,3000,250.0,VA,1.0,4.9536,XLarge,QHD,1,0,Acer
Philips 172B9T,1489.0,2046.0,39273.85,17.0,1280.0,1024.0,1.25,96.42351792840054,60.0,1000,250.0,TN,1.0,1.31072,Small,HD,0,0,Philips
Iiyama ProLite XUB2490HSUH-B2,727.0,967.0,18820.34,23.8,1920.0,1080.0,1.7777777777777777,92.55912479337388,100.0,1300,250.0,IPS,4.0,2.0736,Small,FullHD,0,0,Iiyama
Dell Pro Plus P2225H,529.0,684.0,13476.429999999998,21.5,1920.0,1080.0,1.7777777777777777,102.460798608479,100.0,1500,250.0,IPS,8.0,2.0736,Small,FullHD,0,0,Dell
Philips 40B1U5600,2273.0,2808.0,56449.909999999996,39.5,3440.0,1440.0,2.388888888888889,94.41103409261095,120.0,1200,500.0,IPS,4.0,4.9536,XLarge,QHD,1,0,Philips
Iiyama ProLite TF3215MC-B2AG,3772.0,4955.0,96956.97,31.5,1920.0,1080.0,1.7777777777777777,69.9335609549936,60.0,3000,425.0,VA,8.0,2.0736,Large,FullHD,0,0,Iiyama
LG UltraGear 45GR75DC,5726.0,5726.0,127231.71999999999,44.5,5120.0,1440.0,3.5555555555555554,119.5201448168605,200.0,3000,400.0,VA,1.0,7.3728,XLarge,QHD,1,0,LG
Dell P2421,1317.0,2423.0,41551.4,24.0,1920.0,1200.0,1.6,94.33981132056603,60.0,1000,300.0,IPS,5.0,2.304,Medium,FullHD,0,0,Dell
Philips 34B1U5600CH,1774.0,4534.0,70081.87999999999,34.0,3440.0,1440.0,2.388888888888889,109.68340725465096,120.0,3000,350.0,VA,4.0,4.9536,XLarge,QHD,1,0,Philips
Samsung ME32B,2772.0,2772.0,61593.84,32.0,1920.0,1080.0,1.7777777777777777,68.84084906507182,75.0,5000,350.0,TN,8.0,2.0736,XLarge,FullHD,0,0,Samsung
Acer Predator XB253QFbmiiprx,799.0,805.0,17820.44,24.5,1920.0,1080.0,1.7777777777777777,89.91457837070605,300.0,1000,250.0,IPS,4.0,2.0736,Medium,FullHD,1,0,Acer
Philips 27E2N1100L,348.0,489.0,9299.07,27.0,1920.0,1080.0,1.7777777777777777,81.58915444749253,100.0,4000,250.0,VA,4.0,2.0736,Large,FullHD,0,0,Philips
Viewsonic VX2479-HD-PRO,399.0,1380.0,19764.69,23.8,1920.0,1080.0,1.7777777777777777,92.55912479337388,180.0,1000,250.0,IPS,4.951367781155016,2.0736,Small,FullHD,1,0,Viewsonic
Acer Nitro ED340CUS3bmiipx,999.0,1709.0,30085.879999999997,34.0,3440.0,1440.0,2.388888888888889,109.68340725465096,180.0,4000,250.0,VA,4.442516268980477,4.9536,XLarge,QHD,1,0,Acer
Samsung QE50T,2494.0,5000.0,83258.34,50.0,3840.0,2160.0,1.7777777777777777,88.11628680329193,60.0,4000,300.0,Other,8.0,8.2944,XLarge,4K,0,0,Samsung
LG 27BN55UP,909.0,1257.0,24064.26,27.0,3840.0,2160.0,1.7777777777777777,163.17830889498507,60.0,1000,300.0,IPS,5.0,8.2944,Large,4K,0,0,LG
Lenovo ThinkVision T24d-30,737.0,1115.0,20575.719999999998,24.0,1920.0,1200.0,1.6,94.33981132056603,100.0,1500,300.0,IPS,4.0,2.304,Medium,FullHD,0,0,Lenovo
Samsung QB13R-T,1970.0,3858.0,64749.079999999994,13.0,1920.0,1080.0,1.7777777777777777,169.45439769863833,60.0,600,250.0,IPS,8.0,2.0736,Small,FullHD,0,0,Samsung
Iiyama ProLite T2254MSC-B1AG,1259.0,1568.0,31407.969999999998,21.5,1920.0,1080.0,1.7777777777777777,102.460798608479,60.0,1000,250.0,IPS,4.0,2.0736,Small,FullHD,0,0,Iiyama
Asus VY249HF-W,447.0,701.0,12754.279999999999,23.8,1920.0,1080.0,1.7777777777777777,92.55912479337388,100.0,1300,250.0,IPS,4.951367781155016,2.0736,Small,FullHD,0,0,Asus
Gigabyte Aorus FO27Q5P,3863.0,4837.0,96657.0,27.0,2560.0,1440.0,1.7777777777777777,108.78553926332337,500.0,1500000,300.0,OLED,1.0,3.6864,Large,QHD,1,0,Gigabyte
Iiyama ProLite E2083HSD,671.0,671.0,14909.619999999999,20.0,1600.0,900.0,1.7777777777777777,91.78779875342909,75.0,1000,250.0,TN,5.0,1.44,Small,HD,0,0,Iiyama
Dahua LM27-F400,1016.0,1048.0,22931.039999999997,27.0,3840.0,2160.0,1.7777777777777777,163.17830889498507,60.0,1000,350.0,IPS,5.0,8.2944,Large,4K,0,0,Dahua
Philips 27M1C3200VL,687.0,814.0,16676.11,27.0,1920.0,1080.0,1.7777777777777777,81.58915444749253,165.0,3000,250.0,VA,4.0,2.0736,Large,FullHD,1,0,Philips
Asus VA24EHE,519.0,579.0,12198.779999999999,24.0,1920.0,1080.0,1.7777777777777777,91.7877987534291,75.0,1000,250.0,IPS,5.0,2.0736,Medium,FullHD,0,0,Asus
Gigabyte MO27Q2A,2199.0,2830.0,55872.189999999995,27.0,2560.0,1440.0,1.7777777777777777,108.78553926332337,280.0,1500000,250.0,OLED,1.0,3.6864,Large,QHD,1,0,Gigabyte
MSI MAG 244C,379.0,671.0,11665.5,23.6,1920.0,1080.0,1.7777777777777777,93.34352415602959,180.0,3000,250.0,VA,4.442516268980477,2.0736,Small,FullHD,1,0,MSI
Viewsonic VX2468-PC-MHD,786.0,786.0,17464.92,24.0,1920.0,1080.0,1.7777777777777777,91.7877987534291,165.0,3000,250.0,VA,4.0,2.0736,Medium,FullHD,1,0,Viewsonic
LG UltraGear 27GR95QE,3590.0,3590.0,79769.8,26.5,2560.0,1440.0,1.7777777777777777,110.83809660791438,240.0,1500000,200.0,OLED,1.0,3.6864,Medium,QHD,1,0,LG
Philips 221V8,289.0,428.0,7965.87,22.0,1920.0,1080.0,1.7777777777777777,100.13214409464992,75.0,4000,200.0,VA,4.0,2.0736,Small,FullHD,0,0,Philips
Asus ProArt PA328QV,1729.0,2244.0,44140.03,31.5,2560.0,1440.0,1.7777777777777777,93.24474793999147,75.0,1000,350.0,IPS,5.0,3.6864,Large,QHD,0,0,Asus
Philips 24E1N1100A,299.0,594.0,9921.23,23.8,1920.0,1080.0,1.7777777777777777,92.55912479337388,100.0,1300,250.0,IPS,4.0,2.0736,Small,FullHD,0,0,Philips
Lenovo L32p-30,1499.0,2058.0,39518.27,32.0,3840.0,2160.0,1.7777777777777777,137.68169813014364,60.0,1000,350.0,IPS,4.0,8.2944,XLarge,4K,0,0,Lenovo
Acer Vero RS272G0bpamix,599.0,599.0,13309.779999999999,27.0,1920.0,1080.0,1.7777777777777777,81.58915444749253,120.0,1500,250.0,IPS,4.0,2.0736,Large,FullHD,1,0,Acer
Iiyama ProLite XUB2797QSNP-B1,1070.0,1510.0,28663.8,27.0,2560.0,1440.0,1.7777777777777777,108.78553926332337,100.0,1300,300.0,IPS,4.951367781155016,3.6864,Large,QHD,0,0,Iiyama
MSI G272QPF E2,1256.0,1256.0,27908.32,27.0,2560.0,1440.0,1.7777777777777777,108.78553926332337,180.0,1200,300.0,IPS,1.0,3.6864,Large,QHD,1,0,MSI
MSI MAG 274UPDF E16M,2219.0,2398.0,51294.869999999995,27.0,3840.0,2160.0,1.7777777777777777,163.17830889498507,160.0,1000,400.0,IPS,4.951367781155016,8.2944,Large,4K,1,1,MSI
LG 65TR3DK-BM,4652.0,5889.0,117110.51,65.0,3840.0,2160.0,1.7777777777777777,67.78175907945533,60.0,1200,350.0,IPS,8.0,8.2944,XLarge,4K,0,0,LG
