name,min_price,max_price,target_price,diagonal_inches,width_px,height_px,aspect_ratio,PPI,frequency_hz,contrast_ratio,brightness_cd,matrix_type,response_time_ms,total_pixels,diagonal_category,resolution_category,is_gaming,is_premium,brand,log_target,gaming_label
Asus TUF Gaming VG279Q1R,836.0,1749.0,28719.35,27.0,1920.0,1080.0,1.7777777777777777,81.58915444749253,144.0,1000,250.0,IPS,4.0,2.0736,Large,FullHD,1,0,Asus,10.265361209717431,Gaming
Asus TUF Gaming VG27AQM5A,1370.0,1740.0,34552.1,27.0,2560.0,1440.0,1.7777777777777777,108.78553926332336,300.0,1300,300.0,IPS,1.0,3.6864,Large,QHD,1,0,Asus,10.450252550206946,Gaming
Dell Pro Plus P2425,688.0,1012.0,18887.0,24.1,1920.0,1200.0,1.6,93.94835982131056,100.0,1500,300.0,IPS,8.0,2.304,Medium,FullHD,0,0,Dell,9.846282078765348,Non-Gaming
Iiyama ProLite TW3226AS-B3P,3225.0,3225.0,71659.5,31.5,1920.0,1080.0,1.7777777777777777,69.9335609549936,60.0,4000,430.0,VA,8.0,2.0736,Large,FullHD,0,0,Iiyama,11.17969496822785,Non-Gaming
Eizo FlexScan EV2456,1728.0,2299.0,44739.97,24.0,1920.0,1200.0,1.6,94.33981132056604,60.0,1000,350.0,IPS,5.0,2.304,Medium,FullHD,0,0,Eizo,10.708644915631625,Non-Gaming
Acer Nitro XV345CURV3bmiphuzx,1442.0,1712.0,35040.939999999995,34.0,3440.0,1440.0,2.388888888888889,109.68340725465096,180.0,1000,300.0,VA,1.0,4.9536,XLarge,QHD,1,0,Acer,10.46430090881453,Gaming
Lenovo ThinkVision E24-40,530.0,687.0,13520.87,23.8,1920.0,1080.0,1.7777777777777777,92.55912479337388,100.0,1300,250.0,IPS,6.0,2.0736,Small,FullHD,0,0,Lenovo,9.512063653641977,Non-Gaming
Port Designs 902101,705.0,760.0,16276.15,15.6,1920.0,1080.0,1.7777777777777777,141.21199808219862,60.0,1000,342.715043074884,IPS,4.951367781155016,2.0736,Small,FullHD,0,0,Port Designs,9.69751756280643,Non-Gaming
Iiyama G-Master G2770QSU-B1,713.0,1878.0,28786.01,27.0,2560.0,1440.0,1.7777777777777777,108.78553926332336,165.0,1000,400.0,IPS,4.951367781155016,3.6864,Large,QHD,1,0,Iiyama,10.267679522707482,Gaming
MSI MPG 271QRX QD-OLED,2999.0,4987.0,88724.45999999999,26.5,2560.0,1440.0,1.7777777777777777,110.83809660791438,360.0,1500000,250.0,OLED,1.0,3.6864,Medium,QHD,1,0,MSI,11.393302162060287,Gaming
AOC 22P2Q,767.0,787.0,17264.94,22.0,1920.0,1080.0,1.7777777777777777,100.13214409464992,75.0,1000,250.0,IPS,4.0,2.0736,Small,FullHD,0,0,AOC,9.756491053751784,Non-Gaming
Dell Pro Plus P5525QC,4126.0,4577.0,96690.33,54.6,3840.0,2160.0,1.7777777777777777,80.69257033268492,60.0,1200,400.0,IPS,8.0,8.2944,XLarge,4K,0,0,Dell,11.479279018683435,Non-Gaming
UPERFECT UPi B7,643.0,743.0,15398.46,10.1,1920.0,1200.0,1.6,224.17380907857276,60.0,800,370.0,IPS,25.0,2.304,Small,FullHD,0,0,UPERFECT,9.642087722851866,Non-Gaming
Acer R242YEymix,407.0,562.0,10765.59,23.8,1920.0,1080.0,1.7777777777777777,92.55912479337388,100.0,1000,250.0,IPS,4.951367781155016,2.0736,Small,FullHD,0,0,Acer,9.28420309977425,Non-Gaming
Asus TUF Gaming VG28UQL1A,3449.0,3449.0,76636.78,28.0,3840.0,2160.0,1.7777777777777777,157.3505121487356,144.0,1000,300.0,IPS,1.0,8.2944,Large,4K,1,1,Asus,11.246845445628125,Gaming
Iiyama ProLite T1521MSC-B2,1403.0,1684.0,34296.57,15.0,1024.0,768.0,1.3333333333333333,85.33333333333333,75.0,800,325.0,TN,4.1020408163265305,0.786432,Small,HD,0,0,Iiyama,10.442829785163322,Non-Gaming
Samsung F24T450FZ,693.0,770.0,16253.929999999998,24.0,1920.0,1080.0,1.7777777777777777,91.7877987534291,75.0,1000,250.0,IPS,5.0,2.0736,Medium,FullHD,0,0,Samsung,9.696151526361461,Non-Gaming
Asus PA24AC,1344.0,1344.0,29863.68,24.0,1920.0,1200.0,1.6,94.33981132056604,60.0,1000,350.0,IPS,5.0,2.304,Medium,FullHD,0,0,Asus,10.304431790225358,Non-Gaming
Samsung Smart Monitor M70C 27,1877.0,2230.0,45628.77,27.0,3840.0,2160.0,1.7777777777777777,163.1783088949851,60.0,3000,300.0,VA,4.0,8.2944,Large,4K,0,0,Samsung,10.728315633365243,Non-Gaming
LG UltraGear 32G810SA,2125.0,3266.0,59894.009999999995,31.5,3840.0,2160.0,1.7777777777777777,139.8671219099872,144.0,1000,400.0,IPS,1.0,8.2944,Large,4K,1,1,LG,11.000348475124262,Gaming
Acer Nitro VG270Ebmiix,524.0,799.0,14698.53,27.0,1920.0,1080.0,1.7777777777777777,81.58915444749253,100.0,1000,250.0,IPS,4.951367781155016,2.0736,Large,FullHD,0,0,Acer,9.595570799466572,Non-Gaming
Philips 24B2N3200J,532.0,591.0,12476.53,23.8,1920.0,1080.0,1.7777777777777777,92.55912479337388,120.0,1500,300.0,IPS,4.0,2.0736,Small,FullHD,1,0,Philips,9.431684705668664,Gaming
Hannspree HT240CUA,1758.0,1771.0,39207.189999999995,23.8,1920.0,1080.0,1.7777777777777777,92.55912479337388,100.0,4000,270.0,VA,6.0,2.0736,Small,FullHD,0,0,Hannspree,10.576640932527448,Non-Gaming
Asus BE279QSK,1403.0,3149.0,50572.719999999994,27.0,1920.0,1080.0,1.7777777777777777,81.58915444749253,60.0,1000,250.0,IPS,5.0,2.0736,Large,FullHD,0,0,Asus,10.831187352768561,Non-Gaming
LG 27BA75QB,1115.0,1386.0,27786.109999999997,27.0,2560.0,1440.0,1.7777777777777777,108.78553926332336,100.0,1000,350.0,IPS,5.0,3.6864,Large,QHD,0,0,LG,10.23232752308624,Non-Gaming
Samsung Odyssey G32A 24,613.0,1263.0,20842.36,24.0,1920.0,1080.0,1.7777777777777777,91.7877987534291,165.0,3000,250.0,VA,4.0,2.0736,Medium,FullHD,1,0,Samsung,9.94479071127831,Gaming
LG UltraGear 27GP95RP,1858.0,2175.0,44806.63,27.0,3840.0,2160.0,1.7777777777777777,163.1783088949851,144.0,1000,400.0,IPS,1.0,8.2944,Large,4K,1,1,LG,10.710133716401549,Gaming
LG 27MP77HM,1123.0,1123.0,24953.06,27.0,1920.0,1080.0,1.7777777777777777,81.58915444749253,75.0,1000,250.0,IPS,5.0,2.0736,Large,FullHD,0,0,LG,10.124791813392216,Non-Gaming
HP M24fw,486.0,486.0,10798.92,23.8,1920.0,1080.0,1.7777777777777777,92.55912479337388,75.0,1000,300.0,IPS,5.0,2.0736,Small,FullHD,0,0,HP,9.287294005677468,Non-Gaming
HP 524pu,915.0,1589.0,27819.44,23.8,1920.0,1080.0,1.7777777777777777,92.55912479337388,100.0,1500,350.0,IPS,5.0,2.0736,Small,FullHD,0,0,HP,10.233526281312104,Non-Gaming
AOC Q27G42XE,599.0,950.0,17209.39,27.0,2560.0,1440.0,1.7777777777777777,108.78553926332336,180.0,1000,300.0,IPS,1.0,3.6864,Large,QHD,1,0,AOC,9.753268550192287,Gaming
Samsung QM32C,1652.0,2399.0,45006.61,32.0,1920.0,1080.0,1.7777777777777777,68.84084906507182,60.0,1200,400.0,IPS,8.0,2.0736,XLarge,FullHD,0,0,Samsung,10.714586865565895,Non-Gaming
Viewsonic VG3456C,2299.0,3013.0,59016.32,34.0,3440.0,1440.0,2.388888888888889,109.68340725465096,100.0,3000,400.0,VA,5.0,4.9536,XLarge,QHD,0,0,Viewsonic,10.985586239129784,Non-Gaming
Gigabyte M32U,3100.0,3786.0,76503.45999999999,32.0,3840.0,2160.0,1.7777777777777777,137.68169813014364,144.0,1000,350.0,IPS,4.0,8.2944,XLarge,4K,1,1,Gigabyte,11.245104318768805,Gaming
Acer Nitro ED340CURX0bmiipx,1199.0,1259.0,27308.379999999997,34.0,3440.0,1440.0,2.388888888888889,109.68340725465096,200.0,1000,250.0,VA,4.442516268980477,4.9536,XLarge,QHD,1,0,Acer,10.214985511903201,Gaming
Xiaomi Gaming Monitor G27i 2026,495.0,766.0,14009.71,27.0,1920.0,1080.0,1.7777777777777777,81.58915444749253,200.0,1000,400.0,IPS,1.0,2.0736,Large,FullHD,1,0,Xiaomi,9.547577316134042,Gaming
Asus TUF Gaming VG24VQ,1592.0,1592.0,35374.24,24.0,1920.0,1080.0,1.7777777777777777,91.7877987534291,144.0,3000,369.7073170731707,VA,5.0,2.0736,Medium,FullHD,1,0,Asus,10.473767419374822,Gaming
Iiyama G-Master GB2470HSU-W6,634.0,747.0,15342.91,23.8,1920.0,1080.0,1.7777777777777777,92.55912479337388,180.0,1000,300.0,IPS,4.951367781155016,2.0736,Small,FullHD,1,0,Iiyama,9.638473931621137,Gaming
Corsair XENEON 315QHD165,1727.0,2523.0,47217.5,31.5,2560.0,1440.0,1.7777777777777777,93.24474793999148,165.0,1200,300.0,IPS,8.0,3.6864,Large,QHD,1,0,Corsair,10.762541043934185,Gaming
Asus TUF Gaming VG34VQL3A,1329.0,2449.0,41973.579999999994,34.0,3440.0,1440.0,2.388888888888889,109.68340725465096,180.0,4000,400.0,VA,1.0,4.9536,XLarge,QHD,1,0,Asus,10.644819475939755,Gaming
HP P174,2199.0,2199.0,48861.78,17.0,1280.0,1024.0,1.25,96.42351792840054,60.0,1000,250.0,TN,5.0,1.31072,Small,HD,0,0,HP,10.796771240450614,Non-Gaming
Samsung S24C310E,449.0,577.0,11398.86,24.0,1920.0,1080.0,1.7777777777777777,91.7877987534291,75.0,1000,250.0,IPS,5.0,2.0736,Medium,FullHD,0,0,Samsung,9.341356353605423,Non-Gaming
Acer Nitro XZ271UP3bmiiphx,639.0,640.0,14209.69,27.0,2560.0,1440.0,1.7777777777777777,108.78553926332336,180.0,3000,300.0,VA,4.442516268980477,3.6864,Large,QHD,1,0,Acer,9.561749777266252,Gaming
Samsung S27A400UJ,895.0,895.0,19886.9,27.0,1920.0,1080.0,1.7777777777777777,81.58915444749253,75.0,1000,250.0,IPS,5.0,2.0736,Large,FullHD,0,0,Samsung,9.897866785580169,Non-Gaming
Asus TUF Gaming VG249QL3A,490.0,995.0,16498.35,23.8,1920.0,1080.0,1.7777777777777777,92.55912479337388,180.0,1000,350.0,IPS,1.0,2.0736,Small,FullHD,1,0,Asus,9.711076265173316,Gaming
Philips 16B1P3302,1205.0,1375.0,28663.8,16.0,1920.0,1080.0,1.7777777777777777,137.68169813014364,75.0,700,250.0,IPS,4.0,2.0736,Small,FullHD,0,0,Philips,10.263425168168308,Non-Gaming
MSI G242L E14,460.0,460.0,10221.2,23.8,1920.0,1080.0,1.7777777777777777,92.55912479337388,144.0,1500,300.0,IPS,4.951367781155016,2.0736,Small,FullHD,1,0,MSI,9.232317104779552,Gaming
Fujitsu B2711 TS QHD,858.0,1032.0,20997.9,27.0,2560.0,1440.0,1.7777777777777777,108.78553926332336,60.0,1000,350.0,IPS,5.0,3.6864,Large,QHD,0,0,Fujitsu,9.952225334381248,Non-Gaming
LG UltraGear 32GS95UX,3969.0,4381.0,92768.5,31.5,3840.0,2160.0,1.7777777777777777,139.8671219099872,240.0,1500000,275.0,OLED,1.0,8.2944,Large,4K,1,1,LG,11.437873200959407,Gaming
MSI MAG 272UP QD-OLED X24,4102.0,4678.0,97545.8,26.5,3840.0,2160.0,1.7777777777777777,166.25714491187156,240.0,1500000,250.0,OLED,1.0,8.2944,Medium,4K,1,1,MSI,11.48808754182279,Gaming
Eizo ColorEdge CS2400S,2849.0,4199.0,78303.28,24.1,1920.0,1200.0,1.6,93.94835982131056,60.0,1300,120.0,IPS,19.0,2.304,Medium,FullHD,0,0,Eizo,11.268357542043116,Non-Gaming
Viewsonic VX2718-PC-MHDJ,1334.0,1384.0,30196.98,27.0,1920.0,1080.0,1.7777777777777777,81.58915444749253,165.0,4000,250.0,VA,4.442516268980477,2.0736,Large,FullHD,1,0,Viewsonic,10.31553031370868,Gaming
BenQ PD2700U,3453.0,3453.0,76725.65999999999,27.0,3840.0,2160.0,1.7777777777777777,163.1783088949851,60.0,1300,350.0,IPS,5.0,8.2944,Large,4K,0,0,BenQ,11.248004514965846,Non-Gaming
Viewsonic TD1655,1199.0,1331.0,28108.3,15.6,1920.0,1080.0,1.7777777777777777,141.21199808219862,60.0,800,250.0,IPS,7.0,2.0736,Small,FullHD,0,0,Viewsonic,10.243855761420468,Non-Gaming
HP P24h G4,1158.0,1176.0,25930.74,24.0,1920.0,1080.0,1.7777777777777777,91.7877987534291,60.0,1000,250.0,IPS,5.0,2.0736,Medium,FullHD,0,0,HP,10.163222980022196,Non-Gaming
Asus ROG Strix XG259CMS,1499.0,1705.0,35596.439999999995,24.5,1920.0,1080.0,1.7777777777777777,89.91457837070605,310.0,1000,400.0,IPS,1.0,2.0736,Medium,FullHD,1,0,Asus,10.480029004142105,Gaming
Philips 34B2U6603CH,2371.0,2693.0,56261.03999999999,34.0,3440.0,1440.0,2.388888888888889,109.68340725465096,120.0,4000,450.0,VA,4.0,4.9536,XLarge,QHD,1,0,Philips,10.937775341606867,Gaming
Cooler Master GA27FC,878.0,878.0,19509.16,27.0,1920.0,1080.0,1.7777777777777777,81.58915444749253,120.0,1500,250.0,IPS,4.0,2.0736,Large,FullHD,1,0,Cooler Master,9.878690634506134,Gaming
LG UltraGear 24GQ50F,1003.0,1003.0,22286.66,23.8,1920.0,1080.0,1.7777777777777777,92.55912479337388,144.0,3000,250.0,VA,5.0,2.0736,Small,FullHD,1,0,LG,10.011788441057574,Gaming
HP OMEN 27 G2,759.0,943.0,18909.22,27.0,1920.0,1080.0,1.7777777777777777,81.58915444749253,180.0,1000,400.0,IPS,1.0,2.0736,Large,FullHD,1,0,HP,9.847457795640883,Gaming
Philips 275V8LA,629.0,855.0,16487.239999999998,27.0,2560.0,1440.0,1.7777777777777777,108.78553926332336,75.0,4000,250.0,VA,4.0,3.6864,Large,QHD,0,0,Philips,9.710402678505114,Non-Gaming
TCL 27R83U,2994.0,3530.0,72481.64,27.0,3840.0,2160.0,1.7777777777777777,163.1783088949851,160.0,4000,495.1752577319588,Other,1.0,8.2944,Large,4K,1,1,TCL,11.191102363894588,Gaming
AOC AGON AG493UCX2,3818.0,4883.0,96668.11,49.0,5120.0,1440.0,3.5555555555555554,108.54380498674064,165.0,3000,369.7073170731707,VA,4.442516268980477,7.3728,XLarge,QHD,1,0,AOC,11.479049188837188,Gaming
Eizo FlexScan EV2360,1239.0,1440.0,29763.69,23.0,1920.0,1200.0,1.6,98.44154224754716,60.0,1000,250.0,IPS,5.0,2.304,Small,FullHD,0,0,Eizo,10.301078070616406,Non-Gaming
Acer Vero B247Wbmiprzx,1027.0,1027.0,22819.94,24.0,1920.0,1200.0,1.6,94.33981132056604,60.0,1000,300.0,IPS,4.0,2.304,Medium,FullHD,0,0,Acer,10.0354338145046,Non-Gaming
Lenovo M14d,1116.0,1180.0,25508.56,14.0,2240.0,1400.0,1.6,188.67962264113208,60.0,1500,300.0,IPS,6.0,3.136,Small,FullHD,0,0,Lenovo,10.146808562849122,Non-Gaming
Dell UltraSharp U2724DE,1799.0,2571.0,48550.7,27.0,2560.0,1440.0,1.7777777777777777,108.78553926332336,120.0,2000,350.0,IPS,8.0,3.6864,Large,QHD,1,0,Dell,10.790384488554436,Gaming
Viewsonic VX2758A-2K-PRO-3,899.0,1366.0,25164.15,27.0,2560.0,1440.0,1.7777777777777777,108.78553926332336,240.0,1000,300.0,IPS,4.951367781155016,3.6864,Large,QHD,1,0,Viewsonic,10.133215379852341,Gaming
Iiyama ProLite XU2793HSU-B4,1934.0,2584.0,50194.98,27.0,1920.0,1080.0,1.7777777777777777,81.58915444749253,75.0,1000,300.0,IPS,4.0,2.0736,Large,FullHD,0,0,Iiyama,10.823690222791997,Non-Gaming
Gigabyte GS27F,589.0,725.0,14598.54,27.0,1920.0,1080.0,1.7777777777777777,81.58915444749253,170.0,1000,300.0,IPS,4.951367781155016,2.0736,Large,FullHD,1,0,Gigabyte,9.588745300350762,Gaming
Dell P2723QE,1543.0,2625.0,46306.48,26.96,3840.0,2160.0,1.7777777777777777,163.42041321085298,60.0,1000,350.0,IPS,5.0,8.2944,Medium,4K,0,0,Dell,10.743058782101304,Non-Gaming
Asus VP227HE,443.0,624.0,11854.37,21.45,1920.0,1080.0,1.7777777777777777,102.69963496887172,75.0,3000,250.0,VA,5.0,2.0736,Small,FullHD,0,0,Asus,9.380536208472192,Non-Gaming
Viewsonic TD2455,2529.0,2529.0,56194.38,24.0,1920.0,1080.0,1.7777777777777777,91.7877987534291,60.0,1000,250.0,IPS,6.0,2.0736,Medium,FullHD,0,0,Viewsonic,10.936589826096956,Non-Gaming
AOC 27P2Q,653.0,964.0,17964.87,27.0,1920.0,1080.0,1.7777777777777777,81.58915444749253,75.0,1000,250.0,IPS,4.0,2.0736,Large,FullHD,0,0,AOC,9.796229125872959,Non-Gaming
Asus VZ27EHF,463.0,589.0,11687.72,27.0,1920.0,1080.0,1.7777777777777777,81.58915444749253,100.0,1300,250.0,IPS,4.951367781155016,2.0736,Large,FullHD,0,0,Asus,9.366379553175943,Non-Gaming
ASRock Phantom Gaming PG27FFT1B,533.0,746.0,14209.69,27.0,1920.0,1080.0,1.7777777777777777,81.58915444749253,180.0,1000,450.0,IPS,4.951367781155016,2.0736,Large,FullHD,1,0,ASRock,9.561749777266252,Gaming
MSI PRO MP242,834.0,834.0,18531.48,24.0,1920.0,1080.0,1.7777777777777777,91.7877987534291,75.0,1000,250.0,IPS,5.0,2.0736,Medium,FullHD,0,0,MSI,9.827280147345077,Non-Gaming
LC-Power LC-M27-FHD-144,818.0,871.0,18764.789999999997,27.0,1920.0,1080.0,1.7777777777777777,81.58915444749253,144.0,1000,300.0,IPS,4.951367781155016,2.0736,Large,FullHD,1,0,LC-Power,9.839790810336567,Gaming
Terra 3295W PV,1859.0,1878.0,41518.07,31.5,3840.0,2160.0,1.7777777777777777,139.8671219099872,60.0,1000,350.0,IPS,5.0,8.2944,Large,4K,0,0,Terra,10.633908118744982,Non-Gaming
HP OMEN 27u,2657.0,2657.0,59038.53999999999,27.0,3840.0,2160.0,1.7777777777777777,163.1783088949851,144.0,1000,450.0,IPS,1.0,8.2944,Large,4K,1,1,HP,10.985962667916088,Gaming
Viewsonic VP16-OLED,2012.0,2417.0,49206.189999999995,15.6,1920.0,1080.0,1.7777777777777777,141.21199808219862,60.0,1000,400.0,OLED,1.0,2.0736,Small,FullHD,0,0,Viewsonic,10.803795030014633,Non-Gaming
Acer Nitro XV240YPbmiiprx,579.0,579.0,12865.38,24.0,1920.0,1080.0,1.7777777777777777,91.7877987534291,144.0,1000,250.0,IPS,2.0,2.0736,Medium,FullHD,1,0,Acer,9.462372986743867,Gaming
Philips Evnia 25M2N3200W,521.0,925.0,16065.06,24.5,1920.0,1080.0,1.7777777777777777,89.91457837070605,240.0,3000,300.0,VA,1.0,2.0736,Medium,FullHD,1,0,Philips,9.68446425132158,Gaming
Acer EK321QHbi,749.0,830.0,17542.69,31.5,1920.0,1080.0,1.7777777777777777,69.9335609549936,100.0,3000,250.0,VA,5.0,2.0736,Large,FullHD,0,0,Acer,9.77244962008297,Non-Gaming
Samsung Odyssey G51F 32,1079.0,1645.0,30263.64,31.5,2560.0,1440.0,1.7777777777777777,93.24474793999148,180.0,3000,300.0,VA,4.442516268980477,3.6864,Large,QHD,1,0,Samsung,10.317735313326908,Gaming
Philips 27E1N1800A,722.0,991.0,19031.43,27.0,3840.0,2160.0,1.7777777777777777,163.1783088949851,60.0,1000,350.0,IPS,4.0,8.2944,Large,4K,0,0,Philips,9.853899645254256,Non-Gaming
Acer Nitro ED240QS3bmiipx,379.0,597.0,10843.36,23.6,1920.0,1080.0,1.7777777777777777,93.3435241560296,180.0,3000,250.0,VA,4.442516268980477,2.0736,Small,FullHD,1,0,Acer,9.2914004081494,Gaming
Acer KA242YE0bi,433.0,565.0,11087.78,23.8,1920.0,1080.0,1.7777777777777777,92.55912479337388,100.0,1000,250.0,IPS,4.951367781155016,2.0736,Small,FullHD,0,0,Acer,9.313689065275845,Non-Gaming
Philips 32E1N3100LA,738.0,998.0,19286.96,31.5,1920.0,1080.0,1.7777777777777777,69.9335609549936,75.0,3000,300.0,VA,4.0,2.0736,Large,FullHD,0,0,Philips,9.86723634603057,Non-Gaming
Asus VG258QR,1417.0,1417.0,31485.74,25.0,1920.0,1080.0,1.7777777777777777,88.11628680329193,165.0,1000,400.0,TN,1.0,2.0736,Medium,FullHD,1,0,Asus,10.357321783807446,Gaming
Acer Nitro VG240YGbmipx,453.0,453.0,10065.66,23.8,1920.0,1080.0,1.7777777777777777,92.55912479337388,120.0,1000,250.0,IPS,4.951367781155016,2.0736,Small,FullHD,1,0,Acer,9.216984252442977,Gaming
AOC AGON PRO AG346UCD,2743.0,3089.0,64793.52,34.0,3440.0,1440.0,2.388888888888889,109.68340725465096,175.0,1500000,250.0,OLED,1.0,4.9536,XLarge,QHD,1,0,AOC,11.078976310863064,Gaming
BenQ RD280U,2410.0,3014.0,60260.64,28.2,3840.0,2560.0,1.5,163.65622810616688,60.0,1200,350.0,IPS,5.0,9.8304,Large,4K,0,0,BenQ,11.006451027713894,Non-Gaming
Iiyama ProLite XUB2490HSUH-B1,878.0,1076.0,21708.94,23.8,1920.0,1080.0,1.7777777777777777,92.55912479337388,100.0,1300,250.0,IPS,4.0,2.0736,Small,FullHD,0,0,Iiyama,9.985525499165156,Non-Gaming
LC-Power LC-M34-UWQHD-165-C,1305.0,1396.0,30008.109999999997,34.0,3440.0,1440.0,2.388888888888889,109.68340725465096,165.0,3000,350.0,VA,4.442516268980477,4.9536,XLarge,QHD,1,0,LC-Power,10.30925628121357,Gaming
Asus ROG Strix XG27UCS,1599.0,2174.0,41918.03,27.0,3840.0,2160.0,1.7777777777777777,163.1783088949851,160.0,1000,400.0,IPS,1.0,8.2944,Large,4K,1,1,Asus,10.643495179414229,Gaming
Iiyama ProLite T2754MSC-B1AG,1979.0,2165.0,46039.84,27.0,1920.0,1080.0,1.7777777777777777,81.58915444749253,60.0,1000,300.0,IPS,4.0,2.0736,Large,FullHD,0,0,Iiyama,10.737284107673725,Non-Gaming
MSI MAG 273QP QD-OLED X24,2299.0,2306.0,51161.55,26.5,2560.0,1440.0,1.7777777777777777,110.83809660791438,240.0,1500000,250.0,OLED,1.0,3.6864,Medium,QHD,1,0,MSI,10.84276309807846,Gaming
Iiyama ProLite T2752MSC-B1AG,1841.0,2290.0,45895.41,27.0,1920.0,1080.0,1.7777777777777777,81.58915444749253,60.0,1000,344.0,IPS,5.0,2.0736,Large,FullHD,0,0,Iiyama,10.734142179482175,Non-Gaming
Samsung QB24C-T,2668.0,4383.0,78336.61,23.8,1920.0,1080.0,1.7777777777777777,92.55912479337388,75.0,1000,250.0,IPS,14.0,2.0736,Small,FullHD,0,0,Samsung,11.268783098712573,Non-Gaming
AOC 24P3CW,817.0,1379.0,24397.56,23.8,1920.0,1080.0,1.7777777777777777,92.55912479337388,75.0,1000,300.0,IPS,4.0,2.0736,Small,FullHD,0,0,AOC,10.102279393146315,Non-Gaming
Viewsonic XG272-2K-OLED,2299.0,4894.0,79914.23,26.5,2560.0,1440.0,1.7777777777777777,110.83809660791438,240.0,150000,450.0,OLED,1.0,3.6864,Medium,QHD,1,0,Viewsonic,11.288721726856549,Gaming
LG UltraGear 32GS95UV,3383.0,4464.0,87180.17,31.5,3840.0,2160.0,1.7777777777777777,139.8671219099872,240.0,1500000,275.0,OLED,1.0,8.2944,Large,4K,1,1,LG,11.375743646211621,Gaming
Samsung MD40C,2599.0,2599.0,57749.78,40.0,1920.0,1080.0,1.7777777777777777,55.072679252057455,75.0,5000,350.0,VA,8.0,2.0736,XLarge,FullHD,0,0,Samsung,10.963892134786335,Non-Gaming
Philips 349X7FJEW,791.0,791.0,17576.02,34.0,3440.0,1440.0,2.388888888888889,109.68340725465096,60.0,3000,300.0,VA,4.0,4.9536,XLarge,QHD,0,0,Philips,9.774347646062852,Non-Gaming
Iiyama ProLite TF3215MC-B2,3696.0,4254.0,88324.5,31.5,1920.0,1080.0,1.7777777777777777,69.9335609549936,60.0,3000,460.0,VA,8.0,2.0736,Large,FullHD,0,0,Iiyama,11.38878413312273,Non-Gaming
AOC 24G2SPAE,659.0,797.0,16176.16,23.8,1920.0,1080.0,1.7777777777777777,92.55912479337388,165.0,1000,300.0,IPS,4.0,2.0736,Small,FullHD,1,0,AOC,9.691355649866182,Gaming
AOC 27G2,1146.0,1146.0,25464.12,27.0,1920.0,1080.0,1.7777777777777777,81.58915444749253,144.0,1000,250.0,IPS,4.0,2.0736,Large,FullHD,1,0,AOC,10.145064951657886,Gaming
Iiyama ProLite XUB2793QSU-B7,704.0,1093.0,19964.67,27.0,2560.0,1440.0,1.7777777777777777,108.78553926332336,100.0,1300,300.0,IPS,4.951367781155016,3.6864,Large,QHD,0,0,Iiyama,9.901769577662014,Non-Gaming
Iiyama ProLite B1980SD,570.0,570.0,12665.4,19.0,1280.0,1024.0,1.25,86.27367393593732,75.0,1000,250.0,TN,5.0,1.31072,Small,HD,0,0,Iiyama,9.446708097187225,Non-Gaming
Lenovo Legion Y27h-30,884.0,999.0,20920.129999999997,27.0,2560.0,1440.0,1.7777777777777777,108.78553926332336,180.0,1000,400.0,IPS,1.0,3.6864,Large,QHD,1,0,Lenovo,9.948514932016453,Gaming
Dell Alienware AW2525HM,899.0,1358.0,25075.27,24.5,1920.0,1080.0,1.7777777777777777,89.91457837070605,320.0,1000,400.0,IPS,4.951367781155016,2.0736,Medium,FullHD,1,0,Dell,10.1296772596034,Gaming
HP 724pu,1118.0,1878.0,33285.56,24.0,1920.0,1200.0,1.6,94.33981132056604,100.0,1500,350.0,IPS,5.0,2.304,Medium,FullHD,0,0,HP,10.412908990895076,Non-Gaming
Acer SA322QHbi,650.0,780.0,15887.3,31.5,1920.0,1080.0,1.7777777777777777,69.9335609549936,100.0,3000,300.0,VA,4.442516268980477,2.0736,Large,FullHD,0,0,Acer,9.673338268281915,Non-Gaming
Acer Vero RL272Eyiiv,684.0,806.0,16553.899999999998,27.0,1920.0,1080.0,1.7777777777777777,81.58915444749253,100.0,1000,250.0,IPS,4.951367781155016,2.0736,Large,FullHD,0,0,Acer,9.714437409491946,Non-Gaming
Sony INZONE M9 II,3531.0,4789.0,92435.2,26.7,3840.0,2160.0,1.7777777777777777,165.01177303987254,160.0,1000,400.0,IPS,1.0,8.2944,Medium,4K,1,1,Sony,11.434273955797806,Gaming
Dell Pro Plus P2425HE,650.0,1394.0,22708.84,23.8,1920.0,1080.0,1.7777777777777777,92.55912479337388,100.0,1500,250.0,IPS,8.0,2.0736,Small,FullHD,0,0,Dell,10.030553589720316,Non-Gaming
Samsung Odyssey OLED G85SD 34,3199.0,5579.0,97523.58,34.0,3440.0,1440.0,2.388888888888889,109.68340725465096,175.0,1000000,250.0,OLED,1.0,4.9536,XLarge,QHD,1,0,Samsung,11.48785972777753,Gaming
Viewsonic VX2476-SMHD,387.0,662.0,11654.39,24.0,1920.0,1080.0,1.7777777777777777,91.7877987534291,60.0,1000,250.0,IPS,4.0,2.0736,Medium,FullHD,0,0,Viewsonic,9.363524012943477,Non-Gaming
Asus ProArt PA279CV,1567.0,1933.0,38885.0,27.0,3840.0,2160.0,1.7777777777777777,163.1783088949851,60.0,1000,350.0,IPS,5.0,8.2944,Large,4K,0,0,Asus,10.568389567655771,Non-Gaming
UPERFECT UGame C2 Ver A,997.0,997.0,22153.34,16.0,2560.0,1600.0,1.6,188.67962264113208,120.0,1200,400.0,IPS,9.0,4.096,Small,QHD,1,0,UPERFECT,10.005788693074757,Gaming
Samsung S27B610E,1022.0,1022.0,22708.84,27.0,2560.0,1440.0,1.7777777777777777,108.78553926332336,75.0,1000,300.0,IPS,5.0,3.6864,Large,QHD,0,0,Samsung,10.030553589720316,Non-Gaming
Acer Nitro XZ342CUV3bmiiphx,1349.0,1349.0,29974.78,34.0,3440.0,1440.0,2.388888888888889,109.68340725465096,180.0,4000,400.0,VA,4.442516268980477,4.9536,XLarge,QHD,1,0,Acer,10.308145001241893,Gaming
Asus VA24ECPSN,799.0,859.0,18420.379999999997,23.8,1920.0,1080.0,1.7777777777777777,92.55912479337388,75.0,1000,300.0,IPS,5.0,2.0736,Small,FullHD,0,0,Asus,9.821267225569818,Non-Gaming
AOC 25G4SRE,699.0,839.0,17087.18,24.5,1920.0,1080.0,1.7777777777777777,89.91457837070605,300.0,1000,400.0,IPS,1.0,2.0736,Medium,FullHD,1,0,AOC,9.746142275412307,Gaming
Viewsonic VG2440V,1000.0,1122.0,23575.42,24.0,1920.0,1080.0,1.7777777777777777,91.7877987534291,60.0,1000,250.0,IPS,5.0,2.0736,Medium,FullHD,0,0,Viewsonic,10.068002338985691,Non-Gaming
MSI PRO MP252 E2,407.0,445.0,9465.72,24.5,1920.0,1080.0,1.7777777777777777,89.91457837070605,120.0,1500,300.0,IPS,4.0,2.0736,Medium,FullHD,1,0,MSI,9.155537769268134,Gaming
Iiyama G-Master G2470HSU-B1,601.0,899.0,16665.0,24.0,1920.0,1080.0,1.7777777777777777,91.7877987534291,165.0,1100,250.0,IPS,4.0,2.0736,Medium,FullHD,1,0,Iiyama,9.721125994942152,Gaming
Acer Predator XB273KV5bmiiprx,1699.0,1754.0,38362.829999999994,27.0,3840.0,2160.0,1.7777777777777777,163.1783088949851,160.0,1000,400.0,IPS,4.951367781155016,8.2944,Large,4K,1,1,Acer,10.554870367600405,Gaming
MSI G24C4 E2,430.0,625.0,11721.05,23.6,1920.0,1080.0,1.7777777777777777,93.3435241560296,180.0,3000,250.0,VA,4.442516268980477,2.0736,Small,FullHD,1,0,MSI,9.369226962510982,Gaming
Philips 27E2N2500,544.0,691.0,13720.85,27.0,2560.0,1440.0,1.7777777777777777,108.78553926332336,120.0,1500,300.0,IPS,4.0,3.6864,Large,QHD,1,0,Philips,9.526744731839974,Gaming
Ricoh Portable Monitor 150,1568.0,2094.0,40684.82,15.6,1920.0,1080.0,1.7777777777777777,141.21199808219862,60.0,100000,300.0,OLED,1.0,2.0736,Small,FullHD,0,0,Ricoh,10.613634907775875,Non-Gaming
AOC 24B3CA2,379.0,667.0,11621.06,23.8,1920.0,1080.0,1.7777777777777777,92.55912479337388,100.0,1300,250.0,IPS,4.0,2.0736,Small,FullHD,0,0,AOC,9.360660295244337,Non-Gaming
Acer Nitro ED320QRS3biipx,799.0,899.0,18864.78,31.5,1920.0,1080.0,1.7777777777777777,69.9335609549936,180.0,3000,250.0,VA,4.442516268980477,2.0736,Large,FullHD,1,0,Acer,9.845104977952365,Gaming
LG 27UK670P,1261.0,1375.0,29285.96,27.0,3840.0,2160.0,1.7777777777777777,163.1783088949851,60.0,1000,300.0,IPS,5.0,8.2944,Large,4K,0,0,LG,10.284897644745943,Non-Gaming
Kruger&Matz KM9901-MT27,439.0,439.0,9754.58,27.0,1920.0,1080.0,1.7777777777777777,81.58915444749253,100.0,1000,230.0,IPS,4.0,2.0736,Large,FullHD,0,0,Kruger&Matz,9.18559470797861,Non-Gaming
AOC CQ32G4VE,782.0,988.0,19664.7,31.5,2560.0,1440.0,1.7777777777777777,93.24474793999148,180.0,3500,300.0,VA,1.0,3.6864,Large,QHD,1,0,AOC,9.886631280469349,Gaming
MSI Modern MD272XPW,799.0,799.0,17753.78,27.0,1920.0,1080.0,1.7777777777777777,81.58915444749253,100.0,1000,342.715043074884,IPS,4.0,2.0736,Large,FullHD,0,0,MSI,9.784410054424612,Non-Gaming
Philips 45B1U6900CH,3206.0,4526.0,85902.51999999999,44.5,5120.0,1440.0,3.5555555555555554,119.5201448168605,75.0,3000,450.0,VA,4.0,7.3728,XLarge,QHD,0,0,Philips,11.360980085014033,Non-Gaming
HP V24v G5,328.0,543.0,9676.81,23.8,1920.0,1080.0,1.7777777777777777,92.55912479337388,75.0,3000,250.0,VA,5.0,2.0736,Small,FullHD,0,0,HP,9.177590915005146,Non-Gaming
Dell Pro Plus P2424HEB,1393.0,3002.0,48828.45,23.8,1920.0,1080.0,1.7777777777777777,92.55912479337388,60.0,1000,250.0,IPS,5.0,2.0736,Small,FullHD,0,0,Dell,10.796088893424793,Non-Gaming
HP OMEN 34c,1399.0,2076.0,38607.25,34.0,3440.0,1440.0,2.388888888888889,109.68340725465096,165.0,3000,400.0,VA,1.0,4.9536,XLarge,QHD,1,0,HP,10.561221263185747,Gaming
Asus ProArt PA248QV,819.0,950.0,19653.59,24.0,1920.0,1200.0,1.6,94.33981132056604,75.0,1000,300.0,IPS,5.0,2.304,Medium,FullHD,0,0,Asus,9.886066177806288,Non-Gaming
Asus ROG Strix XG259CS,661.0,881.0,17131.62,24.5,1920.0,1080.0,1.7777777777777777,89.91457837070605,180.0,1000,400.0,IPS,1.0,2.0736,Medium,FullHD,1,0,Asus,9.748739527667173,Gaming
AOC 27B2DM,449.0,596.0,11609.95,27.0,1920.0,1080.0,1.7777777777777777,81.58915444749253,75.0,4000,250.0,VA,4.0,2.0736,Large,FullHD,0,0,AOC,9.35970389735643,Non-Gaming
AOC Q24G2A,838.0,1061.0,21097.89,23.8,2560.0,1440.0,1.7777777777777777,123.41216639116516,165.0,1000,350.0,IPS,4.0,3.6864,Small,QHD,1,0,AOC,9.95697571144531,Gaming
Iiyama ProLite LH3260HS-B1AG,1680.0,2077.0,41740.27,31.5,1920.0,1080.0,1.7777777777777777,69.9335609549936,60.0,4000,500.0,VA,8.0,2.0736,Large,FullHD,0,0,Iiyama,10.639245606617765,Non-Gaming
MSI MAG 321UP QD-OLED,3599.0,4513.0,90124.32,31.5,3840.0,2160.0,1.7777777777777777,139.8671219099872,165.0,1500000,250.0,OLED,1.0,8.2944,Large,4K,1,1,MSI,11.40895642520508,Gaming
Acer PD193QEbmiuux,1399.0,2049.0,38307.28,18.5,1920.0,1080.0,1.7777777777777777,119.0760632476918,60.0,1000,250.0,IPS,4.0,2.0736,Small,FullHD,0,0,Acer,10.553421339793038,Non-Gaming
HP M27ha,963.0,963.0,21397.86,27.0,1920.0,1080.0,1.7777777777777777,81.58915444749253,60.0,1000,250.0,IPS,5.0,2.0736,Large,FullHD,0,0,HP,9.971092928562953,Non-Gaming
Philips 27M1F5800,4327.0,4327.0,96145.94,27.0,3840.0,2160.0,1.7777777777777777,163.1783088949851,144.0,1000,450.0,IPS,1.0,8.2944,Large,4K,1,1,Philips,11.47363292523748,Gaming
Dahua LM28-F400,1125.0,1500.0,29163.75,28.0,3840.0,2160.0,1.7777777777777777,157.3505121487356,60.0,1000,300.0,IPS,5.0,8.2944,Large,4K,0,0,Dahua,10.280716067232603,Non-Gaming
HP 532sf,753.0,1267.0,22442.199999999997,32.0,1920.0,1080.0,1.7777777777777777,68.84084906507182,100.0,3000,300.0,VA,7.0,2.0736,XLarge,FullHD,0,0,HP,10.018742951965407,Non-Gaming
Viewsonic VA270-H-2,379.0,555.0,10376.74,27.0,1920.0,1080.0,1.7777777777777777,81.58915444749253,100.0,1000,300.0,IPS,4.951367781155016,2.0736,Large,FullHD,0,0,Viewsonic,9.247418406617129,Non-Gaming
Gigabyte GS32QCA,827.0,1539.0,26286.26,31.5,2560.0,1440.0,1.7777777777777777,93.24474793999148,180.0,3500,250.0,VA,4.442516268980477,3.6864,Large,QHD,1,0,Gigabyte,10.176839690154727,Gaming
LG UltraGear 27GR95UM,2999.0,4349.0,81636.28,27.0,3840.0,2160.0,1.7777777777777777,163.1783088949851,144.0,1000,450.0,IPS,1.0,8.2944,Large,4K,1,1,LG,11.310041299367288,Gaming
Philips Evnia 34M2C6500,2458.0,3114.0,61904.92,34.0,3440.0,1440.0,2.388888888888889,109.68340725465096,175.0,1000000,250.0,OLED,1.0,4.9536,XLarge,QHD,1,0,Philips,11.033371092225662,Gaming
Samsung RM40D,2699.0,2699.0,59971.78,40.0,1920.0,1080.0,1.7777777777777777,55.072679252057455,75.0,1000,350.0,Other,8.0,2.0736,XLarge,FullHD,0,0,Samsung,11.001646071599716,Non-Gaming
Samsung Odyssey G55C 32,799.0,1194.0,22142.23,32.0,2560.0,1440.0,1.7777777777777777,91.7877987534291,165.0,2500,300.0,VA,4.442516268980477,3.6864,XLarge,QHD,1,0,Samsung,10.005287085413979,Gaming
Acer Nitro QG271M3bmiipx,703.0,703.0,15620.66,27.0,1920.0,1080.0,1.7777777777777777,81.58915444749253,180.0,1000,250.0,IPS,4.951367781155016,2.0736,Large,FullHD,1,0,Acer,9.656413691754677,Gaming
Acer Vero B277Ebmiprxv,734.0,840.0,17487.14,27.0,1920.0,1080.0,1.7777777777777777,81.58915444749253,100.0,1000,250.0,IPS,4.0,2.0736,Large,FullHD,0,0,Acer,9.769278215873754,Non-Gaming
Samsung Odyssey G70B 32,2309.0,3992.0,70004.11,32.0,3840.0,2160.0,1.7777777777777777,137.68169813014364,144.0,1000,350.0,IPS,1.0,8.2944,XLarge,4K,1,1,Samsung,11.156323518367126,Gaming
Samsung Odyssey G40B 25,594.0,1079.0,18587.03,25.0,1920.0,1080.0,1.7777777777777777,88.11628680329193,240.0,1000,400.0,IPS,1.0,2.0736,Medium,FullHD,1,0,Samsung,9.830273104148047,Gaming
Asus TUF Gaming VG249Q1R,483.0,984.0,16298.37,24.0,1920.0,1080.0,1.7777777777777777,91.7877987534291,165.0,1000,250.0,IPS,4.0,2.0736,Medium,FullHD,1,0,Asus,9.698881735741162,Gaming
MSI Modern MD272UPHW,1237.0,1499.0,30396.96,27.0,3840.0,2160.0,1.7777777777777777,163.1783088949851,60.0,1000,400.0,IPS,4.0,8.2944,Large,4K,0,0,MSI,10.322130779879496,Non-Gaming
Samsung S24C430G,490.0,1017.0,16742.77,24.0,1920.0,1080.0,1.7777777777777777,91.7877987534291,100.0,1000,250.0,Other,4.0,2.0736,Medium,FullHD,0,0,Samsung,9.725781527767756,Non-Gaming
Iiyama G-Master GB2745HSU-B2,499.0,692.0,13232.01,27.0,1920.0,1080.0,1.7777777777777777,81.58915444749253,100.0,1300,300.0,IPS,4.951367781155016,2.0736,Large,FullHD,0,0,Iiyama,9.490469744459306,Non-Gaming
Acer Vero CB273bemipruzx,1401.0,1700.0,34452.11,27.0,1920.0,1080.0,1.7777777777777777,81.58915444749253,75.0,1000,250.0,IPS,4.951367781155016,2.0736,Large,FullHD,0,0,Acer,10.447354548129168,Non-Gaming
Fujitsu B2410 WS,1250.0,1396.0,29397.06,24.1,1920.0,1200.0,1.6,93.94835982131056,60.0,1000,300.0,IPS,5.0,2.304,Medium,FullHD,0,0,Fujitsu,10.288683964755018,Non-Gaming
Xiaomi 4K Monitor A27Ui,979.0,1296.0,25275.25,27.0,3840.0,2160.0,1.7777777777777777,163.1783088949851,60.0,1200,360.0,IPS,6.0,8.2944,Large,4K,0,0,Xiaomi,10.13762049864994,Non-Gaming
Iiyama ProLite XUB2792UHSU-B6,999.0,1325.0,25819.64,27.0,3840.0,2160.0,1.7777777777777777,163.1783088949851,60.0,1300,350.0,IPS,4.0,8.2944,Large,4K,0,0,Iiyama,10.158929451080272,Non-Gaming
Dell SE2425H,379.0,516.0,9943.45,23.8,1920.0,1080.0,1.7777777777777777,92.55912479337388,75.0,3000,250.0,VA,5.0,2.0736,Small,FullHD,0,0,Dell,9.204769885585788,Non-Gaming
Gigabyte M27QA,1090.0,1090.0,24219.8,27.0,2560.0,1440.0,1.7777777777777777,108.78553926332336,180.0,1000,350.0,IPS,4.951367781155016,3.6864,Large,QHD,1,0,Gigabyte,10.094967047114848,Gaming
Hannspree HP278PJB,1376.0,1376.0,30574.72,27.0,1920.0,1080.0,1.7777777777777777,81.58915444749253,60.0,1000,300.0,IPS,4.0,2.0736,Large,FullHD,0,0,Hannspree,10.327961508928967,Non-Gaming
AOC 27B31H,376.0,496.0,9687.92,27.0,1920.0,1080.0,1.7777777777777777,81.58915444749253,120.0,1500,300.0,IPS,4.0,2.0736,Large,FullHD,1,0,AOC,9.17873824356487,Gaming
Asus BE24ECSBT,1340.0,1975.0,36829.65,23.8,1920.0,1080.0,1.7777777777777777,92.55912479337388,75.0,1000,300.0,IPS,5.0,2.0736,Small,FullHD,0,0,Asus,10.514085657939363,Non-Gaming
Gigabyte G27FC A,904.0,1346.0,24997.5,27.0,1920.0,1080.0,1.7777777777777777,81.58915444749253,165.0,3000,250.0,VA,4.442516268980477,2.0736,Large,FullHD,1,0,Gigabyte,10.126571102050265,Gaming
Terra 2727W HA V2,629.0,690.0,14654.09,27.0,1920.0,1080.0,1.7777777777777777,81.58915444749253,100.0,1000,300.0,VA,5.0,2.0736,Large,FullHD,0,0,Terra,9.592542994374856,Non-Gaming
AOC Q27P3QW,1039.0,1395.0,27041.74,27.0,2560.0,1440.0,1.7777777777777777,108.78553926332336,75.0,1000,350.0,IPS,4.0,3.6864,Large,QHD,0,0,AOC,10.205173856384171,Non-Gaming
Iiyama ProLite T1932MSC-W1SAG,2496.0,2937.0,60360.63,19.0,1280.0,1024.0,1.25,86.27367393593732,75.0,1000,215.0,IPS,14.0,1.31072,Small,HD,0,0,Iiyama,11.008108917156001,Non-Gaming
Samsung Odyssey G55T 34,1020.0,1867.0,32074.57,34.0,3440.0,1440.0,2.388888888888889,109.68340725465096,165.0,2500,250.0,VA,4.0,4.9536,XLarge,QHD,1,0,Samsung,10.37584996017551,Gaming
MSI G255PF E2,499.0,831.0,14776.3,24.5,1920.0,1080.0,1.7777777777777777,89.91457837070605,180.0,1000,300.0,IPS,1.0,2.0736,Medium,FullHD,1,0,MSI,9.60084749851795,Gaming
Viewsonic VA3456-MHDJ,1202.0,1708.0,32330.1,34.0,3440.0,1440.0,2.388888888888889,109.68340725465096,75.0,1000,400.0,IPS,4.0,4.9536,XLarge,QHD,0,0,Viewsonic,10.38378489426687,Non-Gaming
HP Z27q,1059.0,1059.0,23530.98,27.0,5120.0,2880.0,1.7777777777777777,217.57107852664672,60.0,1000,300.0,IPS,14.0,14.7456,Large,4K,0,0,HP,10.066115626077474,Non-Gaming
MSI MAG 274QRFW,997.0,1302.0,25541.89,27.0,2560.0,1440.0,1.7777777777777777,108.78553926332336,180.0,1000,400.0,IPS,1.0,3.6864,Large,QHD,1,0,MSI,10.148114279018877,Gaming
AOC 24B2XH,385.0,535.0,10221.2,24.0,1920.0,1080.0,1.7777777777777777,91.7877987534291,75.0,1000,250.0,IPS,7.0,2.0736,Medium,FullHD,0,0,AOC,9.232317104779552,Non-Gaming
LG UltraWide 34WQ650,1147.0,1221.0,26308.48,34.0,2560.0,1080.0,2.3703703703703702,81.72025876146944,100.0,1000,400.0,IPS,5.0,2.7648,XLarge,FullHD,0,0,LG,10.177684609490864,Non-Gaming
LG UltraWide 34WR50QK,999.0,1383.0,26464.02,34.0,3440.0,1440.0,2.388888888888889,109.68340725465096,100.0,3000,300.0,VA,5.0,4.9536,XLarge,QHD,0,0,LG,10.183579140006898,Non-Gaming
Redragon Pearl II,529.0,627.0,12843.16,23.6,1920.0,1080.0,1.7777777777777777,93.3435241560296,180.0,3000,250.0,VA,4.0,2.0736,Small,FullHD,1,0,Redragon,9.460644512310264,Gaming
Asus TUF Gaming VG249Q3A,518.0,796.0,14598.54,23.8,1920.0,1080.0,1.7777777777777777,92.55912479337388,180.0,1000,250.0,IPS,1.0,2.0736,Small,FullHD,1,0,Asus,9.588745300350762,Gaming
Lenovo D32u-40,1247.0,1602.0,31652.39,31.5,3840.0,2160.0,1.7777777777777777,139.8671219099872,60.0,3000,250.0,VA,4.0,8.2944,Large,4K,0,0,Lenovo,10.362600530841302,Non-Gaming
Acer SA242YEwi,433.0,499.0,10354.52,23.8,1920.0,1080.0,1.7777777777777777,92.55912479337388,100.0,1000,250.0,IPS,4.0,2.0736,Small,FullHD,0,0,Acer,9.245274989855174,Non-Gaming
Asus ROG Strix OLED XG27ACDNG,2857.0,3582.0,71537.29,26.5,2560.0,1440.0,1.7777777777777777,110.83809660791438,360.0,1500000,250.0,OLED,1.0,3.6864,Medium,QHD,1,0,Asus,11.177988109815564,Gaming
Asus VY27UQ,898.0,1036.0,21486.74,27.0,3840.0,2160.0,1.7777777777777777,163.1783088949851,60.0,1000,350.0,IPS,5.0,8.2944,Large,4K,0,0,Asus,9.975237818913197,Non-Gaming
LG 24M38D,489.0,489.0,10865.58,24.0,1920.0,1080.0,1.7777777777777777,91.7877987534291,75.0,1000,200.0,TN,5.0,2.0736,Medium,FullHD,0,0,LG,9.293447303194762,Non-Gaming
Viewsonic VP2768a-4K,2160.0,3052.0,57905.32,27.0,3840.0,2160.0,1.7777777777777777,163.1783088949851,60.0,1300,350.0,IPS,6.0,8.2944,Large,4K,0,0,Viewsonic,10.966581811317551,Non-Gaming
Acer Vero CB272Gbmiprx,654.0,863.0,16853.87,27.0,1920.0,1080.0,1.7777777777777777,81.58915444749253,120.0,1000,250.0,IPS,4.951367781155016,2.0736,Large,FullHD,1,0,Acer,9.732394914793563,Gaming
Cooler Master Tempest GP27Q,2125.0,2125.0,47217.5,27.0,2560.0,1440.0,1.7777777777777777,108.78553926332336,165.0,1000,1200.0,Other,1.0,3.6864,Large,QHD,1,0,Cooler Master,10.762541043934185,Gaming
ASRock Phantom Gaming PG32QF2B,857.0,1237.0,23264.34,31.5,2560.0,1440.0,1.7777777777777777,93.24474793999148,165.0,3000,550.0,VA,5.0,3.6864,Large,QHD,1,0,ASRock,10.054719978399342,Gaming
Iiyama ProLite LH5041UHS-B2AG,2361.0,3147.0,61193.88,50.0,3840.0,2160.0,1.7777777777777777,88.11628680329193,60.0,5000,500.0,VA,4.442516268980477,8.2944,XLarge,4K,0,0,Iiyama,11.021818804869994,Non-Gaming
Asus C1275Q,498.0,534.0,11465.52,27.0,1920.0,1080.0,1.7777777777777777,81.58915444749253,75.0,1000,250.0,IPS,5.0,2.0736,Large,FullHD,0,0,Asus,9.347186763913903,Non-Gaming
Acer Nitro KG271M3bmiipx,684.0,835.0,16876.09,27.0,1920.0,1080.0,1.7777777777777777,81.58915444749253,180.0,1000,250.0,IPS,4.951367781155016,2.0736,Large,FullHD,1,0,Acer,9.733712359923574,Gaming
Iiyama G-Master GCB3481WQSU-B1,1387.0,1599.0,33174.46,34.0,3440.0,1440.0,2.388888888888889,109.68340725465096,180.0,4000,500.0,VA,4.442516268980477,4.9536,XLarge,QHD,1,0,Iiyama,10.409565724967127,Gaming
AOC AGON AG275QX,1399.0,1671.0,34107.7,27.0,2560.0,1440.0,1.7777777777777777,108.78553926332336,170.0,1000,400.0,IPS,1.0,3.6864,Large,QHD,1,0,AOC,10.437307762695792,Gaming
Philips 222B1TC,1075.0,1369.0,27152.84,22.0,1920.0,1080.0,1.7777777777777777,100.13214409464992,75.0,1000,250.0,IPS,4.0,2.0736,Small,FullHD,0,0,Philips,10.209273751824977,Non-Gaming
Neovo SC-2402,697.0,1181.0,20864.58,23.8,1920.0,1080.0,1.7777777777777777,92.55912479337388,60.0,1000,250.0,VA,5.0,2.0736,Small,FullHD,0,0,Neovo,9.945856190386726,Non-Gaming
Lenovo P27u-10,1999.0,3860.0,65093.49,27.0,3840.0,2160.0,1.7777777777777777,163.1783088949851,60.0,1000,350.0,IPS,4.0,8.2944,Large,4K,0,0,Lenovo,11.08359518559768,Non-Gaming
Eizo FlexScan EV2460,1355.0,2069.0,38040.64,24.0,1920.0,1080.0,1.7777777777777777,91.7877987534291,60.0,1000,250.0,IPS,5.0,2.0736,Medium,FullHD,0,0,Eizo,10.546436628243153,Non-Gaming
Asus ProArt PA329CRV,2987.0,3906.0,76581.23,31.5,3840.0,2160.0,1.7777777777777777,139.8671219099872,60.0,1000,400.0,IPS,5.0,8.2944,Large,4K,0,0,Asus,11.246120344481952,Non-Gaming
Viewsonic VG2240,808.0,837.0,18275.95,21.5,1920.0,1080.0,1.7777777777777777,102.460798608479,60.0,3000,250.0,VA,5.0,2.0736,Small,FullHD,0,0,Viewsonic,9.81339598207198,Non-Gaming
AOC 22B2AM,383.0,587.0,10776.7,22.0,1920.0,1080.0,1.7777777777777777,100.13214409464992,75.0,3000,250.0,VA,4.0,2.0736,Small,FullHD,0,0,AOC,9.285234463628417,Non-Gaming
Lenovo L24i-4B,609.0,648.0,13965.27,23.8,1920.0,1080.0,1.7777777777777777,92.55912479337388,100.0,1300,250.0,IPS,4.0,2.0736,Small,FullHD,0,0,Lenovo,9.544400415884152,Non-Gaming
Acer Nitro VG270X1bmiipx,529.0,635.0,12932.04,27.0,1920.0,1080.0,1.7777777777777777,81.58915444749253,200.0,1000,250.0,IPS,4.951367781155016,2.0736,Large,FullHD,1,0,Acer,9.46754055627368,Gaming
Viewsonic Omni VX1755,1199.0,1673.0,31907.92,17.0,1920.0,1080.0,1.7777777777777777,129.58277471072344,144.0,800,250.0,IPS,4.0,2.0736,Small,FullHD,1,0,Viewsonic,10.370640873509933,Gaming
Lenovo S22e-20,959.0,959.0,21308.98,22.0,1920.0,1080.0,1.7777777777777777,100.13214409464992,75.0,3000,250.0,VA,4.0,2.0736,Small,FullHD,0,0,Lenovo,9.966930786565708,Non-Gaming
LG UltraFine 32UR500K,1048.0,1458.0,27841.66,31.5,3840.0,2160.0,1.7777777777777777,139.8671219099872,60.0,3000,250.0,VA,4.0,8.2944,Large,4K,0,0,LG,10.23432465586114,Non-Gaming
Cooler Master GM25FP,606.0,606.0,13465.32,24.5,1920.0,1080.0,1.7777777777777777,89.91457837070605,180.0,1000,250.0,IPS,1.0,2.0736,Medium,FullHD,1,0,Cooler Master,9.507947032375528,Gaming
Samsung C24F390F,630.0,630.0,13998.6,24.0,1920.0,1080.0,1.7777777777777777,91.7877987534291,60.0,3000,250.0,VA,4.0,2.0736,Medium,FullHD,0,0,Samsung,9.546784036760654,Non-Gaming
Acer K243Ybmix,1099.0,1099.0,24419.78,24.0,1920.0,1080.0,1.7777777777777777,91.7877987534291,75.0,1000,250.0,Other,4.0,2.0736,Medium,FullHD,0,0,Acer,10.103189688186532,Non-Gaming
MSI G274PF,629.0,1651.0,25330.8,27.0,1920.0,1080.0,1.7777777777777777,81.58915444749253,180.0,1000,250.0,IPS,1.0,2.0736,Large,FullHD,1,0,MSI,10.139815802452777,Gaming
Philips 242B1TC,1116.0,1562.0,29752.58,24.0,1920.0,1080.0,1.7777777777777777,91.7877987534291,75.0,1000,250.0,IPS,4.0,2.0736,Medium,FullHD,0,0,Philips,10.300704739868419,Non-Gaming
Lenovo ThinkCentre TIO 22 Gen 5 Touch,1409.0,1452.0,31785.71,21.5,1920.0,1080.0,1.7777777777777777,102.460798608479,60.0,1000,230.0,IPS,6.0,2.0736,Small,FullHD,0,0,Lenovo,10.366803556885172,Non-Gaming
Philips Evnia 34M2C3500L,959.0,1704.0,29585.93,34.0,3440.0,1440.0,2.388888888888889,109.68340725465096,180.0,4000,300.0,VA,1.0,4.9536,XLarge,QHD,1,0,Philips,10.2950879887444,Gaming
MSI PRO MP245G,299.0,704.0,11143.33,23.8,1920.0,1080.0,1.7777777777777777,92.55912479337388,100.0,1300,300.0,IPS,4.0,2.0736,Small,FullHD,0,0,MSI,9.318686127368656,Non-Gaming
BenQ Mobiuz EX251,699.0,995.0,18820.34,24.5,1920.0,1080.0,1.7777777777777777,89.91457837070605,220.0,1000,350.0,IPS,1.0,2.0736,Medium,FullHD,1,0,BenQ,9.842746611454869,Gaming
Philips Evnia 27M2C5200W,646.0,987.0,18142.629999999997,27.0,1920.0,1080.0,1.7777777777777777,81.58915444749253,280.0,4000,300.0,VA,1.0,2.0736,Large,FullHD,1,0,Philips,9.806074813903324,Gaming
Iiyama ProLite T2252MSC-B2AG,1313.0,1623.0,32618.96,21.5,1920.0,1080.0,1.7777777777777777,102.460798608479,60.0,1000,215.0,IPS,5.0,2.0736,Small,FullHD,0,0,Iiyama,10.392679649932683,Non-Gaming
Samsung QB13R,1284.0,1915.0,35540.89,13.0,1920.0,1080.0,1.7777777777777777,169.45439769863833,60.0,800,300.0,IPS,8.0,2.0736,Small,FullHD,0,0,Samsung,10.478467279810701,Non-Gaming
AOC AGON AG405UXC,2138.0,3045.0,57583.13,40.0,3440.0,1440.0,2.388888888888889,93.23089616645332,144.0,1200,342.715043074884,IPS,4.0,4.9536,XLarge,QHD,1,0,AOC,10.961002287887812,Gaming
Lenovo ThinkVision T24i-2L,839.0,985.0,20264.64,23.8,1920.0,1080.0,1.7777777777777777,92.55912479337388,60.0,1000,250.0,IPS,6.0,2.0736,Small,FullHD,0,0,Lenovo,9.916682120108257,Non-Gaming
Philips 273V7QSB,500.0,500.0,11110.0,27.0,1920.0,1080.0,1.7777777777777777,81.58915444749253,60.0,1000,250.0,IPS,8.0,2.0736,Large,FullHD,0,0,Philips,9.315690887584008,Non-Gaming
Dell P3223QE,2130.0,3471.0,62227.10999999999,31.5,3840.0,2160.0,1.7777777777777777,139.8671219099872,60.0,1000,350.0,IPS,5.0,8.2944,Large,4K,0,0,Dell,11.03856210589845,Non-Gaming
Viewsonic VA3209-2K-MHD,853.0,1097.0,21664.5,31.5,2560.0,1440.0,1.7777777777777777,93.24474793999148,75.0,1200,250.0,IPS,4.0,3.6864,Large,QHD,0,0,Viewsonic,9.983476412606063,Non-Gaming
Philips Evnia 27M2N3501PA,895.0,1148.0,22697.73,27.0,2560.0,1440.0,1.7777777777777777,108.78553926332336,260.0,1000,300.0,IPS,1.0,3.6864,Large,QHD,1,0,Philips,10.030064254767831,Gaming
Philips 24B2G5301,999.0,1681.0,29774.8,23.8,1920.0,1080.0,1.7777777777777777,92.55912479337388,100.0,1500,300.0,IPS,4.0,2.0736,Small,FullHD,0,0,Philips,10.30145126204056,Non-Gaming
LC-Power LC-M44-DFHD-120,2399.0,2593.0,55461.119999999995,43.8,3840.0,1080.0,3.5555555555555554,91.07271308818991,120.0,1000,400.0,IPS,4.0,4.1472,XLarge,QHD,1,0,LC-Power,10.92345554418747,Gaming
Hannspree HO225HTB,1705.0,1789.0,38818.34,21.5,1920.0,1080.0,1.7777777777777777,102.460798608479,60.0,3000,250.0,Other,18.0,2.0736,Small,FullHD,0,0,Hannspree,10.566673855032878,Non-Gaming
LC-Power LC-M32QC,991.0,1193.0,24264.24,31.5,2560.0,1440.0,1.7777777777777777,93.24474793999148,180.0,3500,300.0,VA,4.442516268980477,3.6864,Large,QHD,1,0,LC-Power,10.096800152579606,Gaming
Philips 32BDL4650D,2396.0,3480.0,65282.35999999999,32.0,1920.0,1080.0,1.7777777777777777,68.84084906507182,60.0,1200,400.0,IPS,8.0,2.0736,XLarge,FullHD,0,0,Philips,11.086492458901658,Non-Gaming
NEC MultiSync EA272Q,2097.0,2473.0,50772.7,27.0,2560.0,1440.0,1.7777777777777777,108.78553926332336,60.0,1000,350.0,IPS,6.0,3.6864,Large,QHD,0,0,NEC,10.835133782969661,Non-Gaming
Dell Alienware AW2523HF,1545.0,2219.0,41818.04,25.0,1920.0,1080.0,1.7777777777777777,88.11628680329193,360.0,1000,400.0,IPS,1.0,2.0736,Medium,FullHD,1,0,Dell,10.64110701719547,Gaming
MSI MAG 27C6PF,649.0,669.0,14642.98,27.0,1920.0,1080.0,1.7777777777777777,81.58915444749253,180.0,3000,250.0,VA,4.442516268980477,2.0736,Large,FullHD,1,0,MSI,9.59178460849213,Gaming
Acer B226WLymdr,754.0,754.0,16753.879999999997,22.0,1680.0,1050.0,1.6,90.05163807872212,146.44827586206895,1000,250.0,TN,5.0,1.764,Small,HD,1,0,Acer,9.726444838104582,Gaming
Eizo FlexScan S1934,1500.0,1722.0,35796.42,19.0,1280.0,1024.0,1.25,86.27367393593732,61.0,1000,250.0,IPS,14.0,1.31072,Small,HD,0,0,Eizo,10.485631102752732,Non-Gaming
Dell Alienware AW3425DWM,1399.0,1782.0,35340.909999999996,34.0,3440.0,1440.0,2.388888888888889,109.68340725465096,180.0,3000,400.0,VA,1.0,4.9536,XLarge,QHD,1,0,Dell,10.47282479081957,Gaming
Iiyama ProLite XUB2497HSU-B1,752.0,788.0,17109.399999999998,23.8,1920.0,1080.0,1.7777777777777777,92.55912479337388,100.0,1300,250.0,IPS,4.951367781155016,2.0736,Small,FullHD,0,0,Iiyama,9.747441744754413,Non-Gaming
Samsung S27C432G,569.0,1173.0,19353.62,27.0,1920.0,1080.0,1.7777777777777777,81.58915444749253,100.0,1000,250.0,IPS,4.0,2.0736,Large,FullHD,0,0,Samsung,9.870686429649291,Non-Gaming
Samsung Odyssey G52A 27,2189.0,2189.0,48639.579999999994,27.0,2560.0,1440.0,1.7777777777777777,108.78553926332336,165.0,1000,350.0,IPS,1.0,3.6864,Large,QHD,1,0,Samsung,10.792213440911059,Gaming
MSI MAG 276CF E20,619.0,903.0,16909.42,27.0,1920.0,1080.0,1.7777777777777777,81.58915444749253,200.0,3000,250.0,VA,4.442516268980477,2.0736,Large,FullHD,1,0,MSI,9.735685278958519,Gaming
Asus ZenScreen Smart MS27UC,1748.0,2544.0,47684.119999999995,27.0,3840.0,2160.0,1.7777777777777777,163.1783088949851,60.0,1000,350.0,IPS,5.0,8.2944,Large,4K,0,0,Asus,10.772374678524473,Non-Gaming
AOC 25G4SXU,640.0,1030.0,18553.7,24.5,1920.0,1080.0,1.7777777777777777,89.91457837070605,300.0,1000,400.0,IPS,1.0,2.0736,Medium,FullHD,1,0,AOC,9.828478405215245,Gaming
HP 527pq,882.0,1474.0,26175.16,27.0,2560.0,1440.0,1.7777777777777777,108.78553926332336,100.0,1500,350.0,IPS,5.0,3.6864,Large,QHD,0,0,HP,10.17260435185323,Non-Gaming
Lenovo TIO 24 Gen 4,1399.0,1399.0,31085.78,24.0,1920.0,1080.0,1.7777777777777777,91.7877987534291,60.0,1000,250.0,IPS,4.0,2.0736,Medium,FullHD,0,0,Lenovo,10.344537927409196,Non-Gaming
MSI MAG 275F,628.0,900.0,16976.079999999998,27.0,1920.0,1080.0,1.7777777777777777,81.58915444749253,180.0,1000,250.0,IPS,4.951367781155016,2.0736,Large,FullHD,1,0,MSI,9.739619478057291,Gaming
Iiyama ProLite XUB2797UHSNP-B1,1336.0,1776.0,34574.32,27.0,3840.0,2160.0,1.7777777777777777,163.1783088949851,60.0,1300,350.0,IPS,4.0,8.2944,Large,4K,0,0,Iiyama,10.450895411732356,Non-Gaming
AOC AGON AG275QXN,1449.0,1449.0,32196.78,27.0,2560.0,1440.0,1.7777777777777777,108.78553926332336,165.0,3000,400.0,VA,1.0,3.6864,Large,QHD,1,0,AOC,10.379652785056367,Gaming
Dahua LM43-F200,1041.0,1539.0,28663.8,43.0,1920.0,1080.0,1.7777777777777777,51.2303993042395,60.0,1200,330.0,Other,8.0,2.0736,XLarge,FullHD,0,0,Dahua,10.263425168168308,Non-Gaming
Iiyama ProLite XUB3493WQSU-B1,1732.0,1767.0,38873.89,34.0,3440.0,1440.0,2.388888888888889,109.68340725465096,75.0,1000,400.0,IPS,4.0,4.9536,XLarge,QHD,0,0,Iiyama,10.568103819895539,Non-Gaming
AOC Graphic Pro Q27U3CV,1145.0,1486.0,29230.41,27.0,2560.0,1440.0,1.7777777777777777,108.78553926332336,75.0,1000,495.1752577319588,Other,4.0,3.6864,Large,QHD,0,0,AOC,10.2829990950534,Non-Gaming
MSI MAG 276CPXF,748.0,914.0,18464.82,27.0,1920.0,1080.0,1.7777777777777777,81.58915444749253,280.0,4000,300.0,VA,4.442516268980477,2.0736,Large,FullHD,1,0,MSI,9.823676734640745,Gaming
Redragon Azur II,550.0,677.0,13631.97,23.8,1920.0,1080.0,1.7777777777777777,92.55912479337388,180.0,1000,250.0,IPS,5.0,2.0736,Small,FullHD,1,0,Redragon,9.520246402640907,Gaming
Eizo FlexScan FLT,1899.0,2440.0,48206.29,23.8,1920.0,1080.0,1.7777777777777777,92.55912479337388,60.0,1000,250.0,IPS,5.0,2.0736,Small,FullHD,0,0,Eizo,10.783265533415626,Non-Gaming
LG UltraGear 27GS75Q,729.0,1159.0,20975.68,27.0,2560.0,1440.0,1.7777777777777777,108.78553926332336,180.0,1000,300.0,IPS,1.0,3.6864,Large,QHD,1,0,LG,9.951166623479555,Gaming
AOC AGON Q27G2S,914.0,1373.0,25408.57,27.0,2560.0,1440.0,1.7777777777777777,108.78553926332336,165.0,1000,350.0,IPS,4.0,3.6864,Large,QHD,1,0,AOC,10.142881153699555,Gaming
Samsung S27C390E,659.0,831.0,16553.899999999998,27.0,1920.0,1080.0,1.7777777777777777,81.58915444749253,75.0,3000,250.0,VA,4.0,2.0736,Large,FullHD,0,0,Samsung,9.714437409491946,Non-Gaming
Asus ZenScreen MB16ACE,736.0,1229.0,21831.15,15.6,1920.0,1080.0,1.7777777777777777,141.21199808219862,60.0,800,220.0,IPS,5.0,2.0736,Small,FullHD,0,0,Asus,9.991138933013161,Non-Gaming
AOC Q27G4XN,655.0,914.0,17431.59,27.0,2560.0,1440.0,1.7777777777777777,108.78553926332336,180.0,5000,300.0,VA,1.0,3.6864,Large,QHD,1,0,AOC,9.766096721852525,Gaming
HP P22 G5,404.0,494.0,9976.78,21.5,1920.0,1080.0,1.7777777777777777,102.460798608479,75.0,1000,250.0,IPS,5.0,2.0736,Small,FullHD,0,0,HP,9.208115899671196,Non-Gaming
Lenovo T24m,1283.0,1659.0,32685.62,24.0,1920.0,1080.0,1.7777777777777777,91.7877987534291,60.0,1000,300.0,IPS,6.0,2.0736,Medium,FullHD,0,0,Lenovo,10.394721098838767,Non-Gaming
LG UltraWide 34WR55QC,3109.0,3109.0,69081.98,34.0,3440.0,1440.0,2.388888888888889,109.68340725465096,100.0,3000,300.0,VA,5.0,4.9536,XLarge,QHD,0,0,LG,11.143063669720453,Non-Gaming
Philips 24B2U4301,1176.0,3080.0,47284.16,23.8,1920.0,1080.0,1.7777777777777777,92.55912479337388,120.0,1500,300.0,IPS,4.0,2.0736,Small,FullHD,1,0,Philips,10.763951783180802,Gaming
MSI MAG 274URFW,1680.0,2907.0,50961.57,27.0,3840.0,2160.0,1.7777777777777777,163.1783088949851,160.0,1000,400.0,IPS,4.951367781155016,8.2944,Large,4K,1,1,MSI,10.838846720685554,Gaming
AOC CU34E4CV,1416.0,1930.0,37174.06,34.0,3440.0,1440.0,2.388888888888889,109.68340725465096,120.0,3500,350.0,VA,4.0,4.9536,XLarge,QHD,1,0,AOC,10.523393385314948,Gaming
Hannspree HO245PTB,1712.0,2137.0,42762.39,23.8,1920.0,1080.0,1.7777777777777777,92.55912479337388,60.0,1000,350.0,IPS,5.0,2.0736,Small,FullHD,0,0,Hannspree,10.663437641697167,Non-Gaming
LC-Power LC-M27-QHD-180,900.0,1086.0,22064.46,27.0,2560.0,1440.0,1.7777777777777777,108.78553926332336,180.0,1000,300.0,IPS,1.0,3.6864,Large,QHD,1,0,LC-Power,10.001768768982377,Gaming
Philips 32BDL4511D,2295.0,2427.0,52461.42,32.0,1920.0,1080.0,1.7777777777777777,68.84084906507182,60.0,1200,400.0,IPS,8.0,2.0736,XLarge,FullHD,0,0,Philips,10.867852382741946,Non-Gaming
Sharp MultiSync EA272Q,2140.0,2400.0,50439.399999999994,27.0,2560.0,1440.0,1.7777777777777777,108.78553926332336,60.0,1000,350.0,IPS,6.0,3.6864,Large,QHD,0,0,Sharp,10.828547720261527,Non-Gaming
MSI MAG 27C6F,529.0,805.0,14820.74,27.0,1920.0,1080.0,1.7777777777777777,81.58915444749253,180.0,3000,250.0,VA,4.442516268980477,2.0736,Large,FullHD,1,0,MSI,9.603850300865075,Gaming
MSI MAG 275CQRF-QD,1768.0,2134.0,43351.22,27.0,2560.0,1440.0,1.7777777777777777,108.78553926332336,170.0,4000,300.0,Other,1.0,3.6864,Large,QHD,1,0,MSI,10.67711319197011,Gaming
Iiyama ProLite T2252MSC-W2,1142.0,1587.0,30319.19,21.5,1920.0,1080.0,1.7777777777777777,102.460798608479,60.0,1000,225.0,IPS,5.0,2.0736,Small,FullHD,0,0,Iiyama,10.319569106227439,Non-Gaming
AOC Q32P2,974.0,1328.0,25575.22,32.0,2560.0,1440.0,1.7777777777777777,91.7877987534291,75.0,1000,250.0,IPS,4.0,3.6864,XLarge,QHD,0,0,AOC,10.149418292516883,Non-Gaming
LG 37U730SA,2849.0,3299.0,68304.28,36.5,3840.0,2160.0,1.7777777777777777,120.70724219629032,60.0,1000,300.0,IPS,5.0,8.2944,XLarge,4K,0,0,LG,11.131742348573855,Non-Gaming
Lenovo ThinkVision T24D-40,939.0,1165.0,23375.44,23.8,1920.0,1080.0,1.7777777777777777,92.55912479337388,120.0,1500,250.0,IPS,4.0,2.0736,Small,FullHD,1,0,Lenovo,10.059483956537496,Gaming
Samsung Odyssey G60SF 27,3199.0,4979.0,90857.58,27.0,2560.0,1440.0,1.7777777777777777,108.78553926332336,500.0,1000000,300.0,OLED,1.0,3.6864,Large,QHD,1,0,Samsung,11.417059510751912,Gaming
BenQ PD2725U,3153.0,5263.0,93501.76,27.0,3840.0,2160.0,1.7777777777777777,163.1783088949851,60.0,1200,250.0,IPS,5.0,8.2944,Large,4K,0,0,BenQ,11.445746233557687,Non-Gaming
Dell UltraSharp U2422H,976.0,1278.0,25041.94,24.0,1920.0,1080.0,1.7777777777777777,91.7877987534291,60.0,1000,250.0,IPS,4.951367781155016,2.0736,Medium,FullHD,0,0,Dell,10.128347230462344,Non-Gaming
Philips 273S1,766.0,1061.0,20297.97,27.0,1920.0,1080.0,1.7777777777777777,81.58915444749253,75.0,1000,300.0,IPS,4.0,2.0736,Large,FullHD,0,0,Philips,9.91832542482636,Non-Gaming
AOC Q27V4EA,498.0,841.0,14876.29,27.0,2560.0,1440.0,1.7777777777777777,108.78553926332336,75.0,1000,250.0,IPS,4.0,3.6864,Large,QHD,0,0,AOC,9.607591168144642,Non-Gaming
Dell Alienware AW3425DW,2999.0,3853.0,76125.72,34.2,3440.0,1440.0,2.388888888888889,109.04198382041322,240.0,1500000,250.0,OLED,1.0,4.9536,XLarge,QHD,1,0,Dell,11.240154599174025,Gaming
Philips 242B1H,837.0,1129.0,21842.26,24.0,1920.0,1080.0,1.7777777777777777,91.7877987534291,75.0,1000,250.0,IPS,4.0,2.0736,Medium,FullHD,0,0,Philips,9.991647686118839,Non-Gaming
Lenovo Legion Y32p-30,2299.0,3385.0,63149.24,31.5,3840.0,2160.0,1.7777777777777777,139.8671219099872,144.0,1000,400.0,IPS,2.0,8.2944,Large,4K,1,1,Lenovo,11.053271928246474,Gaming
Xiaomi Curved Gaming Monitor G34WQi,999.0,1479.0,27530.58,34.0,3440.0,1440.0,2.388888888888889,109.68340725465096,180.0,4000,350.0,VA,4.442516268980477,4.9536,XLarge,QHD,1,0,Xiaomi,10.223088988425868,Gaming
Lenovo ThinkCentre TIO Flex 27i,1267.0,1267.0,28152.74,27.0,1920.0,1080.0,1.7777777777777777,81.58915444749253,60.0,1000,300.0,IPS,4.0,2.0736,Large,FullHD,0,0,Lenovo,10.245435484423055,Non-Gaming
Iiyama ProLite XUB2792QSU-B6,816.0,1085.0,21120.11,27.0,2560.0,1440.0,1.7777777777777777,108.78553926332336,100.0,1300,250.0,IPS,4.951367781155016,3.6864,Large,QHD,0,0,Iiyama,9.958028293257318,Non-Gaming
Acer Nitro XV272UKVbmiiprzx,1699.0,1699.0,37751.78,27.0,2560.0,1440.0,1.7777777777777777,108.78553926332336,144.0,1000,400.0,IPS,1.0,3.6864,Large,QHD,1,0,Acer,10.53881439434981,Gaming
AOC 22E2UMF,401.0,498.0,9987.89,21.5,1920.0,1080.0,1.7777777777777777,102.460798608479,75.0,3000,250.0,VA,4.0,2.0736,Small,FullHD,0,0,AOC,9.209228754358191,Non-Gaming
Philips Evnia 24M2N3201A,469.0,751.0,13554.2,23.8,1920.0,1080.0,1.7777777777777777,92.55912479337388,180.0,1000,300.0,IPS,1.0,2.0736,Small,FullHD,1,0,Philips,9.514525516526978,Gaming
Acer Nitro XF270X1biiph,540.0,859.0,15542.89,27.0,1920.0,1080.0,1.7777777777777777,81.58915444749253,200.0,1000,250.0,IPS,4.951367781155016,2.0736,Large,FullHD,1,0,Acer,9.651422914346698,Gaming
MSI Optix G272CQP,1342.0,1342.0,29819.24,27.0,2560.0,1440.0,1.7777777777777777,108.78553926332336,170.0,3000,300.0,VA,4.442516268980477,3.6864,Large,QHD,1,0,MSI,10.30294263657608,Gaming
Dell S2422HG,1025.0,1037.0,22908.82,24.0,1920.0,1080.0,1.7777777777777777,91.7877987534291,165.0,3000,350.0,VA,4.0,2.0736,Medium,FullHD,1,0,Dell,10.039320918585599,Gaming
Dell Pro Plus P3225DE,1588.0,1965.0,39473.829999999994,31.5,2560.0,1440.0,1.7777777777777777,93.24474793999148,100.0,1500,350.0,IPS,5.0,3.6864,Large,QHD,0,0,Dell,10.583418532591454,Non-Gaming
TCL 27G64,1660.0,1919.0,39762.689999999995,27.0,2560.0,1440.0,1.7777777777777777,108.78553926332336,180.0,5000,600.0,VA,1.0,3.6864,Large,QHD,1,0,TCL,10.590709463305268,Gaming
Cooler Master GM2711S,1149.0,1149.0,25530.78,27.0,2560.0,1440.0,1.7777777777777777,108.78553926332336,180.0,1000,350.0,IPS,2.0,3.6864,Large,QHD,1,0,Cooler Master,10.14767922970088,Gaming
AOC C27G2E,910.0,1046.0,21731.16,27.0,1920.0,1080.0,1.7777777777777777,81.58915444749253,165.0,3000,369.7073170731707,VA,4.0,2.0736,Large,FullHD,1,0,AOC,9.986548470059184,Gaming
Acer K273Ebmix,517.0,517.0,11487.74,27.0,1920.0,1080.0,1.7777777777777777,81.58915444749253,100.0,1000,250.0,IPS,4.951367781155016,2.0736,Large,FullHD,0,0,Acer,9.349122704255228,Non-Gaming
Acer Nitro KG242YEbmiix,444.0,492.0,10398.96,23.8,1920.0,1080.0,1.7777777777777777,92.55912479337388,100.0,1000,250.0,IPS,4.951367781155016,2.0736,Small,FullHD,0,0,Acer,9.24955723896822,Non-Gaming
Asus ProArt PA24ACRV,1441.0,1932.0,37474.03,23.8,2560.0,1440.0,1.7777777777777777,123.41216639116516,75.0,1000,350.0,IPS,5.0,3.6864,Small,QHD,0,0,Asus,10.531430123504167,Non-Gaming
Iiyama G-Master GCB3482WQSU-B1,1083.0,1297.0,26441.8,34.0,3440.0,1440.0,2.388888888888889,109.68340725465096,120.0,3000,500.0,VA,4.442516268980477,4.9536,XLarge,QHD,1,0,Iiyama,10.182739188509883,Gaming
AOC AGON AG275QZN,1599.0,1865.0,38485.04,27.0,2560.0,1440.0,1.7777777777777777,108.78553926332336,240.0,1000,400.0,VA,1.0,3.6864,Large,QHD,1,0,AOC,10.558050857118944,Gaming
AOC 24G2ZU,835.0,835.0,18553.7,24.0,1920.0,1080.0,1.7777777777777777,91.7877987534291,240.0,1000,350.0,IPS,4.0,2.0736,Medium,FullHD,1,0,AOC,9.828478405215245,Gaming
Eizo FlexScan EV2457,2149.0,2731.0,54216.8,24.0,1920.0,1200.0,1.6,94.33981132056604,60.0,1000,350.0,IPS,5.0,2.304,Medium,FullHD,0,0,Eizo,10.900764546796031,Non-Gaming
Iiyama G-Master GCB3484WQSU-B1,1280.0,1408.0,29863.68,34.0,3440.0,1440.0,2.388888888888889,109.68340725465096,180.0,4000,500.0,VA,4.442516268980477,4.9536,XLarge,QHD,1,0,Iiyama,10.304431790225358,Gaming
Asus ROG Strix XG259QNS,1849.0,2183.0,44795.52,24.5,1920.0,1080.0,1.7777777777777777,89.91457837070605,380.0,1000,400.0,IPS,1.0,2.0736,Medium,FullHD,1,0,Asus,10.709885736814512,Gaming
UPERFECT Ubegin B5,424.0,499.0,10254.53,15.6,1920.0,1080.0,1.7777777777777777,141.21199808219862,60.0,800,250.0,IPS,30.0,2.0736,Small,FullHD,0,0,UPERFECT,9.235572351277296,Non-Gaming
Samsung S32A700N,1499.0,2032.0,39229.41,32.0,3840.0,2160.0,1.7777777777777777,137.68169813014364,60.0,1000,300.0,VA,5.0,8.2944,XLarge,4K,0,0,Samsung,10.577207490334303,Non-Gaming
Dell Plus S2725QS,1139.0,1372.0,27897.21,27.0,3840.0,2160.0,1.7777777777777777,163.1783088949851,120.0,1500,350.0,IPS,4.0,8.2944,Large,4K,1,1,Dell,10.23631780804517,Gaming
Philips 24M1N3200ZA,666.0,1099.0,19609.15,24.0,1920.0,1080.0,1.7777777777777777,91.7877987534291,165.0,1100,250.0,IPS,4.0,2.0736,Medium,FullHD,1,0,Philips,9.88380256831973,Gaming
Asus VZ239HE,548.0,2139.0,29852.57,23.0,1920.0,1080.0,1.7777777777777777,95.77857261227383,60.0,1000,250.0,IPS,5.0,2.0736,Small,FullHD,0,0,Asus,10.304059709659429,Non-Gaming
Viewsonic VX2758A-2K-PRO-2,1114.0,1274.0,26530.68,27.0,2560.0,1440.0,1.7777777777777777,108.78553926332336,180.0,1000,300.0,IPS,4.951367781155016,3.6864,Large,QHD,1,0,Viewsonic,10.18609476966513,Gaming
Viewsonic VP2776T-4K,3599.0,3998.0,84402.67,27.0,3840.0,2160.0,1.7777777777777777,163.1783088949851,60.0,2000,400.0,IPS,5.0,8.2944,Large,4K,0,0,Viewsonic,11.343366163050995,Non-Gaming
ASRock Phantom Gaming PGO32UFS,3431.0,3893.0,81369.64,31.5,3840.0,2160.0,1.7777777777777777,139.8671219099872,240.0,1500000,275.0,OLED,1.0,8.2944,Large,4K,1,1,ASRock,11.306769798966396,Gaming
Iiyama ProLite LH5052UHS-B1,3177.0,3177.0,70592.94,50.0,3840.0,2160.0,1.7777777777777777,88.11628680329193,60.0,4000,500.0,VA,8.0,8.2944,XLarge,4K,0,0,Iiyama,11.164699584103188,Non-Gaming
Gigabyte Aorus MO34WQC,2520.0,3479.0,66648.89,34.0,3440.0,1440.0,2.388888888888889,109.68340725465096,175.0,1500000,250.0,OLED,1.0,4.9536,XLarge,QHD,1,0,Gigabyte,11.10720867519289,Gaming
Asus VA32UQSB,1844.0,2547.0,48784.009999999995,31.5,3840.0,2160.0,1.7777777777777777,139.8671219099872,60.0,1000,350.0,IPS,4.0,8.2944,Large,4K,0,0,Asus,10.795178372523068,Non-Gaming
HP Z25xs G3,1240.0,1586.0,31396.859999999997,25.0,2560.0,1440.0,1.7777777777777777,117.48838240438926,60.0,1000,266.0,IPS,14.0,3.6864,Medium,QHD,0,0,HP,10.35449501670759,Non-Gaming
MSI MAG401QR,1699.0,2525.0,46928.64,40.0,3440.0,1440.0,2.388888888888889,93.23089616645332,155.0,1000,400.0,IPS,4.951367781155016,4.9536,XLarge,QHD,1,0,MSI,10.75640473775968,Gaming
Asus ZenScreen MB229CF,1243.0,1492.0,30385.85,21.5,1920.0,1080.0,1.7777777777777777,102.460798608479,100.0,1000,250.0,IPS,5.0,2.0736,Small,FullHD,0,0,Asus,10.32176522802127,Non-Gaming
AOC AGON AG274QS,3899.0,3899.0,86635.78,27.0,2560.0,1440.0,1.7777777777777777,108.78553926332336,300.0,1000,350.0,IPS,1.0,3.6864,Large,QHD,1,0,AOC,11.369479715702601,Gaming
AOC 24B2XHM2,419.0,644.0,11809.93,24.0,1920.0,1080.0,1.7777777777777777,91.7877987534291,75.0,3000,250.0,VA,4.0,2.0736,Medium,FullHD,0,0,AOC,9.376780652915764,Non-Gaming
Asus ROG Strix XG32AQ,2176.0,2323.0,49983.89,32.0,2560.0,1440.0,1.7777777777777777,91.7877987534291,175.0,1000,600.0,IPS,1.0,3.6864,XLarge,QHD,1,0,Asus,10.819476038738662,Gaming
Asus BE248QF,932.0,997.0,21431.19,24.1,1920.0,1200.0,1.6,93.94835982131056,100.0,1500,350.0,IPS,5.0,2.304,Medium,FullHD,0,0,Asus,9.972649276433376,Non-Gaming
Redragon Mirror II,672.0,829.0,16676.11,27.0,1920.0,1080.0,1.7777777777777777,81.58915444749253,180.0,1000,250.0,IPS,4.951367781155016,2.0736,Large,FullHD,1,0,Redragon,9.721792399510361,Gaming
AOC G2790PX,1538.0,1745.0,36474.13,27.0,1920.0,1080.0,1.7777777777777777,81.58915444749253,144.0,1000,400.0,TN,1.0,2.0736,Large,FullHD,1,0,AOC,10.504385937469625,Gaming
Philips 271V8LA,428.0,647.0,11943.25,27.0,1920.0,1080.0,1.7777777777777777,81.58915444749253,75.0,3000,250.0,VA,4.0,2.0736,Large,FullHD,0,0,Philips,9.388005270011362,Non-Gaming
Acer Vero CB272E3bmiprx,679.0,679.0,15087.38,27.0,1920.0,1080.0,1.7777777777777777,81.58915444749253,100.0,1000,250.0,IPS,4.951367781155016,2.0736,Large,FullHD,0,0,Acer,9.62168019013403,Non-Gaming
Asus ZenScreen Go MB16AHP,1159.0,1555.0,30152.539999999997,15.6,1920.0,1080.0,1.7777777777777777,141.21199808219862,60.0,700,250.0,IPS,5.0,2.0736,Small,FullHD,0,0,Asus,10.314057608198295,Non-Gaming
AOC Q27P3CW,1156.0,1496.0,29463.72,27.0,2560.0,1440.0,1.7777777777777777,108.78553926332336,75.0,1000,350.0,IPS,4.0,3.6864,Large,QHD,0,0,AOC,10.29094889442693,Non-Gaming
Iiyama ProLite T1932MSC-B1S,2075.0,2413.0,49861.68,19.0,1280.0,1024.0,1.25,86.27367393593732,75.0,1000,225.0,IPS,14.0,1.31072,Small,HD,0,0,Iiyama,10.817028106134446,Non-Gaming
Dell Pro Plus P3425WE,1841.0,2441.0,47573.02,34.1,3440.0,1440.0,2.388888888888889,109.36175503396284,100.0,1500,350.0,IPS,5.0,4.9536,XLarge,QHD,0,0,Dell,10.770042092898061,Non-Gaming
Iiyama ProLite XUB2793HS-B7,471.0,789.0,13998.6,27.0,1920.0,1080.0,1.7777777777777777,81.58915444749253,100.0,1300,300.0,IPS,4.951367781155016,2.0736,Large,FullHD,0,0,Iiyama,9.546784036760654,Non-Gaming
Dell S2721HN,902.0,902.0,20042.44,27.0,1920.0,1080.0,1.7777777777777777,81.58915444749253,75.0,1000,300.0,IPS,4.0,2.0736,Large,FullHD,0,0,Dell,9.905657197154104,Non-Gaming
Lenovo Legion Y27-30,880.0,1768.0,29419.28,27.0,1920.0,1080.0,1.7777777777777777,81.58915444749253,180.0,1000,400.0,IPS,1.0,2.0736,Large,FullHD,1,0,Lenovo,10.289439511445286,Gaming
LG 27BK55YP,673.0,1057.0,19220.3,27.0,1920.0,1080.0,1.7777777777777777,81.58915444749253,75.0,1000,250.0,IPS,5.0,2.0736,Large,FullHD,0,0,LG,9.863774318114157,Non-Gaming
Hannspree HP248PJB,607.0,739.0,14954.06,24.0,1920.0,1080.0,1.7777777777777777,91.7877987534291,60.0,1000,250.0,Other,4.0,2.0736,Medium,FullHD,0,0,Hannspree,9.612804983092108,Non-Gaming
ALOGIC Clarity 27C4KPDW,4244.0,4367.0,95668.21,27.0,3840.0,2160.0,1.7777777777777777,163.1783088949851,60.0,1000,400.0,VA,5.0,8.2944,Large,4K,0,0,ALOGIC,11.468651791086117,Non-Gaming
Asus ZenScreen MB16AHG,1266.0,1483.0,30541.39,15.6,1920.0,1080.0,1.7777777777777777,141.21199808219862,144.0,1200,300.0,IPS,3.0,2.0736,Small,FullHD,1,0,Asus,10.32687083373289,Gaming
MSI MAG 27CQ6F,719.0,1234.0,21697.83,27.0,2560.0,1440.0,1.7777777777777777,108.78553926332336,180.0,5000,300.0,VA,4.442516268980477,3.6864,Large,QHD,1,0,MSI,9.985013621024283,Gaming
Asus ZenScreen OLED MQ16AH,1799.0,2641.0,49328.399999999994,15.6,1920.0,1080.0,1.7777777777777777,141.21199808219862,60.0,100000,400.0,OLED,1.0,2.0736,Small,FullHD,0,0,Asus,10.80627553116983,Non-Gaming
Asus TUF Gaming VG27WQ3B,819.0,1174.0,22142.23,27.0,2560.0,1440.0,1.7777777777777777,108.78553926332336,180.0,5000,300.0,VA,1.0,3.6864,Large,QHD,1,0,Asus,10.005287085413979,Gaming
Lenovo ThinkVision T34WD-40,2087.0,2846.0,54805.63,34.0,3440.0,1440.0,2.388888888888889,109.68340725465096,120.0,3000,300.0,VA,6.0,4.9536,XLarge,QHD,1,0,Lenovo,10.911566451019423,Gaming
MSI MAG 244F,429.0,528.0,10632.27,23.8,1920.0,1080.0,1.7777777777777777,92.55912479337388,200.0,1000,300.0,IPS,4.951367781155016,2.0736,Small,FullHD,1,0,MSI,9.271743043974237,Gaming
Samsung S24C432G,474.0,831.0,14498.55,24.0,1920.0,1080.0,1.7777777777777777,91.7877987534291,100.0,1000,250.0,IPS,4.0,2.0736,Medium,FullHD,0,0,Samsung,9.581872893444327,Non-Gaming
Iiyama G-Master GB2770QSU-B5,899.0,899.0,19975.78,27.0,2560.0,1440.0,1.7777777777777777,108.78553926332336,165.0,1000,400.0,IPS,4.0,3.6864,Large,QHD,1,0,Iiyama,9.902325878053528,Gaming
Acer Vero CB273Ebemipruzxv,845.0,884.0,19209.19,27.0,1920.0,1080.0,1.7777777777777777,81.58915444749253,100.0,1000,300.0,IPS,4.951367781155016,2.0736,Large,FullHD,0,0,Acer,9.863196146395627,Non-Gaming
Neovo FM-24,496.0,496.0,11021.12,24.0,1920.0,1080.0,1.7777777777777777,91.7877987534291,75.0,1000,250.0,Other,5.0,2.0736,Medium,FullHD,0,0,Neovo,9.30765944170019,Non-Gaming
Fujitsu B2410 WE,1931.0,1931.0,42906.82,24.0,1920.0,1200.0,1.6,94.33981132056604,60.0,1000,300.0,IPS,5.0,2.304,Medium,FullHD,0,0,Fujitsu,10.666809372686613,Non-Gaming
BenQ Mobiuz EX271Q,1299.0,1691.0,33218.9,27.0,2560.0,1440.0,1.7777777777777777,108.78553926332336,180.0,1000,350.0,IPS,1.0,3.6864,Large,QHD,1,0,BenQ,10.410904372927957,Gaming
Viewsonic VA270-H,408.0,474.0,9799.02,27.0,1920.0,1080.0,1.7777777777777777,81.58915444749253,100.0,1000,250.0,IPS,4.951367781155016,2.0736,Large,FullHD,0,0,Viewsonic,9.190139705472907,Non-Gaming
Dell P3424WE,2170.0,3430.0,62216.0,34.14,3440.0,1440.0,2.388888888888889,109.23362175331378,60.0,1000,300.0,IPS,5.0,4.9536,XLarge,QHD,0,0,Dell,11.038383553281484,Non-Gaming
LG UltraGear 27GR75Q,1277.0,2559.0,42617.96,27.0,2560.0,1440.0,1.7777777777777777,108.78553926332336,165.0,1000,300.0,IPS,1.0,3.6864,Large,QHD,1,0,LG,10.660054503665535,Gaming
Philips 439P1,2413.0,3015.0,60305.079999999994,43.0,3840.0,2160.0,1.7777777777777777,102.460798608479,60.0,4000,400.0,VA,4.0,8.2944,XLarge,4K,0,0,Philips,11.007188206819752,Non-Gaming
Philips 245E1S,532.0,681.0,13476.429999999998,24.0,2560.0,1440.0,1.7777777777777777,122.3837316712388,75.0,1000,250.0,IPS,4.0,3.6864,Medium,QHD,0,0,Philips,9.508771713470749,Non-Gaming
Acer RG270bmiix,1609.0,1609.0,35751.979999999996,27.0,1920.0,1080.0,1.7777777777777777,81.58915444749253,75.0,1000,250.0,IPS,5.0,2.0736,Large,FullHD,0,0,Acer,10.484388901291538,Non-Gaming
AOC U27G4R,1345.0,1660.0,33385.549999999996,27.0,3840.0,2160.0,1.7777777777777777,163.1783088949851,160.0,1000,400.0,IPS,1.0,8.2944,Large,4K,1,1,AOC,10.415908403250764,Gaming
Acer Nitro QG270H3bix,521.0,521.0,11576.62,27.0,1920.0,1080.0,1.7777777777777777,81.58915444749253,100.0,1000,250.0,VA,4.0,2.0736,Large,FullHD,0,0,Acer,9.356829203233172,Non-Gaming
Acer Vero B277Ebmiprzxv,656.0,1223.0,20875.69,27.0,1920.0,1080.0,1.7777777777777777,81.58915444749253,100.0,1000,250.0,IPS,4.0,2.0736,Large,FullHD,0,0,Acer,9.94638850452596,Non-Gaming
Philips 27B2G5500,964.0,2590.0,39484.939999999995,27.0,2560.0,1440.0,1.7777777777777777,108.78553926332336,100.0,1500,300.0,IPS,4.0,3.6864,Large,QHD,0,0,Philips,10.583699938157112,Non-Gaming
Asus ProArt PA348CGV,3235.0,4490.0,85824.75,34.0,3440.0,1440.0,2.388888888888889,109.68340725465096,120.0,1000,350.0,IPS,2.0,4.9536,XLarge,QHD,1,0,Asus,11.360074357000206,Gaming
Iiyama ProLite LH3275HS-B1AG,2035.0,2551.0,50950.46,31.5,1920.0,1080.0,1.7777777777777777,69.9335609549936,60.0,1200,500.0,IPS,8.0,2.0736,Large,FullHD,0,0,Iiyama,10.83862869378496,Non-Gaming
Samsung QM32R,2206.0,3760.0,66282.26,32.0,1920.0,1080.0,1.7777777777777777,68.84084906507182,60.0,5000,400.0,Other,8.0,2.0736,XLarge,FullHD,0,0,Samsung,11.101692655605536,Non-Gaming
Acer Nitro XV272UV3bmiiprx,699.0,1253.0,21686.72,27.0,2560.0,1440.0,1.7777777777777777,108.78553926332336,180.0,1000,350.0,IPS,1.0,3.6864,Large,QHD,1,0,Acer,9.984501480729984,Gaming
Iiyama ProLite XB2492HSU-B1,593.0,712.0,14498.55,23.8,1920.0,1080.0,1.7777777777777777,92.55912479337388,120.0,1500,300.0,IPS,3.0,2.0736,Small,FullHD,1,0,Iiyama,9.581872893444327,Gaming
Philips 27M1N5200PA,1847.0,1847.0,41040.34,27.0,1920.0,1080.0,1.7777777777777777,81.58915444749253,240.0,1000,400.0,IPS,1.0,2.0736,Large,FullHD,1,0,Philips,10.62233513038374,Gaming
HP M32f,999.0,999.0,22197.78,32.0,1920.0,1080.0,1.7777777777777777,68.84084906507182,75.0,1000,300.0,VA,7.0,2.0736,XLarge,FullHD,0,0,HP,10.007792611395336,Non-Gaming
HP 534pm,2260.0,2521.0,53116.91,34.0,3440.0,1440.0,2.388888888888889,109.68340725465096,100.0,4000,400.0,VA,5.0,4.9536,XLarge,QHD,0,0,HP,10.880269438496768,Non-Gaming
Dahua LM30-E330CA,894.0,1042.0,21508.96,30.0,2560.0,1080.0,2.3703703703703702,92.6162932629987,200.0,3000,250.0,VA,4.442516268980477,2.7648,Large,FullHD,1,0,Dahua,9.97627136265986,Gaming
Philips Evnia 25M2N5200U,1399.0,1469.0,31863.48,24.5,1920.0,1080.0,1.7777777777777777,89.91457837070605,390.0,1000,400.0,IPS,1.0,2.0736,Medium,FullHD,1,0,Philips,10.369247188770112,Gaming
Philips Momentum 27M1C5500VL,899.0,1127.0,22508.86,27.0,2560.0,1440.0,1.7777777777777777,108.78553926332336,165.0,4000,250.0,VA,4.0,3.6864,Large,QHD,1,0,Philips,10.021708714423418,Gaming
Philips 499P9H,4103.0,4620.0,96912.53,49.0,5120.0,1440.0,3.5555555555555554,108.54380498674064,60.0,3000,450.0,Other,5.0,7.3728,XLarge,QHD,0,0,Philips,11.48157441661468,Non-Gaming
MSI PRO MP341CQ,1049.0,1757.0,31174.66,34.0,3440.0,1440.0,2.388888888888889,109.68340725465096,100.0,3000,369.7073170731707,VA,4.0,4.9536,XLarge,QHD,0,0,MSI,10.347392941134082,Non-Gaming
Samsung PM32F,2690.0,3549.0,69315.29,32.0,1920.0,1080.0,1.7777777777777777,68.84084906507182,75.0,5000,400.0,Other,8.0,2.0736,XLarge,FullHD,0,0,Samsung,11.146435222489627,Non-Gaming
Acer Predator X34Vbmiiphuzx,2749.0,4399.0,79414.28,34.0,3440.0,1440.0,2.388888888888889,109.68340725465096,175.0,1500000,1000.0,OLED,1.0,4.9536,XLarge,QHD,1,0,Acer,11.282446072045323,Gaming
Viewsonic Omni XG2431,1199.0,1506.0,30052.55,23.8,1920.0,1080.0,1.7777777777777777,92.55912479337388,240.0,1000,350.0,IPS,1.0,2.0736,Small,FullHD,1,0,Viewsonic,10.310736069425062,Gaming
Gigabyte M28U,1564.0,4147.0,63449.21,28.0,3840.0,2160.0,1.7777777777777777,157.3505121487356,144.0,1000,300.0,IPS,1.0,8.2944,Large,4K,1,1,Gigabyte,11.058010782829728,Gaming
Viewsonic VG2409U-2,865.0,1148.0,22364.43,23.8,1920.0,1080.0,1.7777777777777777,92.55912479337388,100.0,1300,350.0,IPS,4.0,2.0736,Small,FullHD,0,0,Viewsonic,10.015271742152054,Non-Gaming
LG UltraGear 32GS85QX,1162.0,1610.0,30796.92,31.5,2560.0,1440.0,1.7777777777777777,93.24474793999148,180.0,1000,350.0,IPS,1.0,3.6864,Large,QHD,1,0,LG,10.335202434213713,Gaming
Philips 55BDL3650Q,3814.0,5223.0,100401.07,54.6,3840.0,2160.0,1.7777777777777777,80.69257033268492,60.0,1300,400.0,IPS,9.0,8.2944,XLarge,4K,0,0,Philips,11.516938103557107,Non-Gaming
Iiyama G-Master G2730HSU-B1,824.0,824.0,18309.28,27.0,1920.0,1080.0,1.7777777777777777,81.58915444749253,75.0,1000,300.0,TN,1.0,2.0736,Large,FullHD,0,0,Iiyama,9.815217929741692,Non-Gaming
Lenovo Legion R27qe Gen 2,1029.0,1356.0,26497.35,27.0,2560.0,1440.0,1.7777777777777777,108.78553926332336,200.0,1000,400.0,IPS,1.0,3.6864,Large,QHD,1,0,Lenovo,10.184837745884877,Gaming
MSI G27C4 E3,569.0,1057.0,18064.86,27.0,1920.0,1080.0,1.7777777777777777,81.58915444749253,180.0,3000,250.0,VA,4.442516268980477,2.0736,Large,FullHD,1,0,MSI,9.801779248316317,Gaming
LG 27UP850K,1208.0,1719.0,32518.97,27.0,3840.0,2160.0,1.7777777777777777,163.1783088949851,60.0,1200,400.0,IPS,5.0,8.2944,Large,4K,0,0,LG,10.389609641152097,Non-Gaming
Acer Nitro ED320QRS3bmiipx,834.0,874.0,18975.879999999997,31.5,1920.0,1080.0,1.7777777777777777,69.9335609549936,165.0,3000,300.0,VA,4.442516268980477,2.0736,Large,FullHD,1,0,Acer,9.850976675089816,Gaming
HP OMEN 27qs G2,1699.0,2107.0,42284.66,27.0,2560.0,1440.0,1.7777777777777777,108.78553926332336,280.0,1000,400.0,IPS,1.0,3.6864,Large,QHD,1,0,HP,10.652203300466276,Gaming
HP 724pn,1003.0,1544.0,28297.17,24.0,1920.0,1200.0,1.6,94.33981132056604,100.0,1500,350.0,IPS,5.0,2.304,Medium,FullHD,0,0,HP,10.250552417229548,Non-Gaming
Samsung Smart Monitor M70F 32,1319.0,1707.0,33618.86,31.5,3840.0,2160.0,1.7777777777777777,139.8671219099872,60.0,3000,300.0,VA,4.0,8.2944,Large,4K,0,0,Samsung,10.422872242765953,Non-Gaming
MSI PRO MP245PG,376.0,665.0,11565.51,23.8,1920.0,1080.0,1.7777777777777777,92.55912479337388,100.0,1300,300.0,IPS,4.0,2.0736,Small,FullHD,0,0,MSI,9.355869132506523,Non-Gaming
Acer Vero RS242Ybpamix,373.0,613.0,10954.46,23.8,1920.0,1080.0,1.7777777777777777,92.55912479337388,100.0,1000,250.0,IPS,4.951367781155016,2.0736,Small,FullHD,0,0,Acer,9.301593241106936,Non-Gaming
Acer KA272Gbip,465.0,758.0,13587.53,27.0,1920.0,1080.0,1.7777777777777777,81.58915444749253,75.0,1000,250.0,IPS,4.951367781155016,2.0736,Large,FullHD,0,0,Acer,9.516981333524216,Non-Gaming
MSI Optix G32CQ4 E2,799.0,1825.0,29152.64,31.5,2560.0,1440.0,1.7777777777777777,93.24474793999148,170.0,3000,250.0,VA,4.442516268980477,3.6864,Large,QHD,1,0,MSI,10.28033505533792,Gaming
Asus ROG Strix XG49VQ,3359.0,4727.0,89835.45999999999,49.0,3840.0,1080.0,3.5555555555555554,81.40785374005549,144.0,3000,450.0,VA,4.0,4.1472,XLarge,QHD,1,0,Asus,11.405746185252198,Gaming
UPERFECT UFilm A17,899.0,1106.0,22275.55,15.6,3840.0,2160.0,1.7777777777777777,282.42399616439724,60.0,1000,340.0,IPS,30.0,8.2944,Small,4K,0,0,UPERFECT,10.011289834654356,Non-Gaming
Viewsonic VX2479J-HD-PRO,495.0,939.0,15931.74,23.8,1920.0,1080.0,1.7777777777777777,92.55912479337388,180.0,1000,250.0,IPS,4.951367781155016,2.0736,Small,FullHD,1,0,Viewsonic,9.676131390624343,Gaming
Samsung S27A800NM,2063.0,2063.0,45839.86,27.0,3840.0,2160.0,1.7777777777777777,163.1783088949851,60.0,1000,300.0,IPS,5.0,8.2944,Large,4K,0,0,Samsung,10.732931112120141,Non-Gaming
Acer Nitro XZ340CURX0bmiiphx,1271.0,1549.0,31330.199999999997,34.0,3440.0,1440.0,2.388888888888889,109.68340725465096,200.0,1000,250.0,VA,4.442516268980477,4.9536,XLarge,QHD,1,0,Acer,10.352369685159752,Gaming
Asus VA24DQSB,513.0,864.0,15298.47,24.0,1920.0,1080.0,1.7777777777777777,91.7877987534291,75.0,1000,250.0,IPS,5.0,2.0736,Medium,FullHD,0,0,Asus,9.635573466257654,Non-Gaming
Gigabyte M27Q,778.0,1179.0,21742.27,27.0,2560.0,1440.0,1.7777777777777777,108.78553926332336,170.0,1000,350.0,IPS,4.951367781155016,3.6864,Large,QHD,1,0,Gigabyte,9.987059563347593,Gaming
AOC 27G2SAE,654.0,889.0,17142.73,27.0,1920.0,1080.0,1.7777777777777777,81.58915444749253,165.0,3000,350.0,VA,4.0,2.0736,Large,FullHD,1,0,AOC,9.749387788079327,Gaming
Dahua LM27-E230C,414.0,1388.0,20020.22,27.0,1920.0,1080.0,1.7777777777777777,81.58915444749253,165.0,3000,250.0,VA,5.0,2.0736,Large,FullHD,1,0,Dahua,9.904547990073441,Gaming
Iiyama ProLite XUB2797QSN-B2,1021.0,1212.0,24808.629999999997,27.0,2560.0,1440.0,1.7777777777777777,108.78553926332336,103.74406332453826,1300,300.0,IPS,4.951367781155016,3.6864,Large,QHD,0,0,Iiyama,10.118987163233246,Non-Gaming
Iiyama ProLite B1980S-B1,639.0,712.0,15009.61,19.0,1280.0,1024.0,1.25,86.27367393593732,75.0,1000,250.0,TN,3.0,1.31072,Small,HD,0,0,Iiyama,9.61651256337536,Non-Gaming
Philips 32B1N3800,1239.0,1788.0,33629.97,31.5,3840.0,2160.0,1.7777777777777777,139.8671219099872,60.0,3500,350.0,VA,4.0,8.2944,Large,4K,0,0,Philips,10.423202647613033,Non-Gaming
Asus ROG Strix XG27UQR,2257.0,2725.0,55350.02,27.0,3840.0,2160.0,1.7777777777777777,163.1783088949851,144.0,1000,350.0,IPS,4.951367781155016,8.2944,Large,4K,1,1,Asus,10.921450366151268,Gaming
Iiyama ProLite XUB2495WSU-B7,689.0,888.0,17520.469999999998,24.1,1920.0,1200.0,1.6,93.94835982131056,75.0,1000,300.0,IPS,4.0,2.304,Medium,FullHD,0,0,Iiyama,9.771182265080219,Non-Gaming
Iiyama ProLite T2755MSC-B1,1578.0,2232.0,42329.1,27.0,1920.0,1080.0,1.7777777777777777,81.58915444749253,60.0,1000,360.0,IPS,5.0,2.0736,Large,FullHD,0,0,Iiyama,10.653253695902919,Non-Gaming
Iiyama ProLite T2438MSC-B1,2201.0,2356.0,50628.27,23.8,1920.0,1080.0,1.7777777777777777,92.55912479337388,60.0,1000,525.0,IPS,5.0,2.0736,Small,FullHD,0,0,Iiyama,10.832285146530955,Non-Gaming
Samsung QB24C,1287.0,2000.0,36518.57,23.8,1920.0,1080.0,1.7777777777777777,92.55912479337388,103.74406332453826,1000,250.0,IPS,14.0,2.0736,Small,FullHD,0,0,Samsung,10.505603560269378,Non-Gaming
LG 32UR500,1136.0,1256.0,26575.12,31.5,3840.0,2160.0,1.7777777777777777,139.8671219099872,60.0,3000,250.0,VA,4.0,8.2944,Large,4K,0,0,LG,10.18776834719508,Non-Gaming
Samsung Odyssey G30D 27,470.0,961.0,15898.41,27.0,1920.0,1080.0,1.7777777777777777,81.58915444749253,180.0,3000,250.0,VA,4.442516268980477,2.0736,Large,FullHD,1,0,Samsung,9.674037280601604,Gaming
Philips 346P1CRH,1989.0,3034.0,55805.53,34.0,3440.0,1440.0,2.388888888888889,109.68340725465096,100.0,3000,500.0,VA,4.0,4.9536,XLarge,QHD,0,0,Philips,10.929646166612107,Non-Gaming
Iiyama ProLite TF2738MSC-B2,2570.0,3379.0,66093.39,27.0,1920.0,1080.0,1.7777777777777777,81.58915444749253,60.0,1000,500.0,IPS,5.0,2.0736,Large,FullHD,0,0,Iiyama,11.098839150831036,Non-Gaming
Asus ROG Strix XG279CNS,1567.0,1928.0,38829.45,27.0,1920.0,1080.0,1.7777777777777777,81.58915444749253,380.0,1000,400.0,IPS,4.951367781155016,2.0736,Large,FullHD,1,0,Asus,10.566960011636155,Gaming
Iiyama ProLite XU2763HSU-B1,598.0,822.0,15776.2,27.0,1920.0,1080.0,1.7777777777777777,81.58915444749253,100.0,1300,250.0,IPS,3.0,2.0736,Large,FullHD,0,0,Iiyama,9.66632113885835,Non-Gaming
LC-Power LC-M34-UWQHD-100-C-V3,1134.0,1441.0,28608.25,34.0,3440.0,1440.0,2.388888888888889,109.68340725465096,100.0,3000,300.0,VA,6.0,4.9536,XLarge,QHD,0,0,LC-Power,10.26148537109027,Non-Gaming
HP OMEN 32x,2979.0,3606.0,73159.34999999999,31.5,3840.0,2160.0,1.7777777777777777,139.8671219099872,144.0,1000,400.0,IPS,1.0,8.2944,Large,4K,1,1,HP,11.20040888652835,Gaming
Samsung Odyssey G30A 24,549.0,1060.0,17875.989999999998,24.0,1920.0,1080.0,1.7777777777777777,91.7877987534291,144.0,3000,250.0,VA,4.0,2.0736,Medium,FullHD,1,0,Samsung,9.79126969003696,Gaming
AOC AGON PRO AG276QZD,2869.0,4126.0,77714.45,27.0,2560.0,1440.0,1.7777777777777777,108.78553926332336,240.0,1000,150.0,OLED,1.0,3.6864,Large,QHD,1,0,AOC,11.26080935828819,Gaming
Lenovo P24q-30,874.0,1183.0,22853.27,23.8,2560.0,1440.0,1.7777777777777777,123.41216639116516,60.0,1000,300.0,IPS,4.0,3.6864,Small,QHD,0,0,Lenovo,10.036893249761315,Non-Gaming
KTC H27T22,758.0,959.0,19075.87,27.0,2560.0,1440.0,1.7777777777777777,108.78553926332336,180.0,1000,300.0,IPS,1.0,3.6864,Large,QHD,1,0,KTC,9.856231885423647,Gaming
Viewsonic VA24E1-H,300.0,1487.0,19853.57,23.8,1920.0,1080.0,1.7777777777777777,92.55912479337388,120.0,1500,250.0,IPS,5.0,2.0736,Small,FullHD,1,0,Viewsonic,9.896189486317489,Gaming
Acer Nitro KG251QP3biip,401.0,663.0,11821.04,24.5,1920.0,1080.0,1.7777777777777777,89.91457837070605,180.0,3000,250.0,VA,4.442516268980477,2.0736,Medium,FullHD,1,0,Acer,9.377720864900837,Gaming
Acer KA242YEbi,425.0,425.0,9443.5,23.8,1920.0,1080.0,1.7777777777777777,92.55912479337388,100.0,1000,250.0,IPS,5.0,2.0736,Small,FullHD,0,0,Acer,9.153187840471874,Non-Gaming
LG UltraGear 27GX790A,2549.0,3799.0,70526.28,26.5,2560.0,1440.0,1.7777777777777777,110.83809660791438,480.0,1500000,275.0,OLED,1.0,3.6864,Medium,QHD,1,0,LG,11.163754864308988,Gaming
Acer Nitro VG270KV4bmiipx,1436.0,1549.0,33163.35,27.0,3840.0,2160.0,1.7777777777777777,163.1783088949851,160.0,1000,250.0,IPS,4.951367781155016,8.2944,Large,4K,1,1,Acer,10.409230782792772,Gaming
HP 27mq,994.0,994.0,22086.68,27.0,2560.0,1440.0,1.7777777777777777,108.78553926332336,60.0,1000,300.0,IPS,5.0,3.6864,Large,QHD,0,0,HP,10.002775266000517,Non-Gaming
Viewsonic VG2456,984.0,1199.0,24253.129999999997,24.0,1920.0,1080.0,1.7777777777777777,91.7877987534291,60.0,1000,250.0,IPS,5.0,2.0736,Medium,FullHD,0,0,Viewsonic,10.096342191143002,Non-Gaming
Asus ROG Strix XG32WCS,1269.0,1800.0,34096.59,31.5,2560.0,1440.0,1.7777777777777777,93.24474793999148,180.0,3500,350.0,VA,1.0,3.6864,Large,QHD,1,0,Asus,10.436981986287245,Gaming
Samsung S34A650UBU,2104.0,2500.0,51150.439999999995,34.0,3440.0,1440.0,2.388888888888889,109.68340725465096,100.0,4000,350.0,VA,5.0,4.9536,XLarge,QHD,0,0,Samsung,10.842545923476168,Non-Gaming
MSI Optix G2412,725.0,725.0,16109.5,23.8,1920.0,1080.0,1.7777777777777777,92.55912479337388,170.0,1100,250.0,IPS,4.951367781155016,2.0736,Small,FullHD,1,0,MSI,9.68722651231261,Gaming
LC-Power LC-M27FC,640.0,919.0,17320.489999999998,27.0,1920.0,1080.0,1.7777777777777777,81.58915444749253,180.0,3000,300.0,VA,4.442516268980477,2.0736,Large,FullHD,1,0,LC-Power,9.759703206129881,Gaming
Terra 3285W HA,1690.0,1707.0,37740.67,31.5,2560.0,1440.0,1.7777777777777777,93.24474793999148,180.0,1000,350.0,VA,1.0,3.6864,Large,QHD,1,0,Terra,10.538520068076018,Gaming
Philips 50BDL3550Q,2737.0,2838.0,61938.25,50.0,3840.0,2160.0,1.7777777777777777,88.11628680329193,60.0,4000,400.0,VA,8.0,8.2944,XLarge,4K,0,0,Philips,11.033909344961796,Non-Gaming
Lenovo M14t,1333.0,1850.0,35363.13,14.0,1920.0,1080.0,1.7777777777777777,157.3505121487356,60.0,700,300.0,IPS,8.0,2.0736,Small,FullHD,0,0,Lenovo,10.473453308573683,Non-Gaming
Dell Alienware AW2725Q,2990.0,3809.0,75536.89,26.7,3840.0,2160.0,1.7777777777777777,165.01177303987254,240.0,1500000,250.0,OLED,1.0,8.2944,Medium,4K,1,1,Dell,11.232389663654997,Gaming
Iiyama ProLite XU2793HSU-B6,538.0,849.0,15409.57,27.0,1920.0,1080.0,1.7777777777777777,81.58915444749253,100.0,1000,250.0,IPS,4.951367781155016,2.0736,Large,FullHD,0,0,Iiyama,9.64280891659829,Non-Gaming
Samsung ViewFinity S80UD 27,1416.0,1860.0,36396.36,27.0,3840.0,2160.0,1.7777777777777777,163.1783088949851,60.0,1000,350.0,IPS,5.0,8.2944,Large,4K,0,0,Samsung,10.50225152352206,Non-Gaming
Iiyama ProLite LH5560UHS-B2AG,3285.0,3285.0,72992.7,54.6,3840.0,2160.0,1.7777777777777777,80.69257033268492,60.0,4000,500.0,VA,4.442516268980477,8.2944,XLarge,4K,0,0,Iiyama,11.198128415036487,Non-Gaming
Iiyama G-Master GB3290QSU-B1,1266.0,1399.0,29608.15,31.5,2560.0,1440.0,1.7777777777777777,93.24474793999148,240.0,1000,400.0,IPS,4.951367781155016,3.6864,Large,QHD,1,0,Iiyama,10.295838714165528,Gaming
Asus VP229Q,505.0,730.0,13720.85,22.0,1920.0,1080.0,1.7777777777777777,100.13214409464992,75.0,1000,250.0,IPS,5.0,2.0736,Small,FullHD,0,0,Asus,9.526744731839974,Non-Gaming
Dell P2723D,1118.0,1893.0,33452.21,27.0,2560.0,1440.0,1.7777777777777777,108.78553926332336,60.0,1000,350.0,IPS,5.0,3.6864,Large,QHD,0,0,Dell,10.417903025077672,Non-Gaming
Viewsonic TD2430,1338.0,1641.0,33096.689999999995,24.0,1920.0,1080.0,1.7777777777777777,91.7877987534291,60.0,3000,250.0,VA,25.0,2.0736,Medium,FullHD,0,0,Viewsonic,10.407218770410184,Non-Gaming
AOC 24P1/GR,844.0,924.0,19642.48,23.8,1920.0,1080.0,1.7777777777777777,92.55912479337388,60.0,1000,250.0,IPS,5.0,2.0736,Small,FullHD,0,0,AOC,9.885500755621637,Non-Gaming
Philips 275S9JAL,681.0,715.0,15509.56,27.0,2560.0,1440.0,1.7777777777777777,108.78553926332336,75.0,4000,300.0,VA,4.0,3.6864,Large,QHD,0,0,Philips,9.649276361257021,Non-Gaming
AOC AGON PRO AG246FK6,3199.0,3199.0,71081.78,24.1,1920.0,1080.0,1.7777777777777777,91.40693651793768,600.0,1000,500.0,TN,4.1020408163265305,2.0736,Medium,FullHD,1,0,AOC,11.171600392364779,Gaming
Asus TUF Gaming VG279QL3A,615.0,1294.0,21208.99,27.0,1920.0,1080.0,1.7777777777777777,81.58915444749253,180.0,1000,350.0,IPS,1.0,2.0736,Large,FullHD,1,0,Asus,9.962227576082897,Gaming
Samsung F32TU870,2523.0,2523.0,56061.06,31.5,3840.0,2160.0,1.7777777777777777,139.8671219099872,60.0,2500,350.0,VA,5.0,8.2944,Large,4K,0,0,Samsung,10.934214570386853,Non-Gaming
Acer Vero B247Wbmiprzxv,977.0,1739.0,30174.76,23.8,1920.0,1200.0,1.6,95.13258284426828,75.0,1000,300.0,IPS,4.0,2.304,Small,FullHD,0,0,Acer,10.314794232061153,Non-Gaming
Asus ROG Strix XG32UCG,2361.0,2952.0,59027.43,31.5,3840.0,2160.0,1.7777777777777777,139.8671219099872,160.0,1000,350.0,IPS,1.0,8.2944,Large,4K,1,1,Asus,10.985774471235265,Gaming
Philips 34B2U5600C,1756.0,2399.0,46162.05,34.0,3440.0,1440.0,2.388888888888889,109.68340725465096,120.0,4000,300.0,VA,4.0,4.9536,XLarge,QHD,1,0,Philips,10.739934973522553,Gaming
LG UltraGear 27GS50FX,589.0,758.0,14965.17,27.0,1920.0,1080.0,1.7777777777777777,81.58915444749253,180.0,3000,250.0,VA,5.0,2.0736,Large,FullHD,1,0,LG,9.613547599656373,Gaming
HP OMEN 32c,999.0,1533.0,28130.519999999997,31.5,2560.0,1440.0,1.7777777777777777,93.24474793999148,165.0,3000,400.0,VA,1.0,3.6864,Large,QHD,1,0,HP,10.244645934862325,Gaming
MSI Modern MD2712PW,786.0,1018.0,20042.44,27.0,1920.0,1080.0,1.7777777777777777,81.58915444749253,100.0,1000,300.0,IPS,4.0,2.0736,Large,FullHD,0,0,MSI,9.905657197154104,Non-Gaming
Philips 24M1N3200VA,1318.0,1318.0,29285.96,24.0,1920.0,1080.0,1.7777777777777777,91.7877987534291,165.0,3500,350.0,VA,4.0,2.0736,Medium,FullHD,1,0,Philips,10.284897644745943,Gaming
Philips 346E2LAE,899.0,1458.0,26186.27,34.0,3440.0,1440.0,2.388888888888889,109.68340725465096,100.0,4000,300.0,VA,4.0,4.9536,XLarge,QHD,0,0,Philips,10.173028693809695,Non-Gaming
NEC X463UN,584.0,584.0,12976.48,46.0,1920.0,1080.0,1.7777777777777777,47.88928630613692,85.0,3500,700.0,VA,8.0,2.0736,XLarge,FullHD,0,0,NEC,9.47097082657132,Non-Gaming
Gigabyte GS27U,1209.0,1779.0,33196.68,27.0,3840.0,2160.0,1.7777777777777777,163.1783088949851,160.0,1000,350.0,IPS,4.951367781155016,8.2944,Large,4K,1,1,Gigabyte,10.41023527294482,Gaming
Dell C3422WE,2472.0,2472.0,54927.84,34.0,3440.0,1440.0,2.388888888888889,109.68340725465096,60.0,1000,300.0,IPS,5.0,4.9536,XLarge,QHD,0,0,Dell,10.913793808327409,Non-Gaming
Eizo ColorEdge CS2730,720.0,720.0,15998.4,27.0,2560.0,1440.0,1.7777777777777777,108.78553926332336,61.0,1000,350.0,IPS,10.0,3.6864,Large,QHD,0,0,Eizo,9.680306500518777,Non-Gaming
BenQ SW272Q,3416.0,4825.0,91557.51,27.0,2560.0,1440.0,1.7777777777777777,108.78553926332336,60.0,1000,300.0,IPS,5.0,3.6864,Large,QHD,0,0,BenQ,11.424733500452218,Non-Gaming
BenQ PD2705UA,2025.0,2277.0,47795.22,27.0,3840.0,2160.0,1.7777777777777777,163.1783088949851,60.0,1200,250.0,IPS,5.0,8.2944,Large,4K,0,0,BenQ,10.77470183585469,Non-Gaming
Viewsonic VX2718-PC-MHD,801.0,801.0,17798.219999999998,27.0,1920.0,1080.0,1.7777777777777777,81.58915444749253,165.0,4000,250.0,VA,1.0,2.0736,Large,FullHD,1,0,Viewsonic,9.786909915095324,Gaming
Viewsonic TD2223,1143.0,1419.0,28463.82,22.0,1920.0,1080.0,1.7777777777777777,100.13214409464992,75.0,1000,250.0,TN,5.0,2.0736,Small,FullHD,0,0,Viewsonic,10.256424217809945,Non-Gaming
HP P24v G5,627.0,1121.0,19420.28,23.8,1920.0,1080.0,1.7777777777777777,92.55912479337388,75.0,3000,250.0,VA,5.0,2.0736,Small,FullHD,0,0,HP,9.874124651104767,Non-Gaming
HP P17A,2249.0,2249.0,49972.78,17.0,1280.0,1024.0,1.25,96.42351792840054,76.0,1000,250.0,TN,5.0,1.31072,Small,HD,0,0,HP,10.819253746864515,Non-Gaming
Samsung S24C314E,380.0,518.0,9976.78,24.0,1920.0,1080.0,1.7777777777777777,91.7877987534291,75.0,1000,250.0,IPS,5.0,2.0736,Medium,FullHD,0,0,Samsung,9.208115899671196,Non-Gaming
Acer Nitro XV345CURVbmiphuzx,3309.0,3309.0,73525.98,34.0,3440.0,1440.0,2.388888888888889,109.68340725465096,165.0,4000,300.0,VA,1.0,4.9536,XLarge,QHD,1,0,Acer,11.205407692675378,Gaming
Dell S2721QSA,1206.0,2042.0,36085.28,27.0,3840.0,2160.0,1.7777777777777777,163.1783088949851,60.0,1000,350.0,IPS,4.0,8.2944,Large,4K,0,0,Dell,10.493668016679953,Non-Gaming
Dell Alienware AW2725DF,2555.0,4094.0,73870.39,26.7,2560.0,1440.0,1.7777777777777777,110.00784869324836,360.0,1500000,250.0,OLED,1.0,3.6864,Medium,QHD,1,0,Dell,11.210080887186145,Gaming
AOC 16T3EA,429.0,677.0,12287.66,15.6,1920.0,1080.0,1.7777777777777777,141.21199808219862,60.0,700,250.0,IPS,4.0,2.0736,Small,FullHD,0,0,AOC,9.416432164882572,Non-Gaming
Dell G3223Q,2966.0,4039.0,77825.55,32.0,3840.0,2160.0,1.7777777777777777,137.68169813014364,144.0,1000,400.0,IPS,1.0,8.2944,XLarge,4K,1,1,Dell,11.26223791159076,Gaming
MSI G2422C,427.0,427.0,9487.94,24.0,1920.0,1080.0,1.7777777777777777,91.7877987534291,180.0,3000,250.0,VA,4.442516268980477,2.0736,Medium,FullHD,1,0,MSI,9.157882188842796,Gaming
Acer B248Ybemiqprcuzx,810.0,1400.0,24553.1,23.8,1920.0,1080.0,1.7777777777777777,92.55912479337388,75.0,1000,250.0,IPS,4.0,2.0736,Small,FullHD,0,0,Acer,10.108634125388678,Non-Gaming
Viewsonic VX2758A-2K-PRO,844.0,844.0,18753.68,27.0,2560.0,1440.0,1.7777777777777777,108.78553926332336,185.0,1000,250.0,IPS,4.951367781155016,3.6864,Large,QHD,1,0,Viewsonic,9.83919860025366,Gaming
Viewsonic VG3419C,1742.0,2149.0,43229.009999999995,34.0,3440.0,1440.0,2.388888888888889,109.68340725465096,120.0,3000,300.0,VA,4.442516268980477,4.9536,XLarge,QHD,1,0,Viewsonic,10.674290208982493,Gaming
Xiaomi Mi Surface Display 34,1604.0,1604.0,35640.88,34.0,3440.0,1440.0,2.388888888888889,109.68340725465096,144.0,3000,300.0,VA,4.0,4.9536,XLarge,QHD,1,0,Xiaomi,10.481276629912944,Gaming
Cooler Master GM34-CWQ2,2506.0,3107.0,62360.43,34.0,3440.0,1440.0,2.388888888888889,109.68340725465096,165.0,4000,320.0,Other,2.0,4.9536,XLarge,QHD,1,0,Cooler Master,11.040702254275054,Gaming
Acer Nitro ED343CURHbmiippx,900.0,900.0,19998.0,34.0,3440.0,1440.0,2.388888888888889,109.68340725465096,100.0,3000,300.0,VA,4.442516268980477,4.9536,XLarge,QHD,0,0,Acer,9.903437551286085,Non-Gaming
Viewsonic VX3480-2K-PRO,1053.0,1619.0,29685.92,34.0,3440.0,1440.0,2.388888888888889,109.68340725465096,165.0,4000,300.0,VA,4.442516268980477,4.9536,XLarge,QHD,1,0,Viewsonic,10.298461823744045,Gaming
Viewsonic VA2405-H,363.0,497.0,9554.6,24.0,1920.0,1080.0,1.7777777777777777,91.7877987534291,75.0,3000,250.0,VA,4.0,2.0736,Medium,FullHD,0,0,Viewsonic,9.1648826490514,Non-Gaming
Iiyama G-Master GCB3280QSU-B2,999.0,1464.0,27363.93,31.5,2560.0,1440.0,1.7777777777777777,93.24474793999148,180.0,3000,350.0,VA,4.442516268980477,3.6864,Large,QHD,1,0,Iiyama,10.217017545562687,Gaming
Dell P2723DE,1310.0,1828.0,34863.18,27.0,2560.0,1440.0,1.7777777777777777,108.78553926332336,60.0,1000,350.0,IPS,4.951367781155016,3.6864,Large,QHD,0,0,Dell,10.459215220089844,Non-Gaming
Dell UltraSharp U2424HE,1000.0,1415.0,26830.65,23.8,1920.0,1080.0,1.7777777777777777,92.55912479337388,120.0,1000,250.0,IPS,8.0,2.0736,Small,FullHD,1,0,Dell,10.197337439851498,Gaming
LG UltraFine 27UQ850,1667.0,1899.0,39618.259999999995,27.0,3840.0,2160.0,1.7777777777777777,163.1783088949851,60.0,2000,400.0,IPS,5.0,8.2944,Large,4K,0,0,LG,10.587070642642479,Non-Gaming
HP M24m,515.0,1139.0,18375.94,23.8,1920.0,1080.0,1.7777777777777777,92.55912479337388,75.0,1000,300.0,IPS,5.0,2.0736,Small,FullHD,0,0,HP,9.818851896739341,Non-Gaming
LG 25MS500,407.0,563.0,10776.7,24.5,1920.0,1080.0,1.7777777777777777,89.91457837070605,100.0,1000,250.0,IPS,5.0,2.0736,Medium,FullHD,0,0,LG,9.285234463628417,Non-Gaming
HP 524pf,629.0,866.0,16609.45,23.8,1920.0,1080.0,1.7777777777777777,92.55912479337388,100.0,1500,350.0,IPS,5.0,2.0736,Small,FullHD,0,0,HP,9.71778729435354,Non-Gaming
Philips Evnia 24M2N3200S,389.0,597.0,10954.46,23.8,1920.0,1080.0,1.7777777777777777,92.55912479337388,180.0,1000,300.0,IPS,1.0,2.0736,Small,FullHD,1,0,Philips,9.301593241106936,Gaming
AOC Q32V4,702.0,836.0,17087.18,32.0,2560.0,1440.0,1.7777777777777777,91.7877987534291,75.0,1000,250.0,IPS,4.0,3.6864,XLarge,QHD,0,0,AOC,9.746142275412307,Non-Gaming
HP U32,680.0,2480.0,35107.6,32.0,3840.0,2160.0,1.7777777777777777,137.68169813014364,60.0,1000,400.0,IPS,4.0,8.2944,XLarge,4K,0,0,HP,10.466201393687884,Non-Gaming
Asus TUF Gaming VG328H1B,879.0,1218.0,23297.67,32.0,1920.0,1080.0,1.7777777777777777,68.84084906507182,165.0,3000,250.0,VA,4.0,2.0736,XLarge,FullHD,1,0,Asus,10.056151556379515,Gaming
Iiyama ProLite T1521MSC-B1,1796.0,1796.0,39907.119999999995,15.0,1024.0,768.0,1.3333333333333333,85.33333333333333,75.0,800,370.0,TN,8.0,0.786432,Small,HD,0,0,Iiyama,10.594335090944783,Non-Gaming
Samsung F24T370FWR,448.0,692.0,12665.4,24.0,1920.0,1080.0,1.7777777777777777,91.7877987534291,75.0,1000,250.0,IPS,5.0,2.0736,Medium,FullHD,0,0,Samsung,9.446708097187225,Non-Gaming
Samsung Smart Monitor M50F 27,901.0,901.0,20020.22,27.0,1920.0,1080.0,1.7777777777777777,81.58915444749253,60.0,1000,250.0,IPS,5.0,2.0736,Large,FullHD,0,0,Samsung,9.904547990073441,Non-Gaming
Acer Nitro VG270bmiix,969.0,969.0,21531.18,27.0,1920.0,1080.0,1.7777777777777777,81.58915444749253,75.0,1000,250.0,IPS,5.0,2.0736,Large,FullHD,0,0,Acer,9.977303839296658,Non-Gaming
Port Designs 902101T,1011.0,1011.0,22464.42,15.6,1920.0,1080.0,1.7777777777777777,141.21199808219862,60.0,1000,342.715043074884,IPS,4.951367781155016,2.0736,Small,FullHD,0,0,Port Designs,10.01973251707844,Non-Gaming
Iiyama G-Master GB2766HSU-B1,638.0,1021.0,18431.49,27.0,1920.0,1080.0,1.7777777777777777,81.58915444749253,165.0,3000,250.0,VA,4.0,2.0736,Large,FullHD,1,0,Iiyama,9.821870147343652,Gaming
MSI MAG 325CQF,1233.0,1249.0,27575.019999999997,31.5,2560.0,1440.0,1.7777777777777777,93.24474793999148,180.0,3500,300.0,VA,4.442516268980477,3.6864,Large,QHD,1,0,MSI,10.224701833464788,Gaming
LG 22SM3B,1295.0,1295.0,28774.9,22.0,1920.0,1080.0,1.7777777777777777,100.13214409464992,60.0,1000,250.0,IPS,12.0,2.0736,Small,FullHD,0,0,LG,10.267293510251267,Non-Gaming
Gigabyte Aorus FI32U,3086.0,3086.0,68570.92,31.5,3840.0,2160.0,1.7777777777777777,139.8671219099872,144.0,1000,350.0,IPS,1.0,8.2944,Large,4K,1,1,Gigabyte,11.135638400469746,Gaming
Lenovo T24i-30,699.0,1137.0,20397.96,23.8,1920.0,1080.0,1.7777777777777777,92.55912479337388,60.0,1000,250.0,IPS,4.0,2.0736,Small,FullHD,0,0,Lenovo,9.923239198140607,Non-Gaming
Samsung Smart Monitor M80D 32,2149.0,3163.0,59016.32,31.5,3840.0,2160.0,1.7777777777777777,139.8671219099872,60.0,3000,400.0,VA,4.0,8.2944,Large,4K,0,0,Samsung,10.985586239129784,Non-Gaming
Lenovo ThinkVision P24h-2L,1637.0,1637.0,36374.14,23.8,2560.0,1440.0,1.7777777777777777,123.41216639116516,60.0,1000,300.0,IPS,4.0,3.6864,Small,QHD,0,0,Lenovo,10.501640853263638,Non-Gaming
Iiyama ProLite TW2223AS-B2,1637.0,2037.0,40818.14,21.5,1920.0,1080.0,1.7777777777777777,102.460798608479,60.0,3000,345.0,VA,18.0,2.0736,Small,FullHD,0,0,Iiyama,10.616906368038029,Non-Gaming
MSI PRO MP275,389.0,875.0,14043.04,27.0,1920.0,1080.0,1.7777777777777777,81.58915444749253,100.0,1000,300.0,IPS,4.0,2.0736,Large,FullHD,0,0,MSI,9.549953385475666,Non-Gaming
Gigabyte G34WQC2,1099.0,1479.0,28641.58,34.0,3440.0,1440.0,2.388888888888889,109.68340725465096,200.0,4000,450.0,VA,1.0,4.9536,XLarge,QHD,1,0,Gigabyte,10.262649700816162,Gaming
Acer Nitro VG240YX1bmiipx,501.0,501.0,11132.22,23.8,1920.0,1080.0,1.7777777777777777,92.55912479337388,200.0,1000,250.0,IPS,4.951367781155016,2.0736,Small,FullHD,1,0,Acer,9.31768871060415,Gaming
Lenovo Legion R24s,529.0,529.0,11754.38,23.8,1920.0,1080.0,1.7777777777777777,92.55912479337388,144.0,1500,250.0,IPS,4.0,2.0736,Small,FullHD,1,0,Lenovo,9.372066287121177,Gaming
Iiyama G-Master GCB3486WQSCP-B1,1686.0,1786.0,38573.92,34.0,3440.0,1440.0,2.388888888888889,109.68340725465096,240.0,4000,500.0,VA,4.442516268980477,4.9536,XLarge,QHD,1,0,Iiyama,10.560357603347162,Gaming
Samsung ViewFinity S50GC 34,1039.0,1297.0,25952.96,34.0,3440.0,1440.0,2.388888888888889,109.68340725465096,100.0,3000,300.0,VA,5.0,4.9536,XLarge,QHD,0,0,Samsung,10.164079478107732,Non-Gaming
Gigabyte Aorus FI32Q,2723.0,2746.0,60760.59,32.0,2560.0,1440.0,1.7777777777777777,91.7877987534291,170.0,1000,350.0,IPS,1.0,3.6864,XLarge,QHD,1,0,Gigabyte,11.014713124899249,Gaming
BenQ Zowie XL2546X,1699.0,2649.0,48306.28,24.5,1920.0,1080.0,1.7777777777777777,89.91457837070605,240.0,1000,320.0,TN,4.1020408163265305,2.0736,Medium,FullHD,1,0,BenQ,10.785337552920529,Gaming
LG 27UL550P,1053.0,1053.0,23397.66,27.0,3840.0,2160.0,1.7777777777777777,163.1783088949851,60.0,1000,300.0,IPS,5.0,8.2944,Large,4K,0,0,LG,10.060434034748827,Non-Gaming
V7 L238IPS-HAS-E,976.0,976.0,21686.72,23.8,1920.0,1080.0,1.7777777777777777,92.55912479337388,60.0,1200,250.0,IPS,14.0,2.0736,Small,FullHD,0,0,V7,9.984501480729984,Non-Gaming
BenQ GW2491,333.0,626.0,10654.49,23.8,1920.0,1080.0,1.7777777777777777,92.55912479337388,100.0,1300,250.0,IPS,5.0,2.0736,Small,FullHD,0,0,BenQ,9.273830531274466,Non-Gaming
Iiyama ProLite XUB2497HSU-B2,562.0,760.0,14687.42,23.8,1920.0,1080.0,1.7777777777777777,92.55912479337388,100.0,1300,300.0,IPS,4.951367781155016,2.0736,Small,FullHD,0,0,Iiyama,9.59481470722269,Non-Gaming
UPERFECT USteam G16,699.0,969.0,18531.48,15.6,1920.0,1080.0,1.7777777777777777,141.21199808219862,120.0,1200,250.0,IPS,9.0,2.0736,Small,FullHD,1,0,UPERFECT,9.827280147345077,Gaming
BenQ BL2486TC,778.0,1030.0,20086.879999999997,23.8,1920.0,1080.0,1.7777777777777777,92.55912479337388,100.0,1300,250.0,IPS,5.0,2.0736,Small,FullHD,0,0,BenQ,9.907871927103926,Non-Gaming
MSI PRO MP275PG,449.0,1039.0,16531.68,27.0,1920.0,1080.0,1.7777777777777777,81.58915444749253,100.0,1000,300.0,IPS,4.0,2.0736,Large,FullHD,0,0,MSI,9.713094307135094,Non-Gaming
Neovo PM-3202,1293.0,2429.0,41351.42,31.5,1920.0,1080.0,1.7777777777777777,69.9335609549936,60.0,4000,350.0,VA,5.0,2.0736,Large,FullHD,0,0,Neovo,10.62988622352772,Non-Gaming
Philips 27B1U5601H,1712.0,2456.0,46306.48,27.0,2560.0,1440.0,1.7777777777777777,108.78553926332336,75.0,1000,350.0,IPS,4.0,3.6864,Large,QHD,0,0,Philips,10.743058782101304,Non-Gaming
HP M34d,1800.0,1800.0,39996.0,34.0,3440.0,1440.0,2.388888888888889,109.68340725465096,100.0,3500,250.0,VA,5.0,4.9536,XLarge,QHD,0,0,HP,10.596559730283433,Non-Gaming
Iiyama ProLite XB3270QS-B5,1248.0,1248.0,27730.56,31.5,2560.0,1440.0,1.7777777777777777,93.24474793999148,60.0,1200,250.0,IPS,4.0,3.6864,Large,QHD,0,0,Iiyama,10.2303263937891,Non-Gaming
MSI MAG 274PFW,549.0,1548.0,23297.67,27.0,1920.0,1080.0,1.7777777777777777,81.58915444749253,180.0,1000,300.0,IPS,1.0,2.0736,Large,FullHD,1,0,MSI,10.056151556379515,Gaming
Asus ROG Strix XG17AHP,4260.0,4260.0,94657.2,17.3,1920.0,1080.0,1.7777777777777777,127.33567457123112,240.0,1000,300.0,IPS,3.0,2.0736,Small,FullHD,1,0,Asus,11.458027787855823,Gaming
LG UltraGear 27GR83Q,1602.0,2366.0,44084.48,27.0,2560.0,1440.0,1.7777777777777777,108.78553926332336,240.0,1000,400.0,IPS,1.0,3.6864,Large,QHD,1,0,LG,10.693885755519016,Gaming
HP OMEN 34c G2,1515.0,2030.0,39384.95,34.0,3440.0,1440.0,2.388888888888889,109.68340725465096,180.0,4000,400.0,VA,4.442516268980477,4.9536,XLarge,QHD,1,0,HP,10.581164432704716,Gaming
Asus TUF Gaming VG27AQ1A,1120.0,1403.0,28030.53,27.0,2560.0,1440.0,1.7777777777777777,108.78553926332336,170.0,1000,250.0,IPS,4.0,3.6864,Large,QHD,1,0,Asus,10.241085227043046,Gaming
Dell Pro Plus P1425,969.0,1307.0,25286.359999999997,14.0,1920.0,1200.0,1.6,161.72539083525606,60.0,1500,400.0,IPS,7.0,2.304,Small,FullHD,0,0,Dell,10.138059945128495,Non-Gaming
Acer Nitro XF273UXbmiiprx,899.0,1215.0,23486.539999999997,27.0,2560.0,1440.0,1.7777777777777777,108.78553926332336,240.0,2500,350.0,VA,4.442516268980477,3.6864,Large,QHD,1,0,Acer,10.0642253467538,Gaming
Asus VY279HE,585.0,858.0,16031.73,27.0,1920.0,1080.0,1.7777777777777777,81.58915444749253,75.0,1000,250.0,IPS,4.0,2.0736,Large,FullHD,0,0,Asus,9.68238753678009,Non-Gaming
Acer Vero B247YGbmiprx,498.0,529.0,11409.97,23.8,1920.0,1080.0,1.7777777777777777,92.55912479337388,75.0,1000,250.0,IPS,4.0,2.0736,Small,FullHD,0,0,Acer,9.34233045238907,Non-Gaming
Philips Evnia 27M2C5501,689.0,1216.0,21164.55,27.0,2560.0,1440.0,1.7777777777777777,108.78553926332336,180.0,5000,300.0,VA,1.0,3.6864,Large,QHD,1,0,Philips,9.96013013891552,Gaming
Lenovo S25e-30,627.0,627.0,13931.94,24.5,1920.0,1080.0,1.7777777777777777,89.91457837070605,60.0,1000,325.0,Unknown,4.650088691829009,2.0736,Medium,FullHD,0,0,Lenovo,9.542011099781202,Non-Gaming
Asus VS247HR,1579.0,1579.0,35085.38,24.0,1920.0,1080.0,1.7777777777777777,91.7877987534291,75.0,1000,250.0,TN,2.0,2.0736,Medium,FullHD,0,0,Asus,10.465568299961177,Non-Gaming
MSI Optix G274QPX,1499.0,2750.0,47206.39,27.0,2560.0,1440.0,1.7777777777777777,108.78553926332336,240.0,1000,400.0,IPS,1.0,3.6864,Large,QHD,1,0,MSI,10.762305727114798,Gaming
Asus ZenScreen MB249C,1379.0,2191.0,39662.7,23.8,1920.0,1080.0,1.7777777777777777,92.55912479337388,75.0,1000,250.0,IPS,5.0,2.0736,Small,FullHD,0,0,Asus,10.588191690712685,Non-Gaming
Asus ProArt PA34VCNV,2276.0,2505.0,53116.91,34.1,3440.0,1440.0,2.388888888888889,109.36175503396284,60.0,1000,300.0,IPS,5.0,4.9536,XLarge,QHD,0,0,Asus,10.880269438496768,Non-Gaming
Samsung Odyssey Neo G7 G70NC 43,2668.0,5281.0,88313.39,43.0,3840.0,2160.0,1.7777777777777777,102.460798608479,144.0,4000,400.0,VA,4.442516268980477,8.2944,XLarge,4K,1,1,Samsung,11.388658340471764,Gaming
Asus ProArt PA248CNV,1069.0,1256.0,25830.75,24.0,1920.0,1200.0,1.6,94.33981132056604,75.0,1000,300.0,IPS,5.0,2.304,Medium,FullHD,0,0,Asus,10.15935963447242,Non-Gaming
Iiyama ProLite XUB2792QSU-B5,1079.0,1299.0,26419.58,27.0,2560.0,1440.0,1.7777777777777777,108.78553926332336,75.0,1000,350.0,IPS,5.0,3.6864,Large,QHD,0,0,Iiyama,10.181898530901211,Non-Gaming
Viewsonic VG2748a-2,723.0,1043.0,19620.26,27.0,1920.0,1080.0,1.7777777777777777,81.58915444749253,60.0,1000,250.0,IPS,5.0,2.0736,Large,FullHD,0,0,Viewsonic,9.884368951240813,Non-Gaming
Samsung C24F396F,445.0,445.0,9887.9,24.0,1920.0,1080.0,1.7777777777777777,91.7877987534291,60.0,3000,250.0,VA,4.0,2.0736,Medium,FullHD,0,0,Samsung,9.199168194972932,Non-Gaming
LG MyView 32U721SA,1473.0,1699.0,35240.92,31.5,3840.0,2160.0,1.7777777777777777,139.8671219099872,60.0,3000,250.0,VA,5.0,8.2944,Large,4K,0,0,LG,10.469991562107372,Non-Gaming
Asus VY249HGE,446.0,700.0,12732.06,23.8,1920.0,1080.0,1.7777777777777777,92.55912479337388,144.0,1000,250.0,IPS,4.951367781155016,2.0736,Small,FullHD,1,0,Asus,9.451957039727573,Gaming
Lenovo Legion Y27q-30,1295.0,2063.0,37307.38,27.0,2560.0,1440.0,1.7777777777777777,108.78553926332336,180.0,1000,400.0,IPS,1.0,3.6864,Large,QHD,1,0,Lenovo,10.526973245277889,Gaming
LG 27BN650Y,1226.0,1869.0,34385.45,27.0,1920.0,1080.0,1.7777777777777777,81.58915444749253,75.0,1000,250.0,IPS,5.0,2.0736,Large,FullHD,0,0,LG,10.445417870415502,Non-Gaming
LG UltraGear 34GS95QE,2737.0,3899.0,73725.95999999999,34.0,3440.0,1440.0,2.388888888888889,109.68340725465096,240.0,1500000,275.0,OLED,1.0,4.9536,XLarge,QHD,1,0,LG,11.208123818613242,Gaming
Philips 43BDL4511D,3015.0,3633.0,73859.28,43.0,3840.0,2160.0,1.7777777777777777,102.460798608479,60.0,1200,500.0,IPS,8.0,8.2944,XLarge,4K,0,0,Philips,11.209930479355231,Non-Gaming
MSI Modern MD271UL,1540.0,1540.0,34218.799999999996,27.0,3840.0,2160.0,1.7777777777777777,163.1783088949851,60.0,1000,342.715043074884,IPS,4.0,8.2944,Large,4K,0,0,MSI,10.440559702893745,Non-Gaming
Iiyama ProLite TF1515MC-B1,2064.0,2447.0,50117.21,15.0,1024.0,768.0,1.3333333333333333,85.33333333333333,60.0,800,350.0,TN,8.0,0.786432,Small,HD,0,0,Iiyama,10.82213969408652,Non-Gaming
AOC Q27P3CV,1006.0,1244.0,24997.5,27.0,2560.0,1440.0,1.7777777777777777,108.78553926332336,75.0,1000,350.0,IPS,4.0,3.6864,Large,QHD,0,0,AOC,10.126571102050265,Non-Gaming
Iiyama ProLite T1732MSC-B1SAG,2114.0,2518.0,51461.52,17.0,1280.0,1024.0,1.25,96.42351792840054,75.0,1000,215.0,TN,4.1020408163265305,1.31072,Small,HD,0,0,Iiyama,10.848609054710584,Non-Gaming
Asus ZenScreen MB27ACF,1766.0,1966.0,41462.52,27.0,2560.0,1440.0,1.7777777777777777,108.78553926332336,100.0,1500,300.0,IPS,5.0,3.6864,Large,QHD,0,0,Asus,10.632569283495378,Non-Gaming
Neovo X-22E,2606.0,3444.0,67215.5,22.0,1920.0,1080.0,1.7777777777777777,100.13214409464992,60.0,1000,250.0,TN,3.0,2.0736,Small,FullHD,0,0,Neovo,11.115674032086567,Non-Gaming
Acer Vero B277UEwmiiprzxv,849.0,1018.0,20742.37,27.0,2560.0,1440.0,1.7777777777777777,108.78553926332336,100.0,1000,350.0,IPS,4.0,3.6864,Large,QHD,0,0,Acer,9.93998195652978,Non-Gaming
Philips 271V8L,388.0,505.0,9921.23,27.0,1920.0,1080.0,1.7777777777777777,81.58915444749253,75.0,3000,250.0,VA,4.0,2.0736,Large,FullHD,0,0,Philips,9.202532973402644,Non-Gaming
Asus VA27DQSB,681.0,769.0,16109.5,27.0,1920.0,1080.0,1.7777777777777777,81.58915444749253,75.0,1000,250.0,IPS,5.0,2.0736,Large,FullHD,0,0,Asus,9.68722651231261,Non-Gaming
Viewsonic XG2705,1244.0,1244.0,27641.68,27.0,1920.0,1080.0,1.7777777777777777,81.58915444749253,144.0,1000,250.0,IPS,1.0,2.0736,Large,FullHD,1,0,Viewsonic,10.227116234107394,Gaming
BenQ Mobiuz EX2710Q,872.0,1079.0,21675.61,27.0,2560.0,1440.0,1.7777777777777777,108.78553926332336,165.0,1000,250.0,IPS,2.0,3.6864,Large,QHD,1,0,BenQ,9.983989078013598,Gaming
LG UltraGear 27GS85Q,963.0,1158.0,23564.31,27.0,2560.0,1440.0,1.7777777777777777,108.78553926332336,180.0,1000,400.0,IPS,1.0,3.6864,Large,QHD,1,0,LG,10.067530994374211,Gaming
ASRock Phantom Gaming PG25FFT,488.0,608.0,12176.56,24.5,1920.0,1080.0,1.7777777777777777,89.91457837070605,180.0,1000,300.0,IPS,4.951367781155016,2.0736,Medium,FullHD,1,0,ASRock,9.407350192788247,Gaming
Lenovo T27p-10,1898.0,1898.0,42173.56,27.0,3840.0,2160.0,1.7777777777777777,163.1783088949851,60.0,1000,350.0,IPS,4.0,8.2944,Large,4K,0,0,Lenovo,10.649572474638942,Non-Gaming
LG 27BK550Y,769.0,2049.0,31307.98,27.0,1920.0,1080.0,1.7777777777777777,81.58915444749253,75.0,1000,250.0,IPS,5.0,2.0736,Large,FullHD,0,0,LG,10.351660236338502,Non-Gaming
Iiyama ProLite XCB4594DQSN-B1,2690.0,3735.0,71381.75,44.5,5120.0,1440.0,3.5555555555555554,119.5201448168605,165.0,3000,450.0,VA,4.442516268980477,7.3728,XLarge,QHD,1,0,Iiyama,11.17581152249985,Gaming
Philips 278B1,1104.0,1436.0,28219.4,27.0,3840.0,2160.0,1.7777777777777777,163.1783088949851,60.0,1000,350.0,IPS,4.0,8.2944,Large,4K,0,0,Philips,10.247800399650787,Non-Gaming
Acer Nitro XF240YM3biiph,418.0,508.0,10287.86,23.8,1920.0,1080.0,1.7777777777777777,92.55912479337388,180.0,1000,250.0,IPS,1.0,2.0736,Small,FullHD,1,0,Acer,9.238817035518732,Gaming
Iiyama ProLite XU2494HSU-B2,549.0,549.0,12198.78,24.0,1920.0,1080.0,1.7777777777777777,91.7877987534291,75.0,3000,250.0,VA,4.0,2.0736,Medium,FullHD,0,0,Iiyama,9.409173197771871,Non-Gaming
Lenovo D32-40,693.0,1034.0,19186.97,31.5,1920.0,1080.0,1.7777777777777777,69.9335609549936,60.0,3000,250.0,VA,4.0,2.0736,Large,FullHD,0,0,Lenovo,9.862038799143559,Non-Gaming
Lenovo ThinkVision T22i-10,499.0,499.0,11087.78,22.0,1920.0,1080.0,1.7777777777777777,100.13214409464992,60.0,1000,250.0,IPS,6.0,2.0736,Small,FullHD,0,0,Lenovo,9.313689065275845,Non-Gaming
AOC 27G15N2,470.0,532.0,11132.22,27.0,1920.0,1080.0,1.7777777777777777,81.58915444749253,180.0,3000,300.0,VA,1.0,2.0736,Large,FullHD,1,0,AOC,9.31768871060415,Gaming
Cooler Master Tempest GZ2711,2711.0,3631.0,70459.62,27.0,2560.0,1440.0,1.7777777777777777,108.78553926332336,240.0,1500000,150.0,OLED,1.0,3.6864,Large,QHD,1,0,Cooler Master,11.162809251175277,Gaming
BenQ RD240Q,1529.0,1907.0,38173.96,24.1,2560.0,1600.0,1.6,125.26447976174744,60.0,1000,300.0,IPS,5.0,4.096,Medium,QHD,0,0,BenQ,10.549935082280129,Non-Gaming
AOC 24G4HRE,448.0,575.0,11365.53,23.8,1920.0,1080.0,1.7777777777777777,92.55912479337388,200.0,1000,300.0,IPS,1.0,2.0736,Small,FullHD,1,0,AOC,9.338428351070805,Gaming
Viewsonic VX2780J-2K,579.0,1484.0,22919.93,27.0,2560.0,1440.0,1.7777777777777777,108.78553926332336,170.0,1000,350.0,IPS,4.951367781155016,3.6864,Large,QHD,1,0,Viewsonic,10.039805745921726,Gaming
Acer Nitro EI322QURVbmiippx,1300.0,1300.0,28886.0,31.5,2560.0,1440.0,1.7777777777777777,93.24474793999148,180.0,1000,320.0,VA,4.442516268980477,3.6864,Large,QHD,1,0,Acer,10.271146945908393,Gaming
Eizo FlexScan EV2485,1923.0,2499.0,49128.42,24.0,1920.0,1200.0,1.6,94.33981132056604,60.0,1000,350.0,IPS,5.0,2.304,Medium,FullHD,0,0,Eizo,10.802213319678803,Non-Gaming
Asus VA34VCPSN,1938.0,2754.0,52128.119999999995,34.0,3440.0,1440.0,2.388888888888889,109.68340725465096,100.0,3000,300.0,VA,4.0,4.9536,XLarge,QHD,0,0,Asus,10.861478996744932,Non-Gaming
Asus ZenScreen Go MB16AWP,1809.0,2776.0,50939.35,16.0,1920.0,1080.0,1.7777777777777777,137.68169813014364,60.0,1200,250.0,IPS,5.0,2.0736,Small,FullHD,0,0,Asus,10.83841061933827,Non-Gaming
Neovo SC-32E,1293.0,3756.0,56094.39,31.5,1920.0,1080.0,1.7777777777777777,69.9335609549936,60.0,1000,350.0,VA,5.0,2.0736,Large,FullHD,0,0,Neovo,10.934808913446206,Non-Gaming
Lenovo P32p-30,2299.0,4305.0,73370.44,31.5,3840.0,2160.0,1.7777777777777777,139.8671219099872,60.0,1000,350.0,IPS,4.0,8.2944,Large,4K,0,0,Lenovo,11.203290038065804,Non-Gaming
MSI Optix G32C4,1126.0,1126.0,25019.72,32.0,1920.0,1080.0,1.7777777777777777,68.84084906507182,165.0,3000,250.0,VA,4.0,2.0736,XLarge,FullHD,1,0,MSI,10.12745956058527,Gaming
Acer Nitro XF270S3biphx,747.0,790.0,17076.07,32.61749201277956,1920.0,1080.0,1.7777777777777777,96.6136977507334,180.0,1000,300.0,VA,4.442516268980477,2.0736,XLarge,FullHD,1,0,Acer,9.745491906959472,Gaming
Dahua LM32-P301A,1073.0,1495.0,28530.48,31.5,2560.0,1440.0,1.7777777777777777,93.24474793999148,75.0,1200,350.0,IPS,4.0,3.6864,Large,QHD,0,0,Dahua,10.25876331808114,Non-Gaming
Acer Vero V277Ebipv,571.0,649.0,13554.2,27.0,1920.0,1080.0,1.7777777777777777,81.58915444749253,100.0,1000,250.0,IPS,4.0,2.0736,Large,FullHD,0,0,Acer,9.514525516526978,Non-Gaming
Dell Alienware AW2725QF,1679.0,3791.0,60771.7,27.0,3840.0,2160.0,1.7777777777777777,163.1783088949851,180.0,1000,400.0,IPS,1.0,8.2944,Large,4K,1,1,Dell,11.014895953959769,Gaming
Lenovo C32u-40,1585.0,1748.0,37029.63,31.5,3840.0,2160.0,1.7777777777777777,139.8671219099872,75.0,3000,250.0,VA,4.0,8.2944,Large,4K,0,0,Lenovo,10.51950068699545,Non-Gaming
Viewsonic VA2708-4K-HD,748.0,944.0,18798.12,27.0,3840.0,2160.0,1.7777777777777777,163.1783088949851,60.0,1200,250.0,IPS,4.0,8.2944,Large,4K,0,0,Viewsonic,9.841565339211849,Non-Gaming
Dell E1715S,459.0,846.0,14498.55,17.0,1280.0,1024.0,1.25,96.42351792840054,60.0,1000,250.0,TN,5.0,1.31072,Small,HD,0,0,Dell,9.581872893444327,Non-Gaming
AOC CU34G4,1074.0,1503.0,28630.47,34.0,3440.0,1440.0,2.388888888888889,109.68340725465096,180.0,2500,300.0,VA,1.0,4.9536,XLarge,QHD,1,0,AOC,10.26226174151734,Gaming
Samsung Essential Monitor S30GD 27,369.0,740.0,12320.99,27.0,1920.0,1080.0,1.7777777777777777,81.58915444749253,100.0,1000,250.0,IPS,5.0,2.0736,Large,FullHD,0,0,Samsung,9.419140750017622,Non-Gaming
Dell P2422HE,734.0,1419.0,23919.83,24.0,1920.0,1080.0,1.7777777777777777,91.7877987534291,60.0,1000,250.0,IPS,5.0,2.0736,Medium,FullHD,0,0,Dell,10.082504906459228,Non-Gaming
LG UltraWide 35WN75CP,1347.0,1995.0,37129.619999999995,35.0,3440.0,1440.0,2.388888888888889,106.5495956188038,100.0,2500,300.0,VA,5.0,4.9536,XLarge,QHD,0,0,LG,10.522197245119514,Non-Gaming
Lenovo L27m-30,945.0,1143.0,23197.68,27.0,1920.0,1080.0,1.7777777777777777,81.58915444749253,75.0,1000,250.0,IPS,6.0,2.0736,Large,FullHD,0,0,Lenovo,10.051850659484007,Non-Gaming
HP 322ph,399.0,856.0,13943.05,21.5,1920.0,1080.0,1.7777777777777777,102.460798608479,100.0,1000,250.0,IPS,5.0,2.0736,Small,FullHD,0,0,HP,9.542808172965087,Non-Gaming
Philips 27B2U6903,1970.0,2310.0,47550.8,27.0,3840.0,2160.0,1.7777777777777777,163.1783088949851,60.0,1000,350.0,IPS,4.0,8.2944,Large,4K,0,0,Philips,10.769574922146647,Non-Gaming
Eizo FlexScan EV2781,2167.0,2873.0,55994.399999999994,27.0,2560.0,1440.0,1.7777777777777777,108.78553926332336,60.0,1000,350.0,IPS,5.0,3.6864,Large,QHD,0,0,Eizo,10.933024823486234,Non-Gaming
Lenovo T32p-30,1795.0,2859.0,51705.939999999995,31.5,3840.0,2160.0,1.7777777777777777,139.8671219099872,60.0,1000,350.0,IPS,4.0,8.2944,Large,4K,0,0,Lenovo,10.853347287464468,Non-Gaming
Lenovo ThinkVision T27hv-30,1416.0,2120.0,39284.96,27.0,2560.0,1440.0,1.7777777777777777,108.78553926332336,75.0,1000,300.0,IPS,6.0,3.6864,Large,QHD,0,0,Lenovo,10.57862248211929,Non-Gaming
Asus ROG Strix OLED XG32UCDS,3599.0,4395.0,88813.34,31.5,3840.0,2160.0,1.7777777777777777,139.8671219099872,165.0,1500000,250.0,OLED,1.0,8.2944,Large,4K,1,1,Asus,11.394303402429209,Gaming
MSI MAG 274CXF,639.0,745.0,15376.24,27.0,1920.0,1080.0,1.7777777777777777,81.58915444749253,280.0,4000,300.0,VA,4.442516268980477,2.0736,Large,FullHD,1,0,MSI,9.640643773119718,Gaming
Asus ProArt PA278CGV,1496.0,2202.0,41084.78,27.0,2560.0,1440.0,1.7777777777777777,108.78553926332336,144.0,1000,400.0,IPS,5.0,3.6864,Large,QHD,1,0,Asus,10.623417355216109,Gaming
Philips 272V8LA,476.0,476.0,10576.72,27.0,1920.0,1080.0,1.7777777777777777,81.58915444749253,75.0,3000,250.0,VA,4.0,2.0736,Large,FullHD,0,0,Philips,9.266505181243446,Non-Gaming
Iiyama ProLite TF1633MSC-B1,1740.0,1843.0,39807.13,15.6,1920.0,1080.0,1.7777777777777777,141.21199808219862,60.0,1000,385.0,IPS,5.0,2.0736,Small,FullHD,0,0,Iiyama,10.59182644176876,Non-Gaming
AOC CU34G2X,1380.0,1494.0,31930.14,34.0,3440.0,1440.0,2.388888888888889,109.68340725465096,144.0,3000,300.0,VA,4.0,4.9536,XLarge,QHD,1,0,AOC,10.37133698817202,Gaming
HP P22h G5,649.0,1022.0,18564.81,21.5,1920.0,1080.0,1.7777777777777777,102.460798608479,75.0,1000,250.0,IPS,5.0,2.0736,Small,FullHD,0,0,HP,9.829076996146876,Non-Gaming
Lenovo T24m-20,1399.0,1424.0,31363.53,23.8,1920.0,1080.0,1.7777777777777777,92.55912479337388,60.0,1000,250.0,IPS,4.0,2.0736,Small,FullHD,0,0,Lenovo,10.353432915562838,Non-Gaming
LG UltraWide 29WP60G,726.0,1387.0,23475.43,29.0,2560.0,1080.0,2.3703703703703702,95.8099585479297,75.0,1000,250.0,IPS,5.0,2.7648,Large,FullHD,0,0,LG,10.063752218089112,Non-Gaming
Iiyama ProLite TW1025LASC-B1PNR,1447.0,1993.0,38218.4,10.1,1280.0,800.0,1.6,149.44920605238187,103.74406332453826,1000,390.0,IPS,25.0,1.024,Small,HD,0,0,Iiyama,10.551098519083913,Non-Gaming
Philips 243S1,680.0,1010.0,18775.9,24.0,1920.0,1080.0,1.7777777777777777,91.7877987534291,75.0,1000,250.0,IPS,4.0,2.0736,Medium,FullHD,0,0,Philips,9.840382669914254,Non-Gaming
Acer Nitro XZ342CUS3bmiipphx,999.0,1454.0,27252.83,34.0,3440.0,1440.0,2.388888888888889,109.68340725465096,180.0,4000,400.0,VA,4.442516268980477,4.9536,XLarge,QHD,1,0,Acer,10.212949340673816,Gaming
Hannspree HO105HTB,1148.0,1419.0,28519.37,10.1,1280.0,800.0,1.6,149.44920605238187,60.0,800,350.0,IPS,25.0,1.024,Small,HD,0,0,Hannspree,10.258373847796113,Non-Gaming
Acer CB343CURbemiiphuzx,1999.0,2699.0,52194.78,34.0,3440.0,1440.0,2.388888888888889,109.68340725465096,60.0,1000,300.0,IPS,4.0,4.9536,XLarge,QHD,0,0,Acer,10.862756927690889,Non-Gaming
Gigabyte Aorus FI27Q-P,2572.0,2572.0,57149.84,27.0,2560.0,1440.0,1.7777777777777777,108.78553926332336,165.0,1000,350.0,IPS,4.0,3.6864,Large,QHD,1,0,Gigabyte,10.953449367277669,Gaming
Lenovo ThinkVision P27QD-40,1630.0,2406.0,44839.96,27.0,2560.0,1440.0,1.7777777777777777,108.78553926332336,120.0,1500,350.0,IPS,6.0,3.6864,Large,QHD,1,0,Lenovo,10.71087728641276,Gaming
Dell S3221QSA,1660.0,2783.0,49361.73,31.5,3840.0,2160.0,1.7777777777777777,139.8671219099872,60.0,3000,300.0,VA,4.0,8.2944,Large,4K,0,0,Dell,10.806950964991495,Non-Gaming
Samsung Odyssey G5A 32,1815.0,4491.0,70059.66,32.0,2560.0,1440.0,1.7777777777777777,91.7877987534291,165.0,1000,350.0,IPS,1.0,3.6864,XLarge,QHD,1,0,Samsung,11.157116717203822,Gaming
Lenovo Legion R45w-30,2699.0,3619.0,70192.98,44.5,5120.0,1440.0,3.5555555555555554,119.5201448168605,165.0,3000,450.0,VA,4.0,7.3728,XLarge,QHD,1,0,Lenovo,11.159017831350978,Gaming
Lenovo Legion 27Q-10,899.0,994.0,21031.23,27.0,2560.0,1440.0,1.7777777777777777,108.78553926332336,240.0,1000,300.0,IPS,1.0,3.6864,Large,QHD,1,0,Lenovo,9.953811302066926,Gaming
Dell S3422DWG,1797.0,2796.0,51028.23,34.0,3440.0,1440.0,2.388888888888889,109.68340725465096,144.0,3000,400.0,VA,2.0,4.9536,XLarge,QHD,1,0,Dell,10.840153884780937,Gaming
Viewsonic VA240-H,340.0,586.0,10287.86,23.8,1920.0,1080.0,1.7777777777777777,92.55912479337388,100.0,1000,250.0,IPS,4.951367781155016,2.0736,Small,FullHD,0,0,Viewsonic,9.238817035518732,Non-Gaming
Iiyama ProLite XU2794HSU-B6,642.0,654.0,14398.56,27.0,1920.0,1080.0,1.7777777777777777,81.58915444749253,100.0,4000,250.0,VA,4.442516268980477,2.0736,Large,FullHD,0,0,Iiyama,9.574952929541706,Non-Gaming
NEC V323 PG,4315.0,4315.0,95879.3,32.0,1920.0,1080.0,1.7777777777777777,68.84084906507182,85.0,1300,450.0,IPS,8.0,2.0736,XLarge,FullHD,0,0,NEC,11.470855817454565,Non-Gaming
Asus VA24EQSB,528.0,956.0,16487.239999999998,23.8,1920.0,1080.0,1.7777777777777777,92.55912479337388,75.0,1000,300.0,IPS,5.0,2.0736,Small,FullHD,0,0,Asus,9.710402678505114,Non-Gaming
LG 27BQ75QB,1189.0,1270.0,27319.49,27.0,2560.0,1440.0,1.7777777777777777,108.78553926332336,75.0,1000,350.0,IPS,5.0,3.6864,Large,QHD,0,0,LG,10.215392249102218,Non-Gaming
Dahua LM24-A200,312.0,731.0,11587.73,24.0,1920.0,1080.0,1.7777777777777777,91.7877987534291,60.0,3000,220.0,VA,5.0,2.0736,Medium,FullHD,0,0,Dahua,9.357788353108033,Non-Gaming
Asus ROG Strix OLED XG27AQDMG,2483.0,2731.0,57927.53999999999,26.5,2560.0,1440.0,1.7777777777777777,110.83809660791438,240.0,1500000,275.0,OLED,1.0,3.6864,Medium,QHD,1,0,Asus,10.96696546094207,Gaming
Iiyama ProLite XUB3493WQSU-B5,1438.0,2305.0,41584.73,34.0,3440.0,1440.0,2.388888888888889,109.68340725465096,75.0,1000,400.0,IPS,4.0,4.9536,XLarge,QHD,0,0,Iiyama,10.635512358555347,Non-Gaming
Viewsonic VA2708-2K-HD,539.0,941.0,16442.8,27.0,2560.0,1440.0,1.7777777777777777,108.78553926332336,100.0,1000,250.0,IPS,4.951367781155016,3.6864,Large,QHD,0,0,Viewsonic,9.707703785452928,Non-Gaming
Asus VA27ECPSN,763.0,1241.0,22264.44,27.0,1920.0,1080.0,1.7777777777777777,81.58915444749253,75.0,1000,300.0,IPS,5.0,2.0736,Large,FullHD,0,0,Asus,10.010790979518768,Non-Gaming
NEC MultiSync E274FL,1102.0,1102.0,24486.44,27.0,1920.0,1080.0,1.7777777777777777,81.58915444749253,60.0,4000,250.0,VA,6.0,2.0736,Large,FullHD,0,0,NEC,10.105915612020086,Non-Gaming
Asus VA279QGS,765.0,993.0,19531.379999999997,27.0,1920.0,1080.0,1.7777777777777777,81.58915444749253,120.0,1500,350.0,IPS,4.951367781155016,2.0736,Large,FullHD,1,0,Asus,9.879828880245219,Gaming
LG UltraWide 38WR85QC,3996.0,4999.0,99934.45,37.5,3840.0,1600.0,2.4,110.93333333333334,144.0,1000,450.0,IPS,1.0,6.144,XLarge,QHD,1,0,LG,11.512279756545407,Gaming
Viewsonic VX3276-2K-mhd,1139.0,1308.0,27186.17,32.0,2560.0,1440.0,1.7777777777777777,91.7877987534291,60.0,1200,250.0,IPS,4.0,3.6864,XLarge,QHD,0,0,Viewsonic,10.21050044982634,Non-Gaming
Iiyama ProLite XUB3493WQSU-B6,1399.0,1590.0,33207.79,34.0,3440.0,1440.0,2.388888888888889,109.68340725465096,120.0,1000,400.0,IPS,4.951367781155016,4.9536,XLarge,QHD,1,0,Iiyama,10.410569878898237,Gaming
MSI PRO MP242PMG,670.0,971.0,18231.51,23.8,1920.0,1080.0,1.7777777777777777,92.55912479337388,120.0,1500,300.0,IPS,4.0,2.0736,Small,FullHD,1,0,MSI,9.810961543329375,Gaming
ASRock Phantom Gaming PG34WQ15R3A,1760.0,1803.0,39584.93,34.0,3440.0,1440.0,2.388888888888889,109.68340725465096,165.0,3000,550.0,VA,5.0,4.9536,XLarge,QHD,1,0,ASRock,10.586229031077192,Gaming
BenQ PD2506Q,1569.0,1809.0,37529.579999999994,25.0,2560.0,1440.0,1.7777777777777777,117.48838240438926,60.0,1000,350.0,IPS,5.0,3.6864,Medium,QHD,0,0,BenQ,10.532911346312874,Non-Gaming
Iiyama ProLite TW1623AS-B3P,1677.0,1677.0,37262.939999999995,15.6,1920.0,1080.0,1.7777777777777777,141.21199808219862,103.74406332453826,1000,385.0,IPS,30.0,2.0736,Small,FullHD,0,0,Iiyama,10.525781381989722,Non-Gaming
NEC E507Q,3366.0,3366.0,74792.51999999999,50.0,3840.0,2160.0,1.7777777777777777,88.11628680329193,60.0,4000,350.0,VA,8.0,8.2944,XLarge,4K,0,0,NEC,11.222486529193842,Non-Gaming
Gigabyte GS34WQCA,982.0,1392.0,26375.14,34.0,3440.0,1440.0,2.388888888888889,109.68340725465096,120.0,3000,300.0,VA,4.442516268980477,4.9536,XLarge,QHD,1,0,Gigabyte,10.180215092593107,Gaming
Lenovo ThinkVision P27q-30,1201.0,1929.0,34774.299999999996,27.0,2560.0,1440.0,1.7777777777777777,108.78553926332336,60.0,1000,350.0,IPS,4.0,3.6864,Large,QHD,0,0,Lenovo,10.456662643641563,Non-Gaming
Asus ZenScreen OLED MQ16AHE,1733.0,1937.0,40773.7,15.6,1920.0,1080.0,1.7777777777777777,141.21199808219862,60.0,100000,400.0,OLED,1.0,2.0736,Small,FullHD,0,0,Asus,10.615817070012731,Non-Gaming
MSI PRO MP161 E2,379.0,865.0,13820.84,15.6,1920.0,1080.0,1.7777777777777777,141.21199808219862,60.0,800,250.0,IPS,4.0,2.0736,Small,FullHD,0,0,MSI,9.534005228835534,Non-Gaming
AOC AGON AG274QXM,2830.0,4059.0,76536.79,27.0,2560.0,1440.0,1.7777777777777777,108.78553926332336,175.0,1000,600.0,IPS,1.0,3.6864,Large,QHD,1,0,AOC,11.245539884771356,Gaming
Iiyama G-Master GB2570HSU-B1,762.0,762.0,16931.64,25.0,1920.0,1080.0,1.7777777777777777,88.11628680329193,165.0,1000,400.0,IPS,4.0,2.0736,Medium,FullHD,1,0,Iiyama,9.73699839917831,Gaming
KOORUI 27E1QA,909.0,909.0,20197.98,27.0,2560.0,1440.0,1.7777777777777777,108.78553926332336,144.0,3000,300.0,VA,4.442516268980477,3.6864,Large,QHD,1,0,KOORUI,9.913387387064873,Gaming
Lenovo ThinkVision T27Q-40,1094.0,1791.0,32052.35,27.0,2560.0,1440.0,1.7777777777777777,108.78553926332336,120.0,1500,350.0,IPS,6.0,3.6864,Large,QHD,1,0,Lenovo,10.375156981067512,Gaming
Philips 241B8QJEB,658.0,923.0,17564.91,24.0,1920.0,1080.0,1.7777777777777777,91.7877987534291,60.0,1000,250.0,IPS,5.0,2.0736,Medium,FullHD,0,0,Philips,9.773715370929837,Non-Gaming
Samsung Smart Monitor M50D 27,780.0,1489.0,25208.59,27.0,1920.0,1080.0,1.7777777777777777,81.58915444749253,60.0,3000,250.0,VA,4.0,2.0736,Large,FullHD,0,0,Samsung,10.13497975666217,Non-Gaming
Acer Nitro XZ452CUVbemiiphuzx,2785.0,4726.0,83447.20999999999,44.5,5120.0,1440.0,3.5555555555555554,119.5201448168605,165.0,3000,450.0,VA,4.442516268980477,7.3728,XLarge,QHD,1,0,Acer,11.331981478889885,Gaming
Asus ROG Strix XG32WCMS,1594.0,2263.0,42851.27,31.5,2560.0,1440.0,1.7777777777777777,93.24474793999148,280.0,4000,350.0,VA,1.0,3.6864,Large,QHD,1,0,Asus,10.66551389811869,Gaming
AOC 27E3QAF,522.0,716.0,13754.179999999998,27.0,1920.0,1080.0,1.7777777777777777,81.58915444749253,75.0,1000,342.715043074884,IPS,4.0,2.0736,Large,FullHD,0,0,AOC,9.529170759423543,Non-Gaming
AOC Q25G4SR,979.0,1120.0,23319.89,24.5,2560.0,1440.0,1.7777777777777777,119.88610449427476,300.0,1000,400.0,IPS,1.0,3.6864,Medium,QHD,1,0,AOC,10.0571048044017,Gaming
Samsung F22T450F,600.0,600.0,13332.0,22.0,1920.0,1080.0,1.7777777777777777,100.13214409464992,75.0,1000,250.0,IPS,5.0,2.0736,Small,FullHD,0,0,Samsung,9.497997444115459,Non-Gaming
AOC U27E3UF,1059.0,1131.0,24330.9,27.0,3840.0,2160.0,1.7777777777777777,163.1783088949851,60.0,1000,350.0,IPS,4.0,8.2944,Large,4K,0,0,AOC,10.099543525617914,Non-Gaming
LG 27BA400,491.0,563.0,11709.94,27.0,1920.0,1080.0,1.7777777777777777,81.58915444749253,100.0,1000,250.0,IPS,5.0,2.0736,Large,FullHD,0,0,LG,9.368278726640746,Non-Gaming
Hannspree HT225HPB,1200.0,1529.0,30319.19,21.5,1920.0,1080.0,1.7777777777777777,102.460798608479,60.0,1000,300.0,IPS,7.0,2.0736,Small,FullHD,0,0,Hannspree,10.319569106227439,Non-Gaming
BenQ BL2381T,1245.0,1245.0,27663.9,23.0,1920.0,1200.0,1.6,98.44154224754716,60.0,1000,250.0,IPS,5.0,2.304,Small,FullHD,0,0,BenQ,10.227919740650094,Non-Gaming
MSI MAG 27CQ6PF,649.0,1177.0,20286.86,27.0,2560.0,1440.0,1.7777777777777777,108.78553926332336,180.0,5000,300.0,VA,4.442516268980477,3.6864,Large,QHD,1,0,MSI,9.917777956582228,Gaming
Acer Nitro VG270Sbmiipx,590.0,932.0,16909.42,27.0,1920.0,1080.0,1.7777777777777777,81.58915444749253,165.0,1000,250.0,IPS,2.0,2.0736,Large,FullHD,1,0,Acer,9.735685278958519,Gaming
Lenovo Legion R34w-30,1113.0,1342.0,27275.05,34.0,3440.0,1440.0,2.388888888888889,109.68340725465096,180.0,3000,350.0,VA,5.0,4.9536,XLarge,QHD,1,0,Lenovo,10.213764306752223,Gaming
Terra 2772W PV,1022.0,1092.0,23486.539999999997,27.0,2560.0,1440.0,1.7777777777777777,108.78553926332336,75.0,1000,300.0,IPS,5.0,3.6864,Large,QHD,0,0,Terra,10.0642253467538,Non-Gaming
LG UltraFine 27U730A,1350.0,1738.0,34307.68,27.0,3840.0,2160.0,1.7777777777777777,163.1783088949851,60.0,1000,300.0,IPS,5.0,8.2944,Large,4K,0,0,LG,10.44315366236393,Non-Gaming
LG 27QP88DP,2673.0,3491.0,68482.04,27.0,2560.0,1440.0,1.7777777777777777,108.78553926332336,75.0,1000,350.0,IPS,5.0,3.6864,Large,QHD,0,0,LG,11.13434140235367,Non-Gaming
LG UltraGear 27GS95QE,2162.0,3544.0,63393.66,26.5,2560.0,1440.0,1.7777777777777777,110.83809660791438,240.0,1500000,275.0,OLED,1.0,3.6864,Medium,QHD,1,0,LG,11.057134909748676,Gaming
Viewsonic VG3208-4K,1441.0,1539.0,33107.799999999996,31.5,3840.0,2160.0,1.7777777777777777,139.8671219099872,60.0,3000,300.0,VA,4.0,8.2944,Large,4K,0,0,Viewsonic,10.407554387057564,Non-Gaming
HP Z24m G3,1171.0,1724.0,32163.449999999997,23.8,2560.0,1440.0,1.7777777777777777,123.41216639116516,90.0,1000,400.0,IPS,5.0,3.6864,Small,QHD,0,0,HP,10.378617084367335,Non-Gaming
Acer Nitro ED320QUS3bmiipx,889.0,935.0,20264.64,31.5,2560.0,1440.0,1.7777777777777777,93.24474793999148,180.0,3500,250.0,VA,4.442516268980477,3.6864,Large,QHD,1,0,Acer,9.916682120108257,Gaming
Asus TUF Gaming VG27VH1B,904.0,1147.0,22786.61,27.0,1920.0,1080.0,1.7777777777777777,81.58915444749253,165.0,3000,250.0,VA,4.0,2.0736,Large,FullHD,1,0,Asus,10.033972246183167,Gaming
Iiyama ProLite XUB2790QSUH-B1,1292.0,1706.0,33307.78,27.0,2560.0,1440.0,1.7777777777777777,108.78553926332336,100.0,1300,250.0,IPS,4.951367781155016,3.6864,Large,QHD,0,0,Iiyama,10.413576304879044,Non-Gaming
AOC 24G4XE,398.0,644.0,11576.62,23.8,1920.0,1080.0,1.7777777777777777,92.55912479337388,180.0,1000,300.0,IPS,1.0,2.0736,Small,FullHD,1,0,AOC,9.356829203233172,Gaming
MSI Modern MD342CQPW,1502.0,1924.0,38062.86,34.0,3440.0,1440.0,2.388888888888889,109.68340725465096,120.0,3500,300.0,VA,4.0,4.9536,XLarge,QHD,1,0,MSI,10.547020554520001,Gaming
Asus MB166C,435.0,878.0,14587.429999999998,15.6,1920.0,1080.0,1.7777777777777777,141.21199808219862,60.0,800,250.0,IPS,5.0,2.0736,Small,FullHD,0,0,Asus,9.587984027776029,Non-Gaming
Samsung ViewFinity S60D 24,704.0,1218.0,21353.42,23.8,2560.0,1440.0,1.7777777777777777,123.41216639116516,100.0,1000,350.0,IPS,5.0,3.6864,Small,QHD,0,0,Samsung,9.969014022991018,Non-Gaming
Asus ZenScreen MB17AHG,1350.0,1702.0,33907.72,17.3,1920.0,1080.0,1.7777777777777777,127.33567457123112,144.0,800,300.0,IPS,5.0,2.0736,Small,FullHD,1,0,Asus,10.431427487429957,Gaming
Asus VT169HE,854.0,889.0,19364.73,15.6,1920.0,1080.0,1.7777777777777777,141.21199808219862,60.0,1000,220.0,IPS,5.0,2.0736,Small,FullHD,0,0,Asus,9.87126028811415,Non-Gaming
Philips 19S4QAB,1418.0,1418.0,31507.96,19.0,1280.0,1024.0,1.25,86.27367393593732,60.0,1000,250.0,IPS,5.0,1.31072,Small,HD,0,0,Philips,10.358027228811517,Non-Gaming
Philips Evnia 27M2N8500,2400.0,2992.0,59905.119999999995,26.5,2560.0,1440.0,1.7777777777777777,110.83809660791438,360.0,1500000,250.0,OLED,1.0,3.6864,Medium,QHD,1,0,Philips,11.00053394916832,Gaming
HP P22 G4,699.0,699.0,15531.78,22.0,1920.0,1080.0,1.7777777777777777,100.13214409464992,60.0,1000,250.0,IPS,5.0,2.0736,Small,FullHD,0,0,HP,9.65070790849354,Non-Gaming
Acer Nitro XV282KKVbmiipruzx,1947.0,1957.0,43373.439999999995,28.0,3840.0,2160.0,1.7777777777777777,157.3505121487356,144.0,1000,400.0,IPS,4.0,8.2944,Large,4K,1,1,Acer,10.677625606502993,Gaming
Dell S2721NX,698.0,698.0,15509.56,27.0,1920.0,1080.0,1.7777777777777777,81.58915444749253,75.0,1000,300.0,IPS,4.0,2.0736,Large,FullHD,0,0,Dell,9.649276361257021,Non-Gaming
AOC G2490VXA,845.0,845.0,18775.9,24.0,1920.0,1080.0,1.7777777777777777,91.7877987534291,144.0,3500,350.0,VA,4.0,2.0736,Medium,FullHD,1,0,AOC,9.840382669914254,Gaming
Acer B278Kbemiqprcuzx,2198.0,2513.0,52339.21,27.0,3840.0,2160.0,1.7777777777777777,163.1783088949851,60.0,1000,350.0,IPS,4.0,8.2944,Large,4K,0,0,Acer,10.86552018830383,Non-Gaming
BenQ GW2486TC,734.0,1008.0,19353.62,23.8,1920.0,1080.0,1.7777777777777777,92.55912479337388,100.0,1300,250.0,IPS,5.0,2.0736,Small,FullHD,0,0,BenQ,9.870686429649291,Non-Gaming
Eizo FlexScan EV2785,3454.0,3454.0,76747.87999999999,27.0,3840.0,2160.0,1.7777777777777777,163.1783088949851,61.0,1300,350.0,IPS,5.0,8.2944,Large,4K,0,0,Eizo,11.248294072509092,Non-Gaming
Samsung Essential Monitor S32GF 27,469.0,470.0,10432.29,27.0,1920.0,1080.0,1.7777777777777777,81.58915444749253,120.0,1000,250.0,IPS,5.0,2.0736,Large,FullHD,1,0,Samsung,9.252756934496878,Gaming
Philips 243B1,918.0,1521.0,27097.289999999997,24.0,1920.0,1080.0,1.7777777777777777,91.7877987534291,75.0,1000,250.0,IPS,4.0,2.0736,Medium,FullHD,0,0,Philips,10.20722590524593,Non-Gaming
Iiyama ProLite XUB2497HSN-B2,747.0,1050.0,19964.67,23.8,1920.0,1080.0,1.7777777777777777,92.55912479337388,100.0,1300,300.0,IPS,4.951367781155016,2.0736,Small,FullHD,0,0,Iiyama,9.901769577662014,Non-Gaming
Asus ROG Strix XG32UQ,2819.0,5723.0,94901.62,32.0,3840.0,2160.0,1.7777777777777777,137.68169813014364,160.0,1000,600.0,IPS,1.0,8.2944,XLarge,4K,1,1,Asus,11.460606592225355,Gaming
Lenovo T34w-30,2041.0,3305.0,59394.06,34.0,3440.0,1440.0,2.388888888888889,109.68340725465096,60.0,3000,350.0,VA,6.0,4.9536,XLarge,QHD,0,0,Lenovo,10.991966336909172,Non-Gaming
HP P24 G4,559.0,793.0,15020.72,24.0,1920.0,1080.0,1.7777777777777777,91.7877987534291,60.0,1000,250.0,IPS,5.0,2.0736,Medium,FullHD,0,0,HP,9.617252432743259,Non-Gaming
Lenovo T23i-30,1024.0,1376.0,26664.0,23.0,1920.0,1080.0,1.7777777777777777,95.77857261227383,60.0,1000,250.0,IPS,4.0,2.0736,Small,FullHD,0,0,Lenovo,10.191107123034703,Non-Gaming
Cooler Master GA271,722.0,722.0,16042.839999999998,27.0,2560.0,1440.0,1.7777777777777777,108.78553926332336,100.0,4000,250.0,VA,4.442516268980477,3.6864,Large,QHD,0,0,Cooler Master,9.6830802542648,Non-Gaming
AOC 24V5CW,779.0,843.0,18020.42,23.8,1920.0,1080.0,1.7777777777777777,92.55912479337388,75.0,1000,342.715043074884,IPS,4.0,2.0736,Small,FullHD,0,0,AOC,9.799316329389521,Non-Gaming
BenQ GW2790,411.0,564.0,10832.25,27.0,1920.0,1080.0,1.7777777777777777,81.58915444749253,100.0,1300,250.0,IPS,5.0,2.0736,Large,FullHD,0,0,BenQ,9.29037538731244,Non-Gaming
BenQ BL3290QT,999.0,2176.0,35274.25,31.5,2560.0,1440.0,1.7777777777777777,93.24474793999148,75.0,1000,350.0,IPS,5.0,3.6864,Large,QHD,0,0,BenQ,10.470936863868118,Non-Gaming
BenQ Zowie XL2566X+,2499.0,3078.0,61960.469999999994,24.1,1920.0,1080.0,1.7777777777777777,91.40693651793768,400.0,1000,320.0,TN,4.1020408163265305,2.0736,Medium,FullHD,1,0,BenQ,11.034268019233233,Gaming
AOC AGON PRO AG276QKD2,4359.0,4359.0,96856.98,26.5,2560.0,1440.0,1.7777777777777777,110.83809660791438,500.0,1500000,300.0,OLED,1.0,3.6864,Medium,QHD,1,0,AOC,11.481001060897714,Gaming
Acer Vero B247YDbmiprczx,679.0,764.0,16031.73,23.8,1920.0,1080.0,1.7777777777777777,92.55912479337388,75.0,1000,250.0,IPS,4.0,2.0736,Small,FullHD,0,0,Acer,9.68238753678009,Non-Gaming
Viewsonic VX3276-4K-mhd,1573.0,2044.0,40184.869999999995,32.0,3840.0,2160.0,1.7777777777777777,137.68169813014364,60.0,2500,300.0,VA,4.0,8.2944,XLarge,4K,0,0,Viewsonic,10.601270720281818,Non-Gaming
Verbatim PMT-14,613.0,922.0,17053.85,14.0,1920.0,1080.0,1.7777777777777777,157.3505121487356,103.74406332453826,1000,250.0,IPS,6.0,2.0736,Small,FullHD,0,0,Verbatim,9.744189899739311,Non-Gaming
Lenovo ThinkVision S27i-30,504.0,671.0,13054.25,27.0,1920.0,1080.0,1.7777777777777777,81.58915444749253,100.0,1300,300.0,IPS,6.0,2.0736,Large,FullHD,0,0,Lenovo,9.476945630700929,Non-Gaming
Acer Vero B227QEbmiprxv,652.0,702.0,15042.94,21.5,1920.0,1080.0,1.7777777777777777,102.460798608479,100.0,1000,250.0,VA,4.0,2.0736,Small,FullHD,0,0,Acer,9.61873053128129,Non-Gaming
AOC CU34P3CV,1284.0,1745.0,33652.189999999995,34.0,3440.0,1440.0,2.388888888888889,109.68340725465096,100.0,3000,300.0,VA,4.0,4.9536,XLarge,QHD,0,0,AOC,10.42386312998534,Non-Gaming
BenQ Mobiuz EX2710U,2228.0,2622.0,53883.5,27.0,3840.0,2160.0,1.7777777777777777,163.1783088949851,144.0,1000,300.0,IPS,1.0,8.2944,Large,4K,1,1,BenQ,10.894598145967747,Gaming
Iiyama ProLite XU2792UHSU-B6,1075.0,1365.0,27108.4,27.0,3840.0,2160.0,1.7777777777777777,163.1783088949851,60.0,1300,350.0,IPS,4.0,8.2944,Large,4K,0,0,Iiyama,10.207635810193201,Non-Gaming
Philips 275S9JML,592.0,941.0,17031.629999999997,27.0,2560.0,1440.0,1.7777777777777777,108.78553926332336,75.0,4000,300.0,VA,4.0,3.6864,Large,QHD,0,0,Philips,9.742886195086038,Non-Gaming
AOC 24P3CV,793.0,1002.0,19942.45,23.8,1920.0,1080.0,1.7777777777777777,92.55912479337388,75.0,1000,300.0,IPS,4.0,2.0736,Small,FullHD,0,0,AOC,9.90065604760693,Non-Gaming
Asus TUF Gaming VG27VQ3B,674.0,869.0,17142.73,27.0,1920.0,1080.0,1.7777777777777777,81.58915444749253,180.0,3000,250.0,VA,1.0,2.0736,Large,FullHD,1,0,Asus,9.749387788079327,Gaming
Asus VA27DQFS,664.0,789.0,16142.83,27.0,1920.0,1080.0,1.7777777777777777,81.58915444749253,100.0,1000,300.0,IPS,4.951367781155016,2.0736,Large,FullHD,0,0,Asus,9.689293212309998,Non-Gaming
Lenovo G27-20,595.0,848.0,16031.73,27.0,1920.0,1080.0,1.7777777777777777,81.58915444749253,144.0,1000,400.0,IPS,5.0,2.0736,Large,FullHD,1,0,Lenovo,9.68238753678009,Gaming
ASRock Phantom Gaming PG27FRS1A,778.0,962.0,19331.4,27.0,1920.0,1080.0,1.7777777777777777,81.58915444749253,280.0,4000,300.0,VA,4.442516268980477,2.0736,Large,FullHD,1,0,ASRock,9.86953772383306,Gaming
MSI PRO MP242AP,479.0,758.0,13743.07,23.8,1920.0,1080.0,1.7777777777777777,92.55912479337388,100.0,1000,300.0,IPS,4.0,2.0736,Small,FullHD,0,0,MSI,9.528362737342615,Non-Gaming
MSI G27C3F,664.0,890.0,17264.94,27.0,1920.0,1080.0,1.7777777777777777,81.58915444749253,180.0,3000,300.0,VA,1.0,2.0736,Large,FullHD,1,0,MSI,9.756491053751784,Gaming
AOC C24G2AE,572.0,794.0,15176.259999999998,24.0,1920.0,1080.0,1.7777777777777777,91.7877987534291,165.0,3000,250.0,VA,4.0,2.0736,Medium,FullHD,1,0,AOC,9.627553533998654,Gaming
LC-Power LC-M27-4K-UHD-144,1419.0,2146.0,39607.15,27.0,3840.0,2160.0,1.7777777777777777,163.1783088949851,144.0,1000,350.0,IPS,8.0,8.2944,Large,4K,1,1,LC-Power,10.586790184147802,Gaming
HP 324pe,490.0,701.0,13232.01,23.8,1920.0,1080.0,1.7777777777777777,92.55912479337388,100.0,1000,250.0,IPS,5.0,2.0736,Small,FullHD,0,0,HP,9.490469744459306,Non-Gaming
AOC 25G3ZM,545.0,841.0,15398.46,24.5,1920.0,1080.0,1.7777777777777777,89.91457837070605,240.0,3000,300.0,VA,1.0,2.0736,Medium,FullHD,1,0,AOC,9.642087722851866,Gaming
Asus VA279HG,493.0,678.0,13009.81,27.0,1920.0,1080.0,1.7777777777777777,81.58915444749253,120.0,1500,300.0,IPS,4.951367781155016,2.0736,Large,FullHD,1,0,Asus,9.473535829368643,Gaming
MSI MAG 321CUPDF,2593.0,3407.0,66660.0,31.5,3840.0,2160.0,1.7777777777777777,139.8671219099872,160.0,3000,350.0,VA,4.442516268980477,8.2944,Large,4K,1,1,MSI,11.10737535324936,Gaming
Samsung ViewFinity S95UC 49,3566.0,4852.0,93523.98,49.0,5120.0,1440.0,3.5555555555555554,108.54380498674064,120.0,3000,350.0,VA,5.0,7.3728,XLarge,QHD,1,0,Samsung,11.445983845369758,Gaming
ASRock Phantom Gaming PG34QRT3A,1749.0,1993.0,41573.619999999995,34.0,3440.0,1440.0,2.388888888888889,109.68340725465096,180.0,4000,500.0,VA,4.442516268980477,4.9536,XLarge,QHD,1,0,ASRock,10.635245163911119,Gaming
LG UltraGear 32GS60QC,776.0,999.0,19720.25,31.5,2560.0,1440.0,1.7777777777777777,93.24474793999148,180.0,3000,300.0,VA,1.0,3.6864,Large,QHD,1,0,LG,9.889452013571663,Gaming
Acer Predator XB273UV3bmiiprzx,1300.0,1300.0,28886.0,27.0,2560.0,1440.0,1.7777777777777777,108.78553926332336,180.0,1000,400.0,IPS,4.951367781155016,3.6864,Large,QHD,1,0,Acer,10.271146945908393,Gaming
Lenovo P34w-20,2268.0,4674.0,77125.62,34.0,3440.0,1440.0,2.388888888888889,109.68340725465096,60.0,1000,300.0,IPS,4.0,4.9536,XLarge,QHD,0,0,Lenovo,11.253203765849326,Non-Gaming
Redragon Amber II,769.0,826.0,17720.45,27.0,1920.0,1080.0,1.7777777777777777,81.58915444749253,180.0,3000,250.0,VA,4.442516268980477,2.0736,Large,FullHD,1,0,Redragon,9.782531049253745,Gaming
Viewsonic VG2709-2K-MHDU-2,1037.0,1360.0,26630.67,27.0,2560.0,1440.0,1.7777777777777777,108.78553926332336,100.0,1000,350.0,IPS,4.0,3.6864,Large,QHD,0,0,Viewsonic,10.18985638806965,Non-Gaming
Dahua LM25-E231B,425.0,535.0,10665.6,24.5,1920.0,1080.0,1.7777777777777777,89.91457837070605,180.0,1000,300.0,IPS,4.951367781155016,2.0736,Medium,FullHD,1,0,Dahua,9.274872643094223,Gaming
Acer KA242YGbip,374.0,580.0,10598.94,23.8,1920.0,1080.0,1.7777777777777777,92.55912479337388,120.0,1000,250.0,IPS,4.0,2.0736,Small,FullHD,1,0,Acer,9.26860361970678,Gaming
Samsung Odyssey OLED G81SF 32,3689.0,5048.0,97068.07,31.5,3840.0,2160.0,1.7777777777777777,139.8671219099872,240.0,1000000,260.0,OLED,1.0,8.2944,Large,4K,1,1,Samsung,11.48317806594543,Gaming
Iiyama ProLite XCB3497WQSNP-B1,1351.0,1704.0,33941.049999999996,34.0,3440.0,1440.0,2.388888888888889,109.68340725465096,120.0,3000,350.0,VA,4.442516268980477,4.9536,XLarge,QHD,1,0,Iiyama,10.432409937671299,Gaming
Philips 242B1,660.0,946.0,17842.66,24.0,1920.0,1080.0,1.7777777777777777,91.7877987534291,75.0,1000,250.0,IPS,4.0,2.0736,Medium,FullHD,0,0,Philips,9.789403542042864,Non-Gaming
Acer PD163Qbmiuux,1099.0,2003.0,34463.22,15.6,1920.0,1080.0,1.7777777777777777,141.21199808219862,60.0,1000,250.0,IPS,8.0,2.0736,Small,FullHD,0,0,Acer,10.44767696340835,Non-Gaming
AOC Q27G4XF,700.0,1066.0,19620.26,27.0,2560.0,1440.0,1.7777777777777777,108.78553926332336,180.0,1000,300.0,IPS,1.0,3.6864,Large,QHD,1,0,AOC,9.884368951240813,Gaming
Hannspree HC272PFB,1028.0,1028.0,22842.16,27.0,2560.0,1440.0,1.7777777777777777,108.78553926332336,75.0,1000,300.0,VA,4.0,3.6864,Large,QHD,0,0,Hannspree,10.036407007965272,Non-Gaming
Acer CB272Ebmiprx,600.0,600.0,13332.0,27.0,1920.0,1080.0,1.7777777777777777,81.58915444749253,100.0,1000,250.0,IPS,4.951367781155016,2.0736,Large,FullHD,0,0,Acer,9.497997444115459,Non-Gaming
NEC X555UNS,643.0,643.0,14287.46,55.0,1920.0,1080.0,1.7777777777777777,40.05285763785997,85.0,1200,700.0,IPS,12.0,2.0736,XLarge,FullHD,0,0,NEC,9.567207497446862,Non-Gaming
Asus VA27ACFSN,1065.0,1696.0,30674.71,27.0,2560.0,1440.0,1.7777777777777777,108.78553926332336,100.0,1300,350.0,IPS,5.0,3.6864,Large,QHD,0,0,Asus,10.331226415195522,Non-Gaming
LC-Power LC-M49-DQHD-120-C-Q,3254.0,3857.0,79003.20999999999,49.0,5120.0,1440.0,3.5555555555555554,108.54380498674064,120.0,3000,400.0,Other,6.0,7.3728,XLarge,QHD,1,0,LC-Power,11.277256421168477,Gaming
Acer SA273G0bi,492.0,492.0,10932.24,27.0,1920.0,1080.0,1.7777777777777777,81.58915444749253,120.0,1500,250.0,IPS,4.0,2.0736,Large,FullHD,1,0,Acer,9.299562969082322,Gaming
Iiyama G-Master GB2770QSU-B6,849.0,1231.0,23108.8,27.0,2560.0,1440.0,1.7777777777777777,108.78553926332336,180.0,1200,400.0,IPS,4.951367781155016,3.6864,Large,QHD,1,0,Iiyama,10.048012048968754,Gaming
Dell S2722QC,1366.0,2467.0,42584.63,27.0,3840.0,2160.0,1.7777777777777777,163.1783088949851,60.0,1000,350.0,IPS,4.0,8.2944,Large,4K,0,0,Dell,10.659272151407281,Non-Gaming
AOC 24P4U,699.0,738.0,15965.07,23.8,1920.0,1080.0,1.7777777777777777,92.55912479337388,120.0,1500,300.0,IPS,4.0,2.0736,Small,FullHD,1,0,AOC,9.678221124512806,Gaming
Samsung QH43C,2622.0,5269.0,87669.01,42.5,3840.0,2160.0,1.7777777777777777,103.66621976857874,60.0,4000,700.0,VA,8.0,8.2944,XLarge,4K,0,0,Samsung,11.38133515864673,Non-Gaming
MSI G2712F,550.0,703.0,13920.83,27.0,1920.0,1080.0,1.7777777777777777,81.58915444749253,180.0,1000,300.0,IPS,1.0,2.0736,Large,FullHD,1,0,MSI,9.541213390764819,Gaming
Iiyama ProLite T2454MSC-B2AG,1322.0,1730.0,33907.72,23.8,1920.0,1080.0,1.7777777777777777,92.55912479337388,75.0,1000,300.0,IPS,4.0,2.0736,Small,FullHD,0,0,Iiyama,10.431427487429957,Non-Gaming
Acer Predator X34V3bmiiphuzx,2663.0,3499.0,68459.81999999999,34.0,3440.0,1440.0,2.388888888888889,109.68340725465096,180.0,4000,1000.0,VA,4.442516268980477,4.9536,XLarge,QHD,1,0,Acer,11.134016889809697,Gaming
Iiyama ProLite TF2438MSC-B1,2090.0,2293.0,48695.13,23.8,1920.0,1080.0,1.7777777777777777,92.55912479337388,60.0,1000,525.0,IPS,5.0,2.0736,Small,FullHD,0,0,Iiyama,10.793354839793984,Non-Gaming
Philips 272E2FA,604.0,800.0,15598.44,27.0,1920.0,1080.0,1.7777777777777777,81.58915444749253,75.0,1000,350.0,IPS,4.0,2.0736,Large,FullHD,0,0,Philips,9.654990295157402,Non-Gaming
LG 32UR550,1156.0,1415.0,28563.81,31.5,3840.0,2160.0,1.7777777777777777,139.8671219099872,60.0,3000,250.0,VA,4.0,8.2944,Large,4K,0,0,LG,10.259930819639855,Non-Gaming
KOORUI 27E3QK,1709.0,1709.0,37973.98,27.0,2560.0,1440.0,1.7777777777777777,108.78553926332336,240.0,1000,342.715043074884,IPS,1.0,3.6864,Large,QHD,1,0,KOORUI,10.544682800801557,Gaming
Dahua LM27-B200,528.0,755.0,14254.13,27.0,1920.0,1080.0,1.7777777777777777,81.58915444749253,100.0,3000,250.0,VA,5.0,2.0736,Large,FullHD,0,0,Dahua,9.564872120912344,Non-Gaming
Dell Alienware AW2724HF,1129.0,2409.0,39307.18,27.0,1920.0,1080.0,1.7777777777777777,81.58915444749253,360.0,1000,400.0,IPS,1.0,2.0736,Large,FullHD,1,0,Dell,10.579187918692348,Gaming
Thomson Go Plus 32UE5M45,3458.0,3500.0,77303.37999999999,31.5,3840.0,2160.0,1.7777777777777777,139.8671219099872,60.0,3000,220.0,VA,4.442516268980477,8.2944,Large,4K,0,0,Thomson,11.255505895324726,Non-Gaming
Iiyama ProLite XUB2496HSU-B1,801.0,801.0,17798.219999999998,24.0,1920.0,1080.0,1.7777777777777777,91.7877987534291,75.0,1000,250.0,IPS,4.0,2.0736,Medium,FullHD,0,0,Iiyama,9.786909915095324,Non-Gaming
Acer Predator XB273UGXbmiipruzx,3659.0,3659.0,81302.98,27.0,2560.0,1440.0,1.7777777777777777,108.78553926332336,270.0,1000,342.715043074884,IPS,1.0,3.6864,Large,QHD,1,0,Acer,11.305950248827214,Gaming
Acer Vero V227QHbipv,578.0,578.0,12843.16,21.5,1920.0,1080.0,1.7777777777777777,102.460798608479,100.0,3000,250.0,VA,4.0,2.0736,Small,FullHD,0,0,Acer,9.460644512310264,Non-Gaming
Dahua LM24-H200,357.0,520.0,9743.47,23.8,1920.0,1080.0,1.7777777777777777,92.55912479337388,60.0,3000,250.0,Other,8.0,2.0736,Small,FullHD,0,0,Dahua,9.184455223597583,Non-Gaming
Iiyama ProLite XU2495WSU-B7,555.0,899.0,16153.94,24.1,1920.0,1200.0,1.6,93.94835982131056,75.0,1000,300.0,IPS,4.0,2.304,Medium,FullHD,0,0,Iiyama,9.689981164231275,Non-Gaming
Asus TUF Gaming VG27AQ3A,949.0,1022.0,21897.81,27.0,2560.0,1440.0,1.7777777777777777,108.78553926332336,180.0,1000,250.0,IPS,1.0,3.6864,Large,QHD,1,0,Asus,9.994187576428692,Gaming
Asus VA24DCP,652.0,1065.0,19075.87,24.0,1920.0,1080.0,1.7777777777777777,91.7877987534291,75.0,1000,250.0,IPS,5.0,2.0736,Medium,FullHD,0,0,Asus,9.856231885423647,Non-Gaming
Philips Evnia 24M2N3200NF,367.0,497.0,9599.04,23.8,1920.0,1080.0,1.7777777777777777,92.55912479337388,144.0,1500,300.0,IPS,4.0,2.0736,Small,FullHD,1,0,Philips,9.169522544113914,Gaming
Asus VU249CFE,689.0,962.0,18342.61,23.8,1920.0,1080.0,1.7777777777777777,92.55912479337388,100.0,1300,250.0,IPS,4.951367781155016,2.0736,Small,FullHD,0,0,Asus,9.817036563954126,Non-Gaming
Philips 27E1N1800AE,775.0,1072.0,20520.17,27.0,3840.0,2160.0,1.7777777777777777,163.1783088949851,60.0,1000,350.0,IPS,4.0,8.2944,Large,4K,0,0,Philips,9.929212315203127,Non-Gaming
Lenovo ThinkVision T32UD-40,2399.0,3149.0,61638.28,31.5,3840.0,2160.0,1.7777777777777777,139.8671219099872,60.0,1500,350.0,IPS,6.0,8.2944,Large,4K,0,0,Lenovo,11.029054608639031,Non-Gaming
Viewsonic VA1655,599.0,978.0,17520.469999999998,15.6,1920.0,1080.0,1.7777777777777777,141.21199808219862,60.0,800,250.0,IPS,7.0,2.0736,Small,FullHD,0,0,Viewsonic,9.771182265080219,Non-Gaming
Viewsonic VX24G1-HD,399.0,696.0,12165.45,23.8,1920.0,1080.0,1.7777777777777777,92.55912479337388,180.0,1000,300.0,IPS,4.951367781155016,2.0736,Small,FullHD,1,0,Viewsonic,9.406437442524727,Gaming
Iiyama ProLite XCB3494WQSU-B1,1224.0,1668.0,32130.12,34.0,3440.0,1440.0,2.388888888888889,109.68340725465096,120.0,3000,350.0,VA,4.442516268980477,4.9536,XLarge,QHD,1,0,Iiyama,10.377580309890163,Gaming
Acer Vero V247YE0bi,414.0,414.0,9199.08,23.8,1920.0,1080.0,1.7777777777777777,92.55912479337388,100.0,1000,250.0,IPS,4.951367781155016,2.0736,Small,FullHD,0,0,Acer,9.1269674586515,Non-Gaming
Dahua LM27-B200S,384.0,617.0,11121.11,27.0,1920.0,1080.0,1.7777777777777777,81.58915444749253,75.0,3000,250.0,VA,5.0,2.0736,Large,FullHD,0,0,Dahua,9.3166902980061,Non-Gaming
Gigabyte MO27Q28G,2670.0,2670.0,59327.399999999994,27.0,2560.0,1440.0,1.7777777777777777,108.78553926332336,280.0,1500000,335.0,OLED,1.0,3.6864,Large,QHD,1,0,Gigabyte,10.99084339108187,Gaming
HP 727pm,2979.0,4509.0,83191.68,27.0,3840.0,2160.0,1.7777777777777777,163.1783088949851,60.0,2000,400.0,IPS,5.0,8.2944,Large,4K,0,0,HP,11.328914642169535,Non-Gaming
Asus VA249QG,496.0,569.0,11832.15,23.8,1920.0,1080.0,1.7777777777777777,92.55912479337388,120.0,1500,300.0,IPS,4.951367781155016,2.0736,Small,FullHD,1,0,Asus,9.378660193717634,Gaming
Samsung Smart Monitor M70D 32,1097.0,1606.0,30030.33,31.5,3840.0,2160.0,1.7777777777777777,139.8671219099872,60.0,3000,300.0,VA,4.0,8.2944,Large,4K,0,0,Samsung,10.309996449040934,Non-Gaming
Dell S3222DGM,1268.0,1784.0,33907.72,32.0,2560.0,1440.0,1.7777777777777777,91.7877987534291,165.0,3000,350.0,VA,2.0,3.6864,XLarge,QHD,1,0,Dell,10.431427487429957,Gaming
KOORUI 24E3,465.0,757.0,13576.42,23.6,1920.0,1080.0,1.7777777777777777,93.3435241560296,165.0,1000,250.0,IPS,1.0,2.0736,Small,FullHD,1,0,KOORUI,9.51616339779074,Gaming
HP V27ie G5,674.0,674.0,14976.28,27.0,1920.0,1080.0,1.7777777777777777,81.58915444749253,75.0,1000,250.0,IPS,5.0,2.0736,Large,FullHD,0,0,HP,9.614289665150483,Non-Gaming
Asus VU34WCIP-W,1659.0,1659.0,36862.98,34.0,3440.0,1440.0,2.388888888888889,109.68340725465096,100.0,3000,300.0,VA,4.442516268980477,4.9536,XLarge,QHD,0,0,Asus,10.514990201520694,Non-Gaming
Acer Nitro VG240YS3bmiipx,555.0,826.0,15342.91,23.8,1920.0,1080.0,1.7777777777777777,92.55912479337388,180.0,3000,250.0,VA,4.442516268980477,2.0736,Small,FullHD,1,0,Acer,9.638473931621137,Gaming
AOC 27E3UM,449.0,797.0,13843.06,27.0,1920.0,1080.0,1.7777777777777777,81.58915444749253,75.0,3000,300.0,VA,4.0,2.0736,Large,FullHD,0,0,AOC,9.535611538753356,Non-Gaming
Dahua LM27-B211B,445.0,450.0,9943.45,27.0,1920.0,1080.0,1.7777777777777777,81.58915444749253,120.0,1300,300.0,IPS,4.951367781155016,2.0736,Large,FullHD,1,0,Dahua,9.204769885585788,Gaming
Lenovo Legion R27q-30,921.0,1395.0,25730.76,27.0,2560.0,1440.0,1.7777777777777777,108.78553926332336,165.0,1000,350.0,IPS,5.0,3.6864,Large,QHD,1,0,Lenovo,10.155481305579265,Gaming
Iiyama G-Master G2766HSU-B1,639.0,1242.0,20897.91,27.0,1920.0,1080.0,1.7777777777777777,81.58915444749253,165.0,3000,250.0,VA,4.0,2.0736,Large,FullHD,1,0,Iiyama,9.947452283482834,Gaming
LG UltraFine 27UP650K,893.0,1262.0,23942.05,27.0,3840.0,2160.0,1.7777777777777777,163.1783088949851,60.0,1200,400.0,IPS,5.0,8.2944,Large,4K,0,0,LG,10.083433372834968,Non-Gaming
Iiyama ProLite XUB2797HSN-B1,1055.0,1055.0,23442.1,27.0,1920.0,1080.0,1.7777777777777777,81.58915444749253,100.0,1000,250.0,IPS,4.951367781155016,2.0736,Large,FullHD,0,0,Iiyama,10.062331487506077,Non-Gaming
Acer Predator XB273UKF,3600.0,3600.0,79992.0,27.0,2560.0,1440.0,1.7777777777777777,108.78553926332336,300.0,1000,600.0,IPS,1.0,3.6864,Large,QHD,1,0,Acer,11.28969440982767,Gaming
Iiyama G-Master G2470HSU-B6,476.0,719.0,13276.45,23.8,1920.0,1080.0,1.7777777777777777,92.55912479337388,180.0,1000,300.0,IPS,4.951367781155016,2.0736,Small,FullHD,1,0,Iiyama,9.493822386520305,Gaming
Asus TUF Gaming VG249QM1A,793.0,1175.0,21864.48,23.8,1920.0,1080.0,1.7777777777777777,92.55912479337388,270.0,1000,350.0,IPS,1.0,2.0736,Small,FullHD,1,0,Asus,9.99266441649881,Gaming
AOC Q3279VWFD8,1189.0,1189.0,26419.58,32.0,2560.0,1440.0,1.7777777777777777,91.7877987534291,75.0,1200,250.0,IPS,5.0,3.6864,XLarge,QHD,0,0,AOC,10.181898530901211,Non-Gaming
AOC 24P3QW,748.0,1060.0,20086.879999999997,23.8,1920.0,1080.0,1.7777777777777777,92.55912479337388,75.0,1000,300.0,IPS,4.0,2.0736,Small,FullHD,0,0,AOC,9.907871927103926,Non-Gaming
Iiyama ProLite T2752MSC-W1,1625.0,2164.0,42095.79,27.0,1920.0,1080.0,1.7777777777777777,81.58915444749253,60.0,1000,360.0,IPS,5.0,2.0736,Large,FullHD,0,0,Iiyama,10.64772676973264,Non-Gaming
Samsung QB24R,1441.0,3499.0,54883.399999999994,24.0,1920.0,1080.0,1.7777777777777777,91.7877987534291,60.0,1000,250.0,IPS,14.0,2.0736,Medium,FullHD,0,0,Samsung,10.912984434113042,Non-Gaming
Lenovo L27h-4A,800.0,800.0,17776.0,27.0,2560.0,1440.0,1.7777777777777777,108.78553926332336,100.0,1500,350.0,IPS,4.0,3.6864,Large,QHD,0,0,Lenovo,9.785660765922685,Non-Gaming
Iiyama ProLite TF2234MC-B7X,1992.0,2566.0,50639.38,21.5,1920.0,1080.0,1.7777777777777777,102.460798608479,60.0,1000,350.0,IPS,8.0,2.0736,Small,FullHD,0,0,Iiyama,10.83250456073935,Non-Gaming
MSI PRO MP275QPDG,1199.0,1861.0,33996.6,27.0,2560.0,1440.0,1.7777777777777777,108.78553926332336,100.0,1300,250.0,IPS,4.0,3.6864,Large,QHD,0,0,MSI,10.434045212871538,Non-Gaming
Philips 272E1CA,599.0,878.0,16409.469999999998,27.0,1920.0,1080.0,1.7777777777777777,81.58915444749253,75.0,3000,250.0,VA,4.0,2.0736,Large,FullHD,0,0,Philips,9.705674824746506,Non-Gaming
Iiyama ProLite XB3270QSU-B1,1000.0,1176.0,24175.36,31.5,2560.0,1440.0,1.7777777777777777,93.24474793999148,100.0,1200,250.0,IPS,3.0,3.6864,Large,QHD,0,0,Iiyama,10.093130575202448,Non-Gaming
Philips 252B9,1185.0,1379.0,28486.039999999997,25.0,1920.0,1200.0,1.6,90.5662188677434,60.0,1000,300.0,IPS,5.0,2.304,Medium,FullHD,0,0,Philips,10.257204525990483,Non-Gaming
BenQ PD2705Q,1139.0,1474.0,29030.43,27.0,2560.0,1440.0,1.7777777777777777,108.78553926332336,60.0,1000,300.0,IPS,5.0,3.6864,Large,QHD,0,0,BenQ,10.276134315192314,Non-Gaming
LG UltraFine 32UQ850V,2086.0,2906.0,55461.119999999995,31.5,3840.0,2160.0,1.7777777777777777,139.8671219099872,60.0,2000,400.0,IPS,5.0,8.2944,Large,4K,0,0,LG,10.92345554418747,Non-Gaming
MSI G244F E2,400.0,650.0,11665.5,23.8,1920.0,1080.0,1.7777777777777777,92.55912479337388,180.0,1000,300.0,IPS,1.0,2.0736,Small,FullHD,1,0,MSI,9.364476765987114,Gaming
Hannspree HL247HGB,592.0,592.0,13154.24,24.0,1920.0,1080.0,1.7777777777777777,91.7877987534291,75.0,1000,250.0,IPS,5.0,2.0736,Medium,FullHD,0,0,Hannspree,9.484575437321656,Non-Gaming
Acer CB322QKsemipruzx,1471.0,1939.0,37885.1,31.5,3840.0,2160.0,1.7777777777777777,139.8671219099872,60.0,1000,350.0,IPS,4.0,8.2944,Large,4K,0,0,Acer,10.54233956918218,Non-Gaming
Asus VA279HAL,1339.0,1339.0,29752.58,27.0,1920.0,1080.0,1.7777777777777777,81.58915444749253,75.0,3000,300.0,VA,6.0,2.0736,Large,FullHD,0,0,Asus,10.300704739868419,Non-Gaming
LC-Power LC-M49-DFHD-144-C,2538.0,3043.0,62004.91,49.0,3840.0,1080.0,3.5555555555555554,81.40785374005549,144.0,3000,350.0,VA,8.0,4.1472,XLarge,QHD,1,0,LC-Power,11.034984982064966,Gaming
Gigabyte MO32U,3234.0,4399.0,84802.62999999999,31.5,3840.0,2160.0,1.7777777777777777,139.8671219099872,165.0,1500000,250.0,OLED,1.0,8.2944,Large,4K,1,1,Gigabyte,11.348093627467591,Gaming
Lenovo N27p,1246.0,1799.0,33829.95,27.0,3840.0,2160.0,1.7777777777777777,163.1783088949851,60.0,1000,350.0,IPS,4.0,8.2944,Large,4K,0,0,Lenovo,10.429131342964867,Non-Gaming
Asus ROG Strix XG349C,2728.0,4632.0,81769.59999999999,34.0,3440.0,1440.0,2.388888888888889,109.68340725465096,180.0,1000,400.0,IPS,1.0,4.9536,XLarge,QHD,1,0,Asus,11.311673044783499,Gaming
BenQ PD2706UA,2378.0,3100.0,60860.579999999994,27.0,3840.0,2160.0,1.7777777777777777,163.1783088949851,60.0,1200,400.0,IPS,5.0,8.2944,Large,4K,0,0,BenQ,11.016357384336454,Non-Gaming
Iiyama ProLite XU2292HSU-B6,435.0,625.0,11776.6,21.5,1920.0,1080.0,1.7777777777777777,102.460798608479,100.0,1000,250.0,IPS,4.951367781155016,2.0736,Small,FullHD,0,0,Iiyama,9.373954701304442,Non-Gaming
Samsung ViewFinity S80TB 27,2053.0,2639.0,52128.119999999995,27.0,3840.0,2160.0,1.7777777777777777,163.1783088949851,60.0,1000,350.0,IPS,5.0,8.2944,Large,4K,0,0,Samsung,10.861478996744932,Non-Gaming
MSI MAG 242C,489.0,674.0,12920.929999999998,23.6,1920.0,1080.0,1.7777777777777777,93.3435241560296,180.0,3000,300.0,VA,4.442516268980477,2.0736,Small,FullHD,1,0,MSI,9.466681146985344,Gaming
HP 727pu,2031.0,2968.0,55538.89,27.0,2560.0,1440.0,1.7777777777777777,108.78553926332336,120.0,2000,400.0,IPS,5.0,3.6864,Large,QHD,1,0,HP,10.924856780304275,Gaming
Viewsonic VG2709-2K-MHD-2,877.0,1031.0,21197.879999999997,27.0,2560.0,1440.0,1.7777777777777777,108.78553926332336,100.0,1000,350.0,IPS,4.0,3.6864,Large,QHD,0,0,Viewsonic,9.961703629075862,Non-Gaming
Acer KA272bi,934.0,934.0,20753.48,27.0,1920.0,1080.0,1.7777777777777777,81.58915444749253,75.0,1000,250.0,IPS,4.0,2.0736,Large,FullHD,0,0,Acer,9.940517405969471,Non-Gaming
Gigabyte MO27Q2,2199.0,2960.0,57316.49,27.0,2560.0,1440.0,1.7777777777777777,108.78553926332336,240.0,1500000,250.0,OLED,1.0,3.6864,Large,QHD,1,0,Gigabyte,10.956361091730017,Gaming
ASRock Phantom Gaming PG27FFX1B,1786.0,1872.0,40640.38,27.0,1920.0,1080.0,1.7777777777777777,81.58915444749253,520.0,1000,400.0,IPS,1.0,2.0736,Large,FullHD,1,0,ASRock,10.612542038368762,Gaming
MSI PRO MP242A,395.0,572.0,10743.37,23.8,1920.0,1080.0,1.7777777777777777,92.55912479337388,100.0,1000,300.0,IPS,4.0,2.0736,Small,FullHD,0,0,MSI,9.282137175435869,Non-Gaming
Lenovo G27qc-30,834.0,978.0,20131.32,27.0,2560.0,1440.0,1.7777777777777777,108.78553926332336,165.0,3000,350.0,VA,4.0,3.6864,Large,QHD,1,0,Lenovo,9.910081762862315,Gaming
Asus ProArt PA278QV,930.0,1699.0,29208.19,27.0,2560.0,1440.0,1.7777777777777777,108.78553926332336,75.0,1000,350.0,Other,5.0,3.6864,Large,QHD,0,0,Asus,10.282238664767924,Non-Gaming
Neovo SC-2203,652.0,718.0,15220.7,21.5,1920.0,1080.0,1.7777777777777777,102.460798608479,75.0,1000,280.0,VA,5.0,2.0736,Small,FullHD,0,0,Neovo,9.630477320316215,Non-Gaming
Neovo LA-2403,973.0,973.0,21620.06,23.8,1920.0,1080.0,1.7777777777777777,92.55912479337388,100.0,1000,250.0,IPS,5.0,2.0736,Small,FullHD,0,0,Neovo,9.981423118668484,Non-Gaming
Philips 325E1C,765.0,1061.0,20286.86,32.0,2560.0,1440.0,1.7777777777777777,91.7877987534291,75.0,3000,250.0,VA,4.0,3.6864,XLarge,QHD,0,0,Philips,9.917777956582228,Non-Gaming
AOC 24G4HA,488.0,842.0,14776.3,23.8,1920.0,1080.0,1.7777777777777777,92.55912479337388,200.0,1000,300.0,IPS,1.0,2.0736,Small,FullHD,1,0,AOC,9.60084749851795,Gaming
Acer CZ342CURHbmiphuzx,1454.0,1538.0,33241.119999999995,34.0,3440.0,1440.0,2.388888888888889,109.68340725465096,100.0,3000,300.0,VA,4.442516268980477,4.9536,XLarge,QHD,0,0,Acer,10.411573025515642,Non-Gaming
Iiyama ProLite XU2793HS-B7,445.0,616.0,11787.71,27.0,1920.0,1080.0,1.7777777777777777,81.58915444749253,100.0,1300,300.0,IPS,4.951367781155016,2.0736,Large,FullHD,0,0,Iiyama,9.374897572786915,Non-Gaming
Lenovo Legion R27qc-30,789.0,1129.0,21308.98,27.0,2560.0,1440.0,1.7777777777777777,108.78553926332336,180.0,3000,350.0,VA,4.442516268980477,3.6864,Large,QHD,1,0,Lenovo,9.966930786565708,Gaming
Lenovo M14,801.0,1644.0,27163.949999999997,14.0,1920.0,1080.0,1.7777777777777777,157.3505121487356,60.0,700,300.0,IPS,6.0,2.0736,Small,FullHD,0,0,Lenovo,10.20968281838021,Non-Gaming
Philips 276B1,1183.0,2684.0,42962.369999999995,27.0,2560.0,1440.0,1.7777777777777777,108.78553926332336,75.0,1000,300.0,IPS,4.0,3.6864,Large,QHD,0,0,Philips,10.66810317117127,Non-Gaming
Asus TUF Gaming VG27VQM,790.0,1448.0,24864.18,27.0,1920.0,1080.0,1.7777777777777777,81.58915444749253,240.0,3000,350.0,VA,4.442516268980477,2.0736,Large,FullHD,1,0,Asus,10.121223710213728,Gaming
Acer Vero CB243Ybemipruzxv,500.0,691.0,13232.01,23.8,1920.0,1080.0,1.7777777777777777,92.55912479337388,75.0,1000,250.0,IPS,4.951367781155016,2.0736,Small,FullHD,0,0,Acer,9.490469744459306,Non-Gaming
AOC 24P2QM,561.0,803.0,15154.04,24.0,1920.0,1080.0,1.7777777777777777,91.7877987534291,75.0,3000,250.0,VA,4.0,2.0736,Medium,FullHD,0,0,AOC,9.62608842888136,Non-Gaming
Iiyama ProLite LH6541UHS-B1AG,3730.0,4416.0,90502.06,64.5,3840.0,2160.0,1.7777777777777777,68.30719907231932,60.0,5000,500.0,VA,4.442516268980477,8.2944,XLarge,4K,0,0,Iiyama,11.413138941271095,Non-Gaming
HP P27h G5,684.0,1887.0,28563.81,27.0,1920.0,1080.0,1.7777777777777777,81.58915444749253,75.0,1000,250.0,IPS,5.0,2.0736,Large,FullHD,0,0,HP,10.259930819639855,Non-Gaming
BenQ BL2780,608.0,1178.0,19842.46,27.0,1920.0,1080.0,1.7777777777777777,81.58915444749253,60.0,1000,250.0,IPS,5.0,2.0736,Large,FullHD,0,0,BenQ,9.895629760795085,Non-Gaming
Viewsonic ID2456,3783.0,3783.0,84058.26,23.8,1920.0,1080.0,1.7777777777777777,92.55912479337388,60.0,1000,250.0,IPS,5.0,2.0736,Small,FullHD,0,0,Viewsonic,11.339277305284575,Non-Gaming
AOC Q27G42ZE,830.0,1157.0,22075.57,27.0,2560.0,1440.0,1.7777777777777777,108.78553926332336,240.0,1000,300.0,IPS,1.0,3.6864,Large,QHD,1,0,AOC,10.002272144120973,Gaming
Acer Vero B247YDEbmiprczxv,827.0,827.0,18375.94,23.8,1920.0,1080.0,1.7777777777777777,92.55912479337388,100.0,1000,250.0,IPS,4.0,2.0736,Small,FullHD,0,0,Acer,9.818851896739341,Non-Gaming
Viewsonic VX3418C-2K,999.0,1380.0,26430.69,34.0,3440.0,1440.0,2.388888888888889,109.68340725465096,180.0,4000,250.0,VA,4.442516268980477,4.9536,XLarge,QHD,1,0,Viewsonic,10.182318948043696,Gaming
Acer Vero B227QEwmiprzxv,653.0,842.0,16609.45,21.5,1920.0,1080.0,1.7777777777777777,102.460798608479,100.0,1000,250.0,IPS,4.0,2.0736,Small,FullHD,0,0,Acer,9.71778729435354,Non-Gaming
Philips Evnia 34M2C5501A,1399.0,1916.0,36829.65,34.0,3440.0,1440.0,2.388888888888889,109.68340725465096,180.0,4000,300.0,VA,1.0,4.9536,XLarge,QHD,1,0,Philips,10.514085657939363,Gaming
ProXtend X2K27A,1258.0,1258.0,27952.76,27.0,2560.0,1440.0,1.7777777777777777,108.78553926332336,144.0,4000,350.0,VA,1.0,3.6864,Large,QHD,1,0,ProXtend,10.23830699547462,Gaming
AOC 24V5CE,774.0,774.0,17198.28,23.8,1920.0,1080.0,1.7777777777777777,92.55912479337388,75.0,1000,300.0,IPS,4.0,2.0736,Small,FullHD,0,0,AOC,9.752622801460255,Non-Gaming
HP OMEN 27qs,1219.0,2280.0,38873.89,27.0,2560.0,1440.0,1.7777777777777777,108.78553926332336,240.0,1000,400.0,IPS,1.0,3.6864,Large,QHD,1,0,HP,10.568103819895539,Gaming
Acer CB242Ybmiprx,707.0,1739.0,27175.06,24.0,1920.0,1080.0,1.7777777777777777,91.7877987534291,75.0,1000,250.0,IPS,4.0,2.0736,Medium,FullHD,0,0,Acer,10.210091717668421,Non-Gaming
BenQ GW2780,479.0,764.0,13809.73,27.0,1920.0,1080.0,1.7777777777777777,81.58915444749253,60.0,1000,250.0,IPS,5.0,2.0736,Large,FullHD,0,0,BenQ,9.533201105252482,Non-Gaming
Eizo FlexScan EV2740X-WT,3881.0,4343.0,91368.64,27.0,3840.0,2160.0,1.7777777777777777,163.1783088949851,60.0,2000,350.0,IPS,5.0,8.2944,Large,4K,0,0,Eizo,11.422668535960826,Non-Gaming
Philips 275S1AE,686.0,950.0,18175.96,27.0,2560.0,1440.0,1.7777777777777777,108.78553926332336,75.0,1000,300.0,IPS,4.0,3.6864,Large,QHD,0,0,Philips,9.807910137027523,Non-Gaming
Philips 243B1JH,1222.0,3789.0,55672.21,24.0,1920.0,1080.0,1.7777777777777777,91.7877987534291,75.0,1000,250.0,IPS,4.0,2.0736,Medium,FullHD,0,0,Philips,10.9272543407331,Non-Gaming
Iiyama ProLite XUB2395WSU-B5,664.0,854.0,16864.98,22.5,1920.0,1200.0,1.6,100.62913207527043,75.0,1000,250.0,IPS,4.0,2.304,Small,FullHD,0,0,Iiyama,9.733053854316262,Non-Gaming
BenQ RD280UA,2597.0,3245.0,64904.619999999995,28.2,3840.0,2560.0,1.5,163.65622810616688,60.0,1200,350.0,IPS,5.0,9.8304,Large,4K,0,0,BenQ,11.080689493704243,Non-Gaming
Viewsonic TD1630-3,899.0,1217.0,23508.76,15.6,1366.0,768.0,1.7786458333333333,100.45466986113652,60.0,500,220.0,TN,12.0,1.049088,Small,HD,0,0,Viewsonic,10.065170933060061,Non-Gaming
HP P24 G5,585.0,585.0,12998.7,23.8,1920.0,1080.0,1.7777777777777777,92.55912479337388,75.0,1000,250.0,IPS,5.0,2.0736,Small,FullHD,0,0,HP,9.47268155925432,Non-Gaming
Viewsonic VX2780-2K,1977.0,1977.0,43928.939999999995,27.0,2560.0,1440.0,1.7777777777777777,108.78553926332336,170.0,1000,350.0,IPS,4.951367781155016,3.6864,Large,QHD,1,0,Viewsonic,10.69035137115965,Gaming
Eizo ColorEdge CS2400R,2413.0,3741.0,68370.94,24.1,1920.0,1200.0,1.6,93.94835982131056,60.0,1000,120.0,IPS,14.0,2.304,Medium,FullHD,0,0,Eizo,11.132717785523559,Non-Gaming
Philips 221B8LHEB,574.0,629.0,13365.33,22.0,1920.0,1080.0,1.7777777777777777,100.13214409464992,60.0,1000,250.0,TN,1.0,2.0736,Small,FullHD,0,0,Philips,9.500494137276933,Non-Gaming
Asus ZenScreen MB169CK,474.0,559.0,11476.63,15.6,1920.0,1080.0,1.7777777777777777,141.21199808219862,60.0,800,250.0,IPS,5.0,2.0736,Small,FullHD,0,0,Asus,9.348155202567618,Non-Gaming
Samsung ViewFinity S80PB 32,2179.0,3505.0,63149.24,32.0,3840.0,2160.0,1.7777777777777777,137.68169813014364,60.0,1000,350.0,IPS,5.0,8.2944,XLarge,4K,0,0,Samsung,11.053271928246474,Non-Gaming
Samsung Odyssey OLED G60SD 27,2750.0,4199.0,77203.39,27.0,2560.0,1440.0,1.7777777777777777,108.78553926332336,360.0,1000000,250.0,OLED,1.0,3.6864,Large,QHD,1,0,Samsung,11.254211599681073,Gaming
MSI G244F,1094.0,1094.0,24308.68,23.8,1920.0,1080.0,1.7777777777777777,92.55912479337388,170.0,1000,250.0,IPS,1.0,2.0736,Small,FullHD,1,0,MSI,10.098629903916251,Gaming
Acer B276HULAymiidprz,1510.0,1510.0,33552.2,27.0,2560.0,1440.0,1.7777777777777777,108.78553926332336,60.0,1000,350.0,VA,6.0,3.6864,Large,QHD,0,0,Acer,10.420887517881248,Non-Gaming
Asus TUF Gaming VG279QL1A,799.0,1554.0,26141.83,27.0,1920.0,1080.0,1.7777777777777777,81.58915444749253,165.0,1000,400.0,IPS,4.0,2.0736,Large,FullHD,1,0,Asus,10.171330244516339,Gaming
Viewsonic VG2757V-2K,1899.0,2699.0,51083.78,27.0,2560.0,1440.0,1.7777777777777777,108.78553926332336,100.0,1300,350.0,IPS,5.0,3.6864,Large,QHD,0,0,Viewsonic,10.84124188446834,Non-Gaming
Asus ZenScreen MB165B,409.0,722.0,12565.41,15.6,1366.0,768.0,1.7786458333333333,100.45466986113652,60.0,500,220.0,TN,4.1020408163265305,1.049088,Small,HD,0,0,Asus,9.438782660156228,Non-Gaming
Asus TUF Gaming VG27VQ,782.0,1162.0,21597.84,27.0,1920.0,1080.0,1.7777777777777777,81.58915444749253,165.0,3000,400.0,VA,4.0,2.0736,Large,FullHD,1,0,Asus,9.980394888526456,Gaming
Acer Nitro ED340CUJ0bmiipx,994.0,1125.0,23542.09,34.0,3440.0,1440.0,2.388888888888889,109.68340725465096,120.0,4000,250.0,VA,4.442516268980477,4.9536,XLarge,QHD,1,0,Acer,10.066587638129981,Gaming
Iiyama ProLite XUB2790QSUH-B2,1099.0,1217.0,25730.76,27.0,2560.0,1440.0,1.7777777777777777,108.78553926332336,100.0,1300,250.0,IPS,4.951367781155016,3.6864,Large,QHD,0,0,Iiyama,10.155481305579265,Non-Gaming
Gigabyte GS27FC,499.0,779.0,14198.58,27.0,1920.0,1080.0,1.7777777777777777,81.58915444749253,180.0,3000,250.0,VA,4.442516268980477,2.0736,Large,FullHD,1,0,Gigabyte,9.56096766568714,Gaming
Acer Vero V227QE3bipv,675.0,931.0,17842.66,21.5,1920.0,1080.0,1.7777777777777777,102.460798608479,100.0,1000,250.0,IPS,4.0,2.0736,Small,FullHD,0,0,Acer,9.789403542042864,Non-Gaming
MSI Modern MD2412P,510.0,681.0,13232.01,23.8,1920.0,1080.0,1.7777777777777777,92.55912479337388,100.0,1000,342.715043074884,IPS,4.0,2.0736,Small,FullHD,0,0,MSI,9.490469744459306,Non-Gaming
Terra 2775W PV V3,1308.0,1367.0,29719.25,27.0,2560.0,1440.0,1.7777777777777777,108.78553926332336,75.0,1000,300.0,IPS,5.0,3.6864,Large,QHD,0,0,Terra,10.299583910640193,Non-Gaming
LG UltraFine 27UL650,1556.0,1556.0,34574.32,27.0,3840.0,2160.0,1.7777777777777777,163.1783088949851,60.0,1000,350.0,IPS,5.0,8.2944,Large,4K,0,0,LG,10.450895411732356,Non-Gaming
LG 27U511SA,954.0,962.0,21286.76,27.0,1920.0,1080.0,1.7777777777777777,81.58915444749253,100.0,1300,250.0,IPS,5.0,2.0736,Large,FullHD,0,0,LG,9.965887538636814,Non-Gaming
Samsung Smart Monitor M50C 32,1189.0,1189.0,26419.58,32.0,1920.0,1080.0,1.7777777777777777,68.84084906507182,60.0,3000,250.0,VA,4.0,2.0736,XLarge,FullHD,0,0,Samsung,10.181898530901211,Non-Gaming
AOC U27G3X,1841.0,2727.0,50750.48,27.0,3840.0,2160.0,1.7777777777777777,163.1783088949851,160.0,1000,450.0,IPS,4.951367781155016,8.2944,Large,4K,1,1,AOC,10.834696059040391,Gaming
Samsung Smart Monitor M80B 32,2107.0,5269.0,81947.36,32.0,3840.0,2160.0,1.7777777777777777,137.68169813014364,60.0,3000,400.0,VA,4.0,8.2944,XLarge,4K,0,0,Samsung,11.313844571769167,Non-Gaming
Philips 24E1N5300HE,699.0,954.0,18364.83,24.0,1920.0,1080.0,1.7777777777777777,91.7877987534291,75.0,1000,300.0,IPS,4.0,2.0736,Medium,FullHD,0,0,Philips,9.818247151896282,Non-Gaming
MSI G274QPF E2,954.0,1812.0,30730.26,27.0,2560.0,1440.0,1.7777777777777777,108.78553926332336,180.0,1000,400.0,IPS,1.0,3.6864,Large,QHD,1,0,MSI,10.333035656561865,Gaming
Iiyama ProLite T1721MSC-B1,2035.0,2035.0,45217.7,17.0,1280.0,1024.0,1.25,96.42351792840054,75.0,1000,250.0,TN,5.0,1.31072,Small,HD,0,0,Iiyama,10.719265997077278,Non-Gaming
LG 27BA450,656.0,826.0,16465.02,27.0,1920.0,1080.0,1.7777777777777777,81.58915444749253,100.0,1300,250.0,IPS,5.0,2.0736,Large,FullHD,0,0,LG,9.709054142481708,Non-Gaming
Hannspree HT221PPB,1164.0,3144.0,47861.88,21.5,1920.0,1080.0,1.7777777777777777,102.460798608479,60.0,1000,300.0,IPS,4.0,2.0736,Small,FullHD,0,0,Hannspree,10.776095535163801,Non-Gaming
Asus BE27ACSBK,1745.0,2441.0,46506.46,27.0,2560.0,1440.0,1.7777777777777777,108.78553926332336,60.0,1000,350.0,IPS,5.0,3.6864,Large,QHD,0,0,Asus,10.74736800881544,Non-Gaming
Arzopa Z1RC,509.0,724.0,13698.63,16.0,2560.0,1600.0,1.6,188.67962264113208,60.0,1200,500.0,IPS,4.951367781155016,4.096,Small,QHD,0,0,Arzopa,9.525124104152242,Non-Gaming
Acer Nitro VG270KLbmiipx,1531.0,1531.0,34018.82,27.0,3840.0,2160.0,1.7777777777777777,163.1783088949851,60.0,1000,350.0,IPS,4.0,8.2944,Large,4K,0,0,Acer,10.434698574930565,Non-Gaming
Iiyama G-Master GB2745HSU-B1,569.0,776.0,14942.95,27.0,1920.0,1080.0,1.7777777777777777,81.58915444749253,100.0,1000,250.0,IPS,4.951367781155016,2.0736,Large,FullHD,0,0,Iiyama,9.612061814638615,Non-Gaming
LG 27TQ615S,760.0,910.0,18553.7,27.0,1920.0,1080.0,1.7777777777777777,81.58915444749253,60.0,1000,250.0,IPS,4.951367781155016,2.0736,Large,FullHD,0,0,LG,9.828478405215245,Non-Gaming
Asus TUF Gaming VG246H1A,439.0,495.0,10376.74,23.8,1920.0,1080.0,1.7777777777777777,92.55912479337388,100.0,1300,300.0,IPS,4.951367781155016,2.0736,Small,FullHD,0,0,Asus,9.247418406617129,Non-Gaming
Philips 241E2FD,1357.0,1357.0,30152.539999999997,24.0,1920.0,1080.0,1.7777777777777777,91.7877987534291,75.0,1000,300.0,IPS,4.0,2.0736,Medium,FullHD,0,0,Philips,10.314057608198295,Non-Gaming
AOC Q27E4U,794.0,907.0,18898.11,27.0,2560.0,1440.0,1.7777777777777777,108.78553926332336,120.0,1500,350.0,IPS,4.0,3.6864,Large,QHD,1,0,AOC,9.846870109991878,Gaming
NEC MultiSync E274F,841.0,841.0,18687.02,27.0,1920.0,1080.0,1.7777777777777777,81.58915444749253,60.0,4000,250.0,VA,6.0,2.0736,Large,FullHD,0,0,NEC,9.83563795583286,Non-Gaming
Asus VA27EHF,400.0,583.0,10921.13,27.0,1920.0,1080.0,1.7777777777777777,81.58915444749253,100.0,1300,250.0,IPS,4.951367781155016,2.0736,Large,FullHD,0,0,Asus,9.298546285223209,Non-Gaming
MSI PRO MP271AP,690.0,690.0,15331.8,27.0,1920.0,1080.0,1.7777777777777777,81.58915444749253,100.0,1000,300.0,IPS,4.0,2.0736,Large,FullHD,0,0,MSI,9.637749603589498,Non-Gaming
ASRock Phantom Gaming PG34QRT2B,1150.0,1406.0,28397.16,34.0,3440.0,1440.0,2.388888888888889,109.68340725465096,180.0,4000,500.0,VA,4.442516268980477,4.9536,XLarge,QHD,1,0,ASRock,10.254079633318023,Gaming
Lenovo ThinkVision P34WD-40,2799.0,3599.0,71081.78,34.0,3440.0,1440.0,2.388888888888889,109.68340725465096,120.0,2000,350.0,IPS,6.0,4.9536,XLarge,QHD,1,0,Lenovo,11.171600392364779,Gaming
Iiyama ProLite TW1623AS-B1P,1591.0,1591.0,35352.02,15.6,1920.0,1080.0,1.7777777777777777,141.21199808219862,60.0,1000,385.0,IPS,30.0,2.0736,Small,FullHD,0,0,Iiyama,10.473139099075947,Non-Gaming
HP OMEN 27k,1729.0,2512.0,47117.509999999995,27.0,3840.0,2160.0,1.7777777777777777,163.1783088949851,144.0,1000,400.0,IPS,1.0,8.2944,Large,4K,1,1,HP,10.760421196433311,Gaming
BenQ EW3270U,1352.0,2412.0,41818.04,32.0,3840.0,2160.0,1.7777777777777777,137.68169813014364,60.0,3000,300.0,VA,4.0,8.2944,XLarge,4K,0,0,BenQ,10.64110701719547,Non-Gaming
Iiyama G-Master GB2795HSU-B1,659.0,1052.0,19009.21,27.0,1920.0,1080.0,1.7777777777777777,81.58915444749253,280.0,4000,300.0,VA,4.442516268980477,2.0736,Large,FullHD,1,0,Iiyama,9.852731482238923,Gaming
Asus TUF Gaming VG34WQML5A,1728.0,1760.0,38751.68,34.0,3440.0,1440.0,2.388888888888889,109.68340725465096,250.0,4000,400.0,VA,1.0,4.9536,XLarge,QHD,1,0,Asus,10.564955193680284,Gaming
Asus ProArt PA279CRV,1974.0,2459.0,49250.63,27.0,3840.0,2160.0,1.7777777777777777,163.1783088949851,60.0,1000,400.0,IPS,5.0,8.2944,Large,4K,0,0,Asus,10.80469774249926,Non-Gaming
NEC V323-2,4399.0,4399.0,97745.78,32.0,1920.0,1080.0,1.7777777777777777,68.84084906507182,85.0,1300,450.0,IPS,8.0,2.0736,XLarge,FullHD,0,0,NEC,11.49013553612857,Non-Gaming
Viewsonic VA1650,498.0,500.0,11087.78,15.6,1920.0,1080.0,1.7777777777777777,141.21199808219862,60.0,1000,250.0,IPS,7.0,2.0736,Small,FullHD,0,0,Viewsonic,9.313689065275845,Non-Gaming
Philips 27E1N5500LA,629.0,887.0,16842.76,27.0,2560.0,1440.0,1.7777777777777777,108.78553926332336,75.0,4000,300.0,VA,4.0,3.6864,Large,QHD,0,0,Philips,9.731735540783253,Non-Gaming
Dahua LM24-L200,1499.0,1499.0,33307.78,24.0,1920.0,1080.0,1.7777777777777777,91.7877987534291,75.0,3000,200.0,VA,10.0,2.0736,Medium,FullHD,0,0,Dahua,10.413576304879044,Non-Gaming
Asus ProArt PA27JCV,3179.0,3896.0,78603.25,27.0,5120.0,2880.0,1.7777777777777777,217.57107852664672,60.0,1500,400.0,IPS,5.0,14.7456,Large,4K,0,0,Asus,11.27218104820232,Non-Gaming
LC-Power LC-M39-QHD-165-C,1905.0,2351.0,47284.16,38.5,2560.0,1440.0,1.7777777777777777,76.29115740544756,165.0,3000,350.0,VA,4.0,3.6864,XLarge,QHD,1,0,LC-Power,10.763951783180802,Gaming
Asus ZenScreen MB16AHV,589.0,839.0,15865.08,15.6,1920.0,1080.0,1.7777777777777777,141.21199808219862,60.0,800,250.0,IPS,5.0,2.0736,Small,FullHD,0,0,Asus,9.671938776077901,Non-Gaming
Samsung ViewFinity S65VC 34,1597.0,2879.0,49728.36,34.0,3440.0,1440.0,2.388888888888889,109.68340725465096,100.0,3000,350.0,VA,5.0,4.9536,XLarge,QHD,0,0,Samsung,10.814350782130697,Non-Gaming
Asus MB16ACV,689.0,827.0,16842.76,15.6,1920.0,1080.0,1.7777777777777777,141.21199808219862,60.0,800,250.0,IPS,5.0,2.0736,Small,FullHD,0,0,Asus,9.731735540783253,Non-Gaming
AOC 16G3,673.0,922.0,17720.45,15.6,1920.0,1080.0,1.7777777777777777,141.21199808219862,144.0,1000,250.0,IPS,4.0,2.0736,Small,FullHD,1,0,AOC,9.782531049253745,Gaming
Dell S3220DGF,523.0,523.0,11621.06,32.0,2560.0,1440.0,1.7777777777777777,91.7877987534291,165.0,3000,400.0,VA,2.0,3.6864,XLarge,QHD,1,0,Dell,9.360660295244337,Gaming
Samsung Odyssey G55T 32,1702.0,1702.0,37818.439999999995,32.0,2560.0,1440.0,1.7777777777777777,91.7877987534291,144.0,2500,300.0,VA,4.442516268980477,3.6864,XLarge,QHD,1,0,Samsung,10.54057853512239,Gaming
Acer Predator X32QFSbmiiphuzx,4510.0,4510.0,100212.2,31.5,3840.0,2160.0,1.7777777777777777,139.8671219099872,150.0,1000,1000.0,IPS,4.951367781155016,8.2944,Large,4K,1,1,Acer,11.515055195483352,Gaming
Asus ZenScreen MB14AHD,1335.0,1728.0,34029.93,14.0,1920.0,1080.0,1.7777777777777777,157.3505121487356,60.0,800,220.0,IPS,5.0,2.0736,Small,FullHD,0,0,Asus,10.435025095949031,Non-Gaming
Iiyama ProLite XUB2491H-B1,399.0,674.0,11921.03,23.8,1920.0,1080.0,1.7777777777777777,92.55912479337388,100.0,1300,300.0,IPS,4.951367781155016,2.0736,Small,FullHD,0,0,Iiyama,9.386143228133022,Non-Gaming
Viewsonic VA2408-HDJ,522.0,640.0,12909.82,24.0,1920.0,1080.0,1.7777777777777777,91.7877987534291,100.0,1300,250.0,IPS,5.0,2.0736,Medium,FullHD,0,0,Viewsonic,9.465820998477348,Non-Gaming
AOC CU34G2XE,1239.0,1662.0,32230.109999999997,34.0,3440.0,1440.0,2.388888888888889,109.68340725465096,144.0,4000,300.0,VA,4.0,4.9536,XLarge,QHD,1,0,AOC,10.380687414179208,Gaming
HP P22v G4,709.0,1672.0,26452.91,22.0,1920.0,1080.0,1.7777777777777777,100.13214409464992,60.0,1000,250.0,TN,5.0,2.0736,Small,FullHD,0,0,HP,10.183159252448203,Non-Gaming
Lenovo T24mv-30,1219.0,1235.0,27263.94,23.8,1920.0,1080.0,1.7777777777777777,92.55912479337388,75.0,1000,250.0,IPS,4.0,2.0736,Small,FullHD,0,0,Lenovo,10.21335690673423,Non-Gaming
LG UltraWide 29WP500,751.0,1909.0,29552.6,29.0,2560.0,1080.0,2.3703703703703702,95.8099585479297,75.0,1000,250.0,IPS,5.0,2.7648,Large,FullHD,0,0,LG,10.293960842825056,Non-Gaming
Philips 243S7EHMB,516.0,679.0,13276.45,24.0,1920.0,1080.0,1.7777777777777777,91.7877987534291,60.0,1000,250.0,IPS,5.0,2.0736,Medium,FullHD,0,0,Philips,9.493822386520305,Non-Gaming
LG 32UP55NP,1635.0,1635.0,36329.7,31.5,3840.0,2160.0,1.7777777777777777,139.8671219099872,60.0,3000,350.0,VA,4.0,8.2944,Large,4K,0,0,LG,10.500418392852362,Non-Gaming
NEC MultiSync EA242WU,1930.0,1956.0,43173.46,24.0,1920.0,1200.0,1.6,94.33981132056604,60.0,1000,300.0,IPS,6.0,2.304,Medium,FullHD,0,0,NEC,10.673004395698678,Non-Gaming
Acer EK321QKbmiipx,1006.0,1082.0,23197.68,31.5,3840.0,2160.0,1.7777777777777777,139.8671219099872,60.0,3000,250.0,VA,4.0,8.2944,Large,4K,0,0,Acer,10.051850659484007,Non-Gaming
Hannspree HO165PTB,1483.0,1690.0,35252.03,15.6,1920.0,1080.0,1.7777777777777777,141.21199808219862,60.0,700,212.0,Other,25.0,2.0736,Small,FullHD,0,0,Hannspree,10.470306761993093,Non-Gaming
Acer CB343CURDbemiiphcuzx,2601.0,3339.0,65993.4,34.0,3440.0,1440.0,2.388888888888889,109.68340725465096,60.0,1000,300.0,IPS,4.0,4.9536,XLarge,QHD,0,0,Acer,11.097325168923877,Non-Gaming
AOC AGON PRO AG256FS,1207.0,1820.0,33629.97,24.5,1920.0,1080.0,1.7777777777777777,89.91457837070605,390.0,1000,400.0,IPS,1.0,2.0736,Medium,FullHD,1,0,AOC,10.423202647613033,Gaming
Eizo FlexScan EV2760,1951.0,3532.0,60916.13,27.0,2560.0,1440.0,1.7777777777777777,108.78553926332336,60.0,1000,350.0,IPS,5.0,3.6864,Large,QHD,0,0,Eizo,11.017269694934141,Non-Gaming
Lenovo ThinkVision T27h-30,1291.0,1938.0,35874.189999999995,27.0,2560.0,1440.0,1.7777777777777777,108.78553926332336,60.0,1000,350.0,IPS,4.0,3.6864,Large,QHD,0,0,Lenovo,10.487801249215146,Non-Gaming
Iiyama ProLite XUB2492QSU-B1,724.0,884.0,17864.879999999997,23.8,2560.0,1440.0,1.7777777777777777,123.41216639116516,100.0,1000,300.0,IPS,4.951367781155016,3.6864,Small,QHD,0,0,Iiyama,9.790648027570695,Non-Gaming
Gigabyte GS34WQC,1342.0,1879.0,35785.31,34.0,3440.0,1440.0,2.388888888888889,109.68340725465096,120.0,4000,300.0,VA,4.442516268980477,4.9536,XLarge,QHD,1,0,Gigabyte,10.485320697019775,Gaming
Iiyama ProLite T2755QSC-B1,2001.0,2493.0,49928.34,27.0,2560.0,1440.0,1.7777777777777777,108.78553926332336,75.0,1000,360.0,IPS,5.0,3.6864,Large,QHD,0,0,Iiyama,10.818364084901381,Non-Gaming
Philips 272S1MH,819.0,1256.0,23053.25,27.0,1920.0,1080.0,1.7777777777777777,81.58915444749253,75.0,1000,250.0,IPS,4.0,2.0736,Large,FullHD,0,0,Philips,10.045605413207305,Non-Gaming
Iiyama ProLite TF1215MC-B1,2037.0,2599.0,51505.96,12.0,1024.0,768.0,1.3333333333333333,106.66666666666669,60.0,1000,540.0,IPS,25.0,0.786432,Small,HD,0,0,Iiyama,10.849472223151547,Non-Gaming
ASRock Challenger CL25FF,377.0,451.0,9199.08,24.5,1920.0,1080.0,1.7777777777777777,89.91457837070605,100.0,1300,300.0,IPS,4.0,2.0736,Medium,FullHD,0,0,ASRock,9.1269674586515,Non-Gaming
BenQ BL2490,389.0,1499.0,20975.68,23.8,1920.0,1080.0,1.7777777777777777,92.55912479337388,100.0,1300,250.0,IPS,5.0,2.0736,Small,FullHD,0,0,BenQ,9.951166623479555,Non-Gaming
MSI PRO MP275Q,599.0,959.0,17309.379999999997,27.0,2560.0,1440.0,1.7777777777777777,108.78553926332336,100.0,1300,300.0,IPS,4.0,3.6864,Large,QHD,0,0,MSI,9.759061600557837,Non-Gaming
Philips 242S1AE,478.0,669.0,12743.17,24.0,1920.0,1080.0,1.7777777777777777,91.7877987534291,75.0,1000,250.0,IPS,4.0,2.0736,Medium,FullHD,0,0,Philips,9.452829191111709,Non-Gaming
Dell G2524H,1300.0,1300.0,28886.0,24.5,1920.0,1080.0,1.7777777777777777,89.91457837070605,240.0,1000,400.0,IPS,1.0,2.0736,Medium,FullHD,1,0,Dell,10.271146945908393,Gaming
LG UltraWide 38BQ85C,3704.0,4617.0,92446.31,37.5,3840.0,1600.0,2.4,110.93333333333334,75.0,1000,300.0,Other,5.0,6.144,XLarge,QHD,0,0,LG,11.434394139582864,Non-Gaming
Lenovo L25e-40,439.0,549.0,10976.68,24.5,1920.0,1080.0,1.7777777777777777,89.91457837070605,75.0,3000,250.0,VA,4.0,2.0736,Medium,FullHD,0,0,Lenovo,9.303619399477482,Non-Gaming
HP 322pe,387.0,616.0,11143.33,21.5,1920.0,1080.0,1.7777777777777777,102.460798608479,100.0,1000,250.0,IPS,5.0,2.0736,Small,FullHD,0,0,HP,9.318686127368656,Non-Gaming
MSI Optix G32C4 E2,919.0,919.0,20420.18,31.5,1920.0,1080.0,1.7777777777777777,69.9335609549936,170.0,3000,250.0,VA,4.442516268980477,2.0736,Large,FullHD,1,0,MSI,9.92432787653292,Gaming
Samsung S24A400U,944.0,1126.0,22997.699999999997,24.0,1920.0,1080.0,1.7777777777777777,91.7877987534291,75.0,1000,250.0,IPS,5.0,2.0736,Medium,FullHD,0,0,Samsung,10.043192971574742,Non-Gaming
Lenovo M15,717.0,1233.0,21664.5,15.6,1920.0,1080.0,1.7777777777777777,141.21199808219862,60.0,1000,250.0,IPS,6.0,2.0736,Small,FullHD,0,0,Lenovo,9.983476412606063,Non-Gaming
Acer Nitro XF270M3biiph,890.0,1157.0,22742.17,27.0,1920.0,1080.0,1.7777777777777777,81.58915444749253,180.0,1000,250.0,IPS,1.0,2.0736,Large,FullHD,1,0,Acer,10.032020159523897,Gaming
Acer Vero V277Ebiv,458.0,640.0,12198.78,27.0,1920.0,1080.0,1.7777777777777777,81.58915444749253,100.0,1000,250.0,IPS,4.0,2.0736,Large,FullHD,0,0,Acer,9.409173197771871,Non-Gaming
Mobile Pixels Glance,507.0,725.0,13687.52,16.0,1920.0,1080.0,1.7777777777777777,137.68169813014364,60.0,1000,300.0,Unknown,4.650088691829009,2.0736,Small,FullHD,0,0,Mobile Pixels,9.524312804330284,Non-Gaming
HP 727pm,2979.0,4509.0,83191.68,27.0,3840.0,2160.0,1.7777777777777777,163.1783088949851,60.0,2000,400.0,IPS,5.0,8.2944,Large,4K,0,0,HP,11.328914642169535,Non-Gaming
Eizo FlexScan EV2480,1199.0,2303.0,38907.22,24.0,1920.0,1080.0,1.7777777777777777,91.7877987534291,60.0,1000,250.0,IPS,5.0,2.0736,Medium,FullHD,0,0,Eizo,10.568960818337485,Non-Gaming
Samsung Odyssey G65B 27,1249.0,1797.0,33841.06,26.9,2560.0,1440.0,1.7777777777777777,109.18994647248071,240.0,2500,350.0,VA,1.0,3.6864,Medium,QHD,1,0,Samsung,10.429459686571862,Gaming
Asus VA34VCPSR,1741.0,2135.0,43062.36,34.0,3440.0,1440.0,2.388888888888889,109.68340725465096,100.0,3000,300.0,VA,4.0,4.9536,XLarge,QHD,0,0,Asus,10.67042779852902,Non-Gaming
KOORUI 24E6CA,440.0,659.0,12209.89,23.6,1920.0,1080.0,1.7777777777777777,93.3435241560296,165.0,3000,250.0,VA,4.442516268980477,2.0736,Small,FullHD,1,0,KOORUI,9.410083455521216,Gaming
Asus ZenScreen OLED MQ13AH,1649.0,2152.0,42229.11,13.3,1920.0,1080.0,1.7777777777777777,165.6321180513006,60.0,100000,400.0,OLED,1.0,2.0736,Small,FullHD,0,0,Asus,10.650888752707926,Non-Gaming
Neovo SC-2702,814.0,919.0,19253.629999999997,27.0,1920.0,1080.0,1.7777777777777777,81.58915444749253,60.0,1000,300.0,VA,5.0,2.0736,Large,FullHD,0,0,Neovo,9.865506830276276,Non-Gaming
Dell P3222QE,3140.0,3140.0,69770.8,32.0,3840.0,2160.0,1.7777777777777777,137.68169813014364,60.0,1000,350.0,IPS,5.0,8.2944,XLarge,4K,0,0,Dell,11.152985195654527,Non-Gaming
Iiyama ProLite XU2792HSU-B1,851.0,912.0,19586.93,27.0,1920.0,1080.0,1.7777777777777777,81.58915444749253,75.0,1000,250.0,IPS,4.0,2.0736,Large,FullHD,0,0,Iiyama,9.882668839199322,Non-Gaming
Lenovo ThinkVision M14t Gen 2,1292.0,1647.0,32652.289999999997,14.0,2240.0,1400.0,1.6,188.67962264113208,60.0,1500,270.0,IPS,6.0,3.136,Small,FullHD,0,0,Lenovo,10.393700895324839,Non-Gaming
Lenovo D32q-20,947.0,1089.0,22619.96,32.0,2560.0,1440.0,1.7777777777777777,91.7877987534291,75.0,1000,250.0,IPS,4.0,3.6864,XLarge,QHD,0,0,Lenovo,10.026632189087849,Non-Gaming
Asus VP279HE,648.0,714.0,15131.82,27.0,1920.0,1080.0,1.7777777777777777,81.58915444749253,75.0,1000,250.0,IPS,4.0,2.0736,Large,FullHD,0,0,Asus,9.624621174081163,Non-Gaming
Cooler Master Tempest GP27U,3416.0,3416.0,75903.51999999999,27.0,3840.0,2160.0,1.7777777777777777,163.1783088949851,160.0,1000,1200.0,Other,1.0,8.2944,Large,4K,1,1,Cooler Master,11.237231513652729,Gaming
Dell SE2425HG,457.0,693.0,12776.5,23.8,1920.0,1080.0,1.7777777777777777,92.55912479337388,200.0,1000,300.0,IPS,5.0,2.0736,Small,FullHD,1,0,Dell,9.455441090642434,Gaming
Viewsonic VX3276-MHD-3,729.0,1050.0,19764.69,31.5,1920.0,1080.0,1.7777777777777777,69.9335609549936,75.0,1200,250.0,IPS,4.0,2.0736,Large,FullHD,0,0,Viewsonic,9.891702885316228,Non-Gaming
Asus VA27DQFR,515.0,730.0,13831.95,27.0,1920.0,1080.0,1.7777777777777777,81.58915444749253,100.0,1000,250.0,IPS,4.951367781155016,2.0736,Large,FullHD,0,0,Asus,9.534808706323354,Non-Gaming
Viewsonic XG240R,1030.0,1030.0,22886.6,24.0,1920.0,1080.0,1.7777777777777777,91.7877987534291,144.0,1000,350.0,TN,1.0,2.0736,Medium,FullHD,1,0,Viewsonic,10.03835055817038,Gaming
Dell Alienware AW2524HF,2041.0,2937.0,55305.579999999994,24.5,1920.0,1080.0,1.7777777777777777,89.91457837070605,500.0,1000,400.0,IPS,4.951367781155016,2.0736,Medium,FullHD,1,0,Dell,10.920647167773765,Gaming
Lenovo ThinkVision T27QD-40,1376.0,1988.0,37374.04,27.0,2560.0,1440.0,1.7777777777777777,108.78553926332336,120.0,1500,350.0,IPS,6.0,3.6864,Large,QHD,1,0,Lenovo,10.52875838092653,Gaming
ASRock Phantom Gaming PG27F15RS1A,625.0,995.0,17998.2,27.0,1920.0,1080.0,1.7777777777777777,81.58915444749253,240.0,3000,300.0,VA,5.0,2.0736,Large,FullHD,1,0,ASRock,9.798082591446173,Gaming
Lenovo T27q-20,1040.0,2002.0,33796.619999999995,27.0,2560.0,1440.0,1.7777777777777777,108.78553926332336,60.0,1000,350.0,IPS,4.0,3.6864,Large,QHD,0,0,Lenovo,10.42814566479073,Non-Gaming
Dell P2419H,1789.0,2438.0,46961.97,24.0,1920.0,1080.0,1.7777777777777777,91.7877987534291,60.0,1000,250.0,IPS,5.0,2.0736,Medium,FullHD,0,0,Dell,10.75711469781724,Non-Gaming
Iiyama ProLite XUB2292HSU-B6,469.0,691.0,12887.6,21.5,1920.0,1080.0,1.7777777777777777,102.460798608479,100.0,1000,250.0,IPS,4.951367781155016,2.0736,Small,FullHD,0,0,Iiyama,9.464098478707987,Non-Gaming
Philips 279P1,1515.0,1715.0,35885.299999999996,27.0,3840.0,2160.0,1.7777777777777777,163.1783088949851,60.0,1000,350.0,IPS,4.0,8.2944,Large,4K,0,0,Philips,10.48811088604372,Non-Gaming
LG UltraFine 32UN880K,1845.0,2224.0,45206.59,31.5,3840.0,2160.0,1.7777777777777777,139.8671219099872,60.0,1000,350.0,IPS,5.0,8.2944,Large,4K,0,0,LG,10.71902027207726,Non-Gaming
Asus BE24WQLB,784.0,1152.0,21508.96,24.0,1920.0,1200.0,1.6,94.33981132056604,75.0,1000,300.0,IPS,5.0,2.304,Medium,FullHD,0,0,Asus,9.97627136265986,Non-Gaming
Philips 43BDL4050D,2868.0,2868.0,63726.96,43.0,1920.0,1080.0,1.7777777777777777,51.2303993042395,60.0,1100,450.0,Other,12.0,2.0736,XLarge,FullHD,0,0,Philips,11.06237867775364,Non-Gaming
BenQ Mobiuz EX2710R,4006.0,4006.0,89013.31999999999,27.0,2560.0,1440.0,1.7777777777777777,108.78553926332336,165.0,3000,400.0,VA,2.0,3.6864,Large,QHD,1,0,BenQ,11.396552534647846,Gaming
Lenovo Legion R25f-30,576.0,979.0,17276.05,24.5,1920.0,1080.0,1.7777777777777777,89.91457837070605,240.0,3000,350.0,VA,1.0,2.0736,Medium,FullHD,1,0,Lenovo,9.757134310191548,Gaming
Iiyama ProLite TF1015MC-B3,1537.0,1687.0,35818.64,10.1,1280.0,800.0,1.6,149.44920605238187,60.0,800,425.0,IPS,4.951367781155016,1.024,Small,HD,0,0,Iiyama,10.486251625312942,Non-Gaming
LG 25MS550,463.0,463.0,10287.86,24.5,1920.0,1080.0,1.7777777777777777,89.91457837070605,100.0,1000,250.0,IPS,5.0,2.0736,Medium,FullHD,0,0,LG,9.238817035518732,Non-Gaming
Acer Vero B277UDEbmiiprczx,1007.0,1007.0,22375.539999999997,27.0,2560.0,1440.0,1.7777777777777777,108.78553926332336,100.0,1000,350.0,IPS,4.0,3.6864,Large,QHD,0,0,Acer,10.015768367590242,Non-Gaming
Lenovo ThinkCentre TIO 24 Gen 5,1030.0,1304.0,25930.74,23.8,1920.0,1080.0,1.7777777777777777,92.55912479337388,60.0,1000,250.0,IPS,6.0,2.0736,Small,FullHD,0,0,Lenovo,10.163222980022196,Non-Gaming
Asus ProArt PA27AC,2799.0,3118.0,65737.87,27.0,2560.0,1440.0,1.7777777777777777,108.78553926332336,60.0,1000,400.0,IPS,5.0,3.6864,Large,QHD,0,0,Asus,11.093445658144407,Non-Gaming
Iiyama ProLite XUB2792UHSU-B5,1370.0,1370.0,30441.4,27.0,3840.0,2160.0,1.7777777777777777,163.1783088949851,60.0,1000,350.0,IPS,4.0,8.2944,Large,4K,0,0,Iiyama,10.323591652494434,Non-Gaming
Viewsonic VG2709U-2K,1284.0,1369.0,29474.83,27.0,2560.0,1440.0,1.7777777777777777,108.78553926332336,100.0,1000,350.0,IPS,4.0,3.6864,Large,QHD,0,0,Viewsonic,10.29132588446627,Non-Gaming
KOORUI N07,791.0,825.0,17953.76,27.0,3840.0,2160.0,1.7777777777777777,163.1783088949851,60.0,1000,300.0,IPS,6.0,8.2944,Large,4K,0,0,KOORUI,9.795610539820638,Non-Gaming
Hannspree HT161HNB,996.0,1177.0,24142.03,15.6,1366.0,768.0,1.7786458333333333,100.45466986113652,60.0,5000,220.0,IPS,12.0,1.049088,Small,HD,0,0,Hannspree,10.09175100458758,Non-Gaming
Viewsonic VG2756V-2K,1707.0,2181.0,43195.68,27.0,2560.0,1440.0,1.7777777777777777,108.78553926332336,60.0,1000,350.0,IPS,5.0,3.6864,Large,QHD,0,0,Viewsonic,10.673518919427094,Non-Gaming
Neovo LH-2402,660.0,1312.0,21908.92,23.8,1920.0,1080.0,1.7777777777777777,92.55912479337388,126.92706645056728,1000,250.0,VA,5.0,2.0736,Small,FullHD,1,0,Neovo,9.994694781282071,Gaming
LG 27BN65QP,976.0,1036.0,22353.32,27.0,2560.0,1440.0,1.7777777777777777,108.78553926332336,75.0,1000,350.0,IPS,5.0,3.6864,Large,QHD,0,0,LG,10.014774869954486,Non-Gaming
Dell UltraSharp U2724D,1352.0,2278.0,40329.3,27.0,2560.0,1440.0,1.7777777777777777,108.78553926332336,120.0,2000,350.0,IPS,8.0,3.6864,Large,QHD,1,0,Dell,10.604858326471039,Gaming
Dell S2721DS,999.0,1642.0,29341.51,27.0,2560.0,1440.0,1.7777777777777777,108.78553926332336,75.0,1000,350.0,IPS,4.0,3.6864,Large,QHD,0,0,Dell,10.286792596776811,Non-Gaming
Asus VT168HR,791.0,1075.0,20731.26,15.6,1366.0,768.0,1.7786458333333333,100.45466986113652,60.0,400,220.0,TN,5.0,1.049088,Small,HD,0,0,Asus,9.93944622023038,Non-Gaming
MSI MAG 276CXF,740.0,996.0,19286.96,27.0,1920.0,1080.0,1.7777777777777777,81.58915444749253,280.0,4000,300.0,VA,4.442516268980477,2.0736,Large,FullHD,1,0,MSI,9.86723634603057,Gaming
Corsair XENEON 32UHD144-A,3869.0,4900.0,97423.59,31.5,3840.0,2160.0,1.7777777777777777,139.8671219099872,144.0,1000,600.0,IPS,12.0,8.2944,Large,4K,1,1,Corsair,11.486833921832645,Gaming
Asus TUF Gaming VG259Q5A,538.0,716.0,13931.94,24.5,1920.0,1080.0,1.7777777777777777,89.91457837070605,200.0,1000,300.0,IPS,1.0,2.0736,Medium,FullHD,1,0,Asus,9.542011099781202,Gaming
LG UltraGear 27GN60R,822.0,1673.0,27719.449999999997,27.0,1920.0,1080.0,1.7777777777777777,81.58915444749253,144.0,1000,300.0,IPS,1.0,2.0736,Large,FullHD,1,0,LG,10.229925686938307,Gaming
MSI Optix G322CQP,1300.0,1300.0,28886.0,31.5,2560.0,1440.0,1.7777777777777777,93.24474793999148,170.0,2500,250.0,VA,4.442516268980477,3.6864,Large,QHD,1,0,MSI,10.271146945908393,Gaming
Asus ProArt PA328CGV,2559.0,3428.0,66515.56999999999,32.0,2560.0,1440.0,1.7777777777777777,91.7877987534291,165.0,1000,600.0,IPS,5.0,3.6864,XLarge,QHD,1,0,Asus,11.105206368537857,Gaming
Acer SH322QKbmiiphx,1349.0,1349.0,29974.78,31.5,3840.0,2160.0,1.7777777777777777,139.8671219099872,60.0,3000,250.0,VA,4.0,8.2944,Large,4K,0,0,Acer,10.308145001241893,Non-Gaming
Asus VZ22EHE,698.0,698.0,15509.56,21.45,1920.0,1080.0,1.7777777777777777,102.69963496887172,75.0,1000,250.0,IPS,4.951367781155016,2.0736,Small,FullHD,0,0,Asus,9.649276361257021,Non-Gaming
Acer Vero B247YGbmiprzx,495.0,721.0,13509.759999999998,23.8,1920.0,1080.0,1.7777777777777777,92.55912479337388,75.0,1000,250.0,IPS,4.0,2.0736,Small,FullHD,0,0,Acer,9.511241683998215,Non-Gaming
HP 727pk,2378.0,2930.0,58971.88,27.0,3840.0,2160.0,1.7777777777777777,163.1783088949851,60.0,2000,400.0,IPS,5.0,8.2944,Large,4K,0,0,HP,10.984832956194397,Non-Gaming
MSI MAG 321UPX QD-OLED,3762.0,4412.0,90813.14,31.5,3840.0,2160.0,1.7777777777777777,139.8671219099872,240.0,1500000,250.0,OLED,1.0,8.2944,Large,4K,1,1,MSI,11.41657027933746,Gaming
Iiyama ProLite LH3241S-B2,1344.0,1653.0,33296.67,31.5,1920.0,1080.0,1.7777777777777777,69.9335609549936,60.0,1200,350.0,IPS,8.0,2.0736,Large,FullHD,0,0,Iiyama,10.413242703550553,Non-Gaming
UPERFECT UGame J5,1268.0,1600.0,31863.48,17.3,3840.0,2160.0,1.7777777777777777,254.67134914246225,60.0,1500,500.0,IPS,25.0,8.2944,Small,4K,0,0,UPERFECT,10.369247188770112,Non-Gaming
AOC 27B2AM,523.0,791.0,14598.54,27.0,1920.0,1080.0,1.7777777777777777,81.58915444749253,75.0,4000,250.0,VA,4.0,2.0736,Large,FullHD,0,0,AOC,9.588745300350762,Non-Gaming
Gigabyte M34WQ,2120.0,2120.0,47106.399999999994,34.0,3440.0,1440.0,2.388888888888889,109.68340725465096,144.0,1000,400.0,IPS,4.0,4.9536,XLarge,QHD,1,0,Gigabyte,10.760185380190167,Gaming
Iiyama ProLite XCB3497WQSNPH-B1,1519.0,1890.0,37873.99,34.0,3440.0,1440.0,2.388888888888889,109.68340725465096,120.0,3000,350.0,VA,4.442516268980477,4.9536,XLarge,QHD,1,0,Iiyama,10.542046278785232,Gaming
Gigabyte Aorus MO34WQC2,3479.0,4117.0,84391.56,34.0,3440.0,1440.0,2.388888888888889,109.68340725465096,240.0,1500000,250.0,OLED,1.0,4.9536,XLarge,QHD,1,0,Gigabyte,11.343234525039694,Gaming
LG 27UL550,3029.0,3029.0,67304.37999999999,27.0,3840.0,2160.0,1.7777777777777777,163.1783088949851,60.0,1000,300.0,IPS,5.0,8.2944,Large,4K,0,0,LG,11.116995453002378,Non-Gaming
Lenovo L22i-30,677.0,677.0,15042.94,22.0,1920.0,1080.0,1.7777777777777777,100.13214409464992,75.0,1000,250.0,IPS,5.0,2.0736,Small,FullHD,0,0,Lenovo,9.61873053128129,Non-Gaming
LG 32U631A,780.0,1014.0,19931.34,31.5,2560.0,1440.0,1.7777777777777777,93.24474793999148,100.0,1000,250.0,IPS,5.0,3.6864,Large,QHD,0,0,LG,9.900098817253,Non-Gaming
Acer UT241YAbmihuzx,1793.0,1793.0,39840.46,23.8,1920.0,1080.0,1.7777777777777777,92.55912479337388,75.0,1000,250.0,IPS,4.0,2.0736,Small,FullHD,0,0,Acer,10.59266335761341,Non-Gaming
BenQ BL2490T,621.0,907.0,16976.079999999998,23.8,1920.0,1080.0,1.7777777777777777,92.55912479337388,100.0,1300,250.0,IPS,5.0,2.0736,Small,FullHD,0,0,BenQ,9.739619478057291,Non-Gaming
MSI PRO MP275P,389.0,1100.0,16542.79,27.0,1920.0,1080.0,1.7777777777777777,81.58915444749253,100.0,1000,300.0,IPS,4.0,2.0736,Large,FullHD,0,0,MSI,9.713766083803996,Non-Gaming
Iiyama G-Master GCB4580DQSN-B1,2761.0,3830.0,73226.01,44.5,5120.0,1440.0,3.5555555555555554,119.5201448168605,165.0,3000,450.0,VA,4.442516268980477,7.3728,XLarge,QHD,1,0,Iiyama,11.201319620960716,Gaming
Asus TUF Gaming VG34VQ3B,1198.0,1800.0,33307.78,34.0,3440.0,1440.0,2.388888888888889,109.68340725465096,180.0,4000,400.0,VA,4.442516268980477,4.9536,XLarge,QHD,1,0,Asus,10.413576304879044,Gaming
Dell Alienware AW3225DM,1154.0,1579.0,30363.629999999997,31.5,2560.0,1440.0,1.7777777777777777,93.24474793999148,180.0,3000,400.0,VA,1.0,3.6864,Large,QHD,1,0,Dell,10.321033723175928,Gaming
AOC U27P2,996.0,1375.0,26341.81,27.0,3840.0,2160.0,1.7777777777777777,163.1783088949851,60.0,1000,350.0,IPS,4.0,8.2944,Large,4K,0,0,AOC,10.178950651459864,Non-Gaming
Dell UltraSharp U2424H,859.0,1179.0,22642.18,23.8,1920.0,1080.0,1.7777777777777777,92.55912479337388,120.0,1000,250.0,IPS,8.0,2.0736,Small,FullHD,1,0,Dell,10.027613981817584,Gaming
Lenovo ThinkVision T27p-30,1596.0,2049.0,40495.95,27.0,3840.0,2160.0,1.7777777777777777,163.1783088949851,60.0,1300,350.0,IPS,4.0,8.2944,Large,4K,0,0,Lenovo,10.608981941616817,Non-Gaming
MSI MAG 255F E20,409.0,506.0,10165.65,24.5,1920.0,1080.0,1.7777777777777777,89.91457837070605,200.0,1000,300.0,IPS,4.951367781155016,2.0736,Medium,FullHD,1,0,MSI,9.226868034581788,Gaming
HP V22v G5,459.0,1011.0,16331.7,21.45,1920.0,1080.0,1.7777777777777777,102.69963496887172,75.0,3000,200.0,VA,5.0,2.0736,Small,FullHD,0,0,HP,9.700924512162661,Non-Gaming
HP V27i G5,540.0,857.0,15520.67,27.0,1920.0,1080.0,1.7777777777777777,81.58915444749253,75.0,1000,250.0,IPS,5.0,2.0736,Large,FullHD,0,0,HP,9.649992391041195,Non-Gaming
Iiyama ProLite XUB2493QSU-B1,1195.0,1195.0,26552.9,23.8,2560.0,1440.0,1.7777777777777777,123.41216639116516,60.0,1000,300.0,IPS,4.0,3.6864,Small,QHD,0,0,Iiyama,10.186931908537783,Non-Gaming
Philips 245B1,799.0,1058.0,20631.27,24.0,2560.0,1440.0,1.7777777777777777,122.3837316712388,75.0,1000,250.0,IPS,4.0,3.6864,Medium,QHD,0,0,Philips,9.934611633943177,Non-Gaming
Samsung Odyssey G75F 37,2899.0,4112.0,77892.20999999999,37.0,3840.0,2160.0,1.7777777777777777,119.0760632476918,165.0,3000,350.0,VA,1.0,8.2944,XLarge,4K,1,1,Samsung,11.263094065030398,Gaming
Samsung S32A600NWI,1469.0,1493.0,32907.82,32.0,2560.0,1440.0,1.7777777777777777,91.7877987534291,75.0,3000,300.0,VA,5.0,3.6864,XLarge,QHD,0,0,Samsung,10.401495985931454,Non-Gaming
MSI PRO MP243XP,508.0,609.0,12409.87,23.8,1920.0,1080.0,1.7777777777777777,92.55912479337388,100.0,1000,300.0,IPS,4.0,2.0736,Small,FullHD,0,0,MSI,9.42632798049566,Non-Gaming
Asus VT229H,1031.0,1250.0,25341.91,22.0,1920.0,1080.0,1.7777777777777777,100.13214409464992,60.0,1000,250.0,IPS,5.0,2.0736,Small,FullHD,0,0,Asus,10.140254285482202,Non-Gaming
AOC AGON PRO AG246FK,1889.0,2708.0,51072.67,24.1,1920.0,1080.0,1.7777777777777777,91.40693651793768,540.0,1000,400.0,TN,4.1020408163265305,2.0736,Medium,FullHD,1,0,AOC,10.841024379209719,Gaming
Iiyama ProLite X3270QSU-B1,714.0,1142.0,20620.16,31.5,2560.0,1440.0,1.7777777777777777,93.24474793999148,100.0,1200,250.0,IPS,3.0,3.6864,Large,QHD,0,0,Iiyama,9.934073012050714,Non-Gaming
Gigabyte Aorus FO27Q3,3679.0,4091.0,86324.7,27.0,2560.0,1440.0,1.7777777777777777,108.78553926332336,360.0,1500000,250.0,OLED,1.0,3.6864,Large,QHD,1,0,Gigabyte,11.365882631116136,Gaming
Asus MB14AC,659.0,839.0,16642.78,14.0,1920.0,1080.0,1.7777777777777777,157.3505121487356,60.0,700,250.0,IPS,5.0,2.0736,Small,FullHD,0,0,Asus,9.719791852039025,Non-Gaming
Acer CB342CKsmiiphzx,3909.0,3909.0,86857.98,34.0,3440.0,1440.0,2.388888888888889,109.68340725465096,75.0,1000,250.0,IPS,4.0,4.9536,XLarge,QHD,0,0,Acer,11.372041162985095,Non-Gaming
Hannspree HL320UPB,1080.0,1133.0,24586.43,31.5,1920.0,1080.0,1.7777777777777777,69.9335609549936,60.0,1200,300.0,IPS,8.0,2.0736,Large,FullHD,0,0,Hannspree,10.109990615718173,Non-Gaming
LG 32U850SA,2251.0,2804.0,56161.05,31.5,3840.0,2160.0,1.7777777777777777,139.8671219099872,60.0,1000,400.0,IPS,5.0,8.2944,Large,4K,0,0,LG,10.935996540882483,Non-Gaming
Asus TUF Gaming VG279QM,969.0,1408.0,26408.47,27.0,1920.0,1080.0,1.7777777777777777,81.58915444749253,280.0,1000,400.0,IPS,1.0,2.0736,Large,FullHD,1,0,Asus,10.181477936933808,Gaming
Lenovo T24t-20,1439.0,1634.0,34141.03,24.0,1920.0,1080.0,1.7777777777777777,91.7877987534291,60.0,1000,300.0,Other,4.0,2.0736,Medium,FullHD,0,0,Lenovo,10.438284455623458,Non-Gaming
HP P22v G5,399.0,1085.0,16487.239999999998,22.0,1920.0,1080.0,1.7777777777777777,100.13214409464992,75.0,3000,200.0,VA,5.0,2.0736,Small,FullHD,0,0,HP,9.710402678505114,Non-Gaming
Terra 2756W PV V3,914.0,914.0,20309.08,27.0,1920.0,1080.0,1.7777777777777777,81.58915444749253,75.0,1000,300.0,IPS,5.0,2.0736,Large,FullHD,0,0,Terra,9.918872593513004,Non-Gaming
LG UltraWide 34BQ77QC,2159.0,2369.0,50306.079999999994,34.0,3440.0,1440.0,2.388888888888889,109.68340725465096,60.0,1000,300.0,IPS,5.0,4.9536,XLarge,QHD,0,0,LG,10.825901101649906,Non-Gaming
AOC CU34G2XPD,1314.0,1314.0,29197.08,34.0,3440.0,1440.0,2.388888888888889,109.68340725465096,180.0,4000,430.0,VA,1.0,4.9536,XLarge,QHD,1,0,AOC,10.281858232669865,Gaming
Dell UltraSharp U2722DE,1906.0,2292.0,46639.78,27.0,2560.0,1440.0,1.7777777777777777,108.78553926332336,60.0,1000,350.0,IPS,5.0,3.6864,Large,QHD,0,0,Dell,10.750230544726728,Non-Gaming
Philips 272S1M,642.0,1022.0,18487.04,27.0,1920.0,1080.0,1.7777777777777777,81.58915444749253,75.0,1000,250.0,IPS,4.0,2.0736,Large,FullHD,0,0,Philips,9.824879315517432,Non-Gaming
Gigabyte GS27QC,834.0,1254.0,23197.68,27.0,2560.0,1440.0,1.7777777777777777,108.78553926332336,165.0,4000,250.0,VA,4.442516268980477,3.6864,Large,QHD,1,0,Gigabyte,10.051850659484007,Gaming
MSI PRO MP275 E2,469.0,731.0,13332.0,27.0,1920.0,1080.0,1.7777777777777777,81.58915444749253,120.0,1500,300.0,IPS,4.0,2.0736,Large,FullHD,1,0,MSI,9.497997444115459,Gaming
AOC Q27B35S3,572.0,653.0,13609.75,27.0,2560.0,1440.0,1.7777777777777777,108.78553926332336,120.0,1000,300.0,IPS,4.0,3.6864,Large,QHD,1,0,AOC,9.518615200666511,Gaming
LG Gram + view 16MR70,1117.0,1506.0,29141.53,16.0,2560.0,1600.0,1.6,188.67962264113208,60.0,1200,350.0,IPS,4.951367781155016,4.096,Small,QHD,0,0,LG,10.279953898217837,Non-Gaming
Asus ProArt PA329CV,2828.0,3592.0,71326.2,32.0,3840.0,2160.0,1.7777777777777777,137.68169813014364,60.0,1000,400.0,IPS,5.0,8.2944,XLarge,4K,0,0,Asus,11.175033020330863,Non-Gaming
Samsung F24T450G,484.0,863.0,14965.17,24.0,1920.0,1200.0,1.6,94.33981132056604,75.0,1000,250.0,IPS,5.0,2.304,Medium,FullHD,0,0,Samsung,9.613547599656373,Non-Gaming
LG UltraWide 35BN77CP,1466.0,1796.0,36240.82,35.0,3440.0,1440.0,2.388888888888889,106.5495956188038,100.0,2500,300.0,VA,5.0,4.9536,XLarge,QHD,0,0,LG,10.497968979646448,Non-Gaming
Samsung Odyssey G3 27,790.0,1249.0,22653.289999999997,27.0,1920.0,1080.0,1.7777777777777777,81.58915444749253,144.0,3000,250.0,VA,4.0,2.0736,Large,FullHD,1,0,,10.028104516950021,Gaming
Gigabyte Aorus FO32U,3764.0,4831.0,95490.45,31.5,3840.0,2160.0,1.7777777777777777,139.8671219099872,165.0,1500000,250.0,OLED,1.0,8.2944,Large,4K,1,1,Gigabyte,11.466791993665069,Gaming
Gigabyte GS27QCA,614.0,959.0,17476.03,27.0,2560.0,1440.0,1.7777777777777777,108.78553926332336,180.0,5000,250.0,VA,4.442516268980477,3.6864,Large,QHD,1,0,Gigabyte,9.768642726306629,Gaming
Acer CB242YEbmiprx,461.0,610.0,11898.81,23.8,1920.0,1080.0,1.7777777777777777,92.55912479337388,100.0,1000,250.0,IPS,4.951367781155016,2.0736,Small,FullHD,0,0,Acer,9.384277712585602,Non-Gaming
Philips 242E2FA,521.0,521.0,11576.62,24.0,1920.0,1080.0,1.7777777777777777,91.7877987534291,75.0,1000,300.0,IPS,4.0,2.0736,Medium,FullHD,0,0,Philips,9.356829203233172,Non-Gaming
KOORUI 22N1,419.0,425.0,9376.84,21.5,1920.0,1080.0,1.7777777777777777,102.460798608479,75.0,3000,250.0,VA,6.0,2.0736,Small,FullHD,0,0,KOORUI,9.146104738296907,Non-Gaming
AOC C32G2ZE,701.0,1234.0,21497.85,32.0,1920.0,1080.0,1.7777777777777777,68.84084906507182,240.0,4000,300.0,VA,4.0,2.0736,XLarge,FullHD,1,0,AOC,9.975754724313108,Gaming
Philips Evnia 49M2C8900L,3609.0,4029.0,84858.18,48.9,5120.0,1440.0,3.5555555555555554,108.76577595808368,144.0,1000000,250.0,OLED,1.0,7.3728,XLarge,QHD,1,0,Philips,11.348748455735318,Gaming
BenQ GW2490T,543.0,660.0,13365.33,23.8,1920.0,1080.0,1.7777777777777777,92.55912479337388,100.0,1300,250.0,IPS,5.0,2.0736,Small,FullHD,0,0,BenQ,9.500494137276933,Non-Gaming
Samsung C32R500F,755.0,938.0,18809.23,32.0,1920.0,1080.0,1.7777777777777777,68.84084906507182,75.0,1000,300.0,VA,4.0,2.0736,XLarge,FullHD,0,0,Samsung,9.842156149758864,Non-Gaming
Acer Vero V277Ebmipxv,480.0,485.0,10721.15,27.0,1920.0,1080.0,1.7777777777777777,81.58915444749253,100.0,1000,250.0,IPS,4.0,2.0736,Large,FullHD,0,0,Acer,9.280066974216878,Non-Gaming
Acer Nitro XV270F5bmiiprzx,1989.0,2058.0,44962.17,27.0,1920.0,1080.0,1.7777777777777777,81.58915444749253,520.0,1000,400.0,IPS,4.951367781155016,2.0736,Large,FullHD,1,0,Acer,10.7135989891995,Gaming
Samsung ViewFinity S65UC 34,1446.0,2399.0,42717.95,34.0,3440.0,1440.0,2.388888888888889,109.68340725465096,100.0,3000,350.0,VA,5.0,4.9536,XLarge,QHD,0,0,Samsung,10.66239789468033,Non-Gaming
Samsung S24A400V,844.0,1404.0,24975.28,24.0,1920.0,1080.0,1.7777777777777777,91.7877987534291,75.0,1000,250.0,IPS,5.0,2.0736,Medium,FullHD,0,0,Samsung,10.125681853454704,Non-Gaming
MSI Optix G32C4X,1238.0,1552.0,30996.9,31.5,1920.0,1080.0,1.7777777777777777,69.9335609549936,250.0,3000,300.0,VA,4.442516268980477,2.0736,Large,FullHD,1,0,MSI,10.341674739237211,Gaming
Asus ZenScreen Touch MB16AHT,1139.0,1468.0,28963.769999999997,15.6,1920.0,1080.0,1.7777777777777777,141.21199808219862,60.0,700,250.0,IPS,5.0,2.0736,Small,FullHD,0,0,Asus,10.27383554288121,Non-Gaming
AOC 24G2SPU,766.0,1527.0,25475.23,23.8,1920.0,1080.0,1.7777777777777777,92.55912479337388,165.0,1000,300.0,IPS,4.0,2.0736,Small,FullHD,1,0,AOC,10.145501139555387,Gaming
HP P34hc G4,1655.0,3135.0,53216.899999999994,34.0,3440.0,1440.0,2.388888888888889,109.68340725465096,60.0,3500,250.0,VA,5.0,4.9536,XLarge,QHD,0,0,HP,10.882150084903103,Non-Gaming
Dell SE2722H,393.0,499.0,9910.12,27.0,1920.0,1080.0,1.7777777777777777,81.58915444749253,75.0,3000,250.0,VA,4.0,2.0736,Large,FullHD,0,0,Dell,9.201412638092465,Non-Gaming
Acer Nitro VG240YM3bmiipx,497.0,620.0,12409.87,24.0,1920.0,1080.0,1.7777777777777777,91.7877987534291,180.0,1000,250.0,IPS,1.0,2.0736,Medium,FullHD,1,0,Acer,9.42632798049566,Gaming
Eizo FlexScan EV2495,2259.0,3422.0,63115.91,24.0,1920.0,1200.0,1.6,94.33981132056604,60.0,1000,350.0,IPS,5.0,2.304,Medium,FullHD,0,0,Eizo,11.052743999948827,Non-Gaming
Sony BRAVIA FW-55EZ20L,3763.0,4548.0,92335.21,55.0,3840.0,2160.0,1.7777777777777777,80.10571527571994,60.0,1200,350.0,IPS,8.0,8.2944,XLarge,4K,0,0,Sony,11.43319165125071,Non-Gaming
MSI G255F,419.0,854.0,14143.03,24.5,1920.0,1080.0,1.7777777777777777,89.91457837070605,180.0,1000,300.0,IPS,1.0,2.0736,Medium,FullHD,1,0,MSI,9.5570479059159,Gaming
KOORUI GN07,1007.0,1007.0,22375.539999999997,27.0,2560.0,1440.0,1.7777777777777777,108.78553926332336,170.0,1000,300.0,IPS,4.951367781155016,3.6864,Large,QHD,1,0,KOORUI,10.015768367590242,Gaming
Asus VP32UQ,1682.0,1838.0,39107.2,32.0,3840.0,2160.0,1.7777777777777777,137.68169813014364,60.0,1000,350.0,IPS,4.0,8.2944,XLarge,4K,0,0,Asus,10.574087442655648,Non-Gaming
Asus TUF Gaming VG27AQ,1066.0,1446.0,27908.32,27.0,2560.0,1440.0,1.7777777777777777,108.78553926332336,165.0,1000,350.0,IPS,4.0,3.6864,Large,QHD,1,0,Asus,10.236715962206329,Gaming
Asus ZenScreen Touch MB16AMTR,1512.0,1923.0,38162.85,15.6,1920.0,1080.0,1.7777777777777777,141.21199808219862,60.0,700,250.0,IPS,5.0,2.0736,Small,FullHD,0,0,Asus,10.549644011458394,Non-Gaming
Viewsonic VP3256-4K,2667.0,3311.0,66415.58,31.5,3840.0,2160.0,1.7777777777777777,139.8671219099872,60.0,1000,350.0,IPS,5.0,8.2944,Large,4K,0,0,Viewsonic,11.10370200309015,Non-Gaming
Lenovo ThinkVision E24-30,469.0,780.0,13876.39,23.8,1920.0,1080.0,1.7777777777777777,92.55912479337388,100.0,1300,250.0,IPS,6.0,2.0736,Small,FullHD,0,0,Lenovo,9.538016176033171,Non-Gaming
MSI PRO MP251,319.0,888.0,13409.77,24.5,1920.0,1080.0,1.7777777777777777,89.91457837070605,100.0,1300,300.0,IPS,4.0,2.0736,Medium,FullHD,0,0,MSI,9.503813394463211,Non-Gaming
Lenovo ThinkVision T24-40,666.0,797.0,16253.929999999998,23.8,1920.0,1080.0,1.7777777777777777,92.55912479337388,120.0,1500,250.0,IPS,4.0,2.0736,Small,FullHD,1,0,Lenovo,9.696151526361461,Gaming
Philips 27E1N1600AE,735.0,924.0,18431.49,27.0,2560.0,1440.0,1.7777777777777777,108.78553926332336,100.0,1500,350.0,IPS,4.0,3.6864,Large,QHD,0,0,Philips,9.821870147343652,Non-Gaming
AOC Q27G2E,567.0,897.0,16265.04,27.0,2560.0,1440.0,1.7777777777777777,108.78553926332336,144.0,1000,369.7073170731707,VA,4.442516268980477,3.6864,Large,QHD,1,0,AOC,9.696834777840873,Gaming
LG 24BA55W,844.0,844.0,18753.68,24.0,1920.0,1200.0,1.6,94.33981132056604,75.0,1000,350.0,IPS,5.0,2.304,Medium,FullHD,0,0,LG,9.83919860025366,Non-Gaming
MSI MAG 274QF X24,1099.0,1299.0,26641.78,27.0,2560.0,1440.0,1.7777777777777777,108.78553926332336,240.0,1000,250.0,IPS,4.951367781155016,3.6864,Large,QHD,1,0,MSI,10.190273473564142,Gaming
ASRock Phantom Gaming PG27FF1A,516.0,882.0,15531.78,27.0,1920.0,1080.0,1.7777777777777777,81.58915444749253,165.0,1100,250.0,IPS,5.0,2.0736,Large,FullHD,1,0,ASRock,9.65070790849354,Gaming
Eizo FlexScan EV2740X-BK,3600.0,4853.0,93912.83,27.0,3840.0,2160.0,1.7777777777777777,163.1783088949851,60.0,2000,350.0,IPS,5.0,8.2944,Large,4K,0,0,Eizo,11.450132938696129,Non-Gaming
Acer Nitro VG240YGbip,349.0,599.0,10532.28,23.8,1920.0,1080.0,1.7777777777777777,92.55912479337388,120.0,1000,250.0,IPS,4.951367781155016,2.0736,Small,FullHD,1,0,Acer,9.262295047602937,Gaming
Asus VA27UQSB,1053.0,1509.0,28463.82,27.0,3840.0,2160.0,1.7777777777777777,163.1783088949851,60.0,1000,350.0,IPS,5.0,8.2944,Large,4K,0,0,Asus,10.256424217809945,Non-Gaming
TCL 25G64,857.0,1300.0,23964.27,24.5,1920.0,1080.0,1.7777777777777777,89.91457837070605,300.0,1000,600.0,IPS,1.0,2.0736,Medium,FullHD,1,0,TCL,10.084360977960477,Gaming
Acer Vero B278UEbemiqprcuzx,1148.0,1223.0,26341.81,27.0,2560.0,1440.0,1.7777777777777777,108.78553926332336,100.0,1000,350.0,IPS,4.0,3.6864,Large,QHD,0,0,Acer,10.178950651459864,Non-Gaming
Philips 27B2N3500J,780.0,919.0,18875.89,27.0,2560.0,1440.0,1.7777777777777777,108.78553926332336,120.0,1500,350.0,IPS,4.0,3.6864,Large,QHD,1,0,Philips,9.845693701554637,Gaming
Iiyama ProLite TF1534MC-B7X,1807.0,2132.0,43762.29,15.0,1024.0,768.0,1.3333333333333333,85.33333333333333,146.44827586206895,700,330.0,TN,8.0,0.786432,Small,HD,1,0,Iiyama,10.686550617085134,Gaming
MSI Modern MD272QXP,1025.0,1025.0,22775.5,27.0,2560.0,1440.0,1.7777777777777777,108.78553926332336,100.0,1000,400.0,IPS,4.0,3.6864,Large,QHD,0,0,MSI,10.033484581649823,Non-Gaming
Asus BE24EQSK,860.0,940.0,19998.0,24.0,1920.0,1080.0,1.7777777777777777,91.7877987534291,75.0,1000,300.0,IPS,5.0,2.0736,Medium,FullHD,0,0,Asus,9.903437551286085,Non-Gaming
LG 43UH7N-E,3502.0,4810.0,92346.32,43.0,3840.0,2160.0,1.7777777777777777,102.460798608479,60.0,1000,700.0,IPS,8.0,8.2944,XLarge,4K,0,0,LG,11.43331196517381,Non-Gaming
LG 27BP55U,1120.0,1239.0,26208.49,27.0,3840.0,2160.0,1.7777777777777777,163.1783088949851,60.0,1000,300.0,IPS,5.0,8.2944,Large,4K,0,0,LG,10.173876837906086,Non-Gaming
Neovo LH-2703,644.0,644.0,14309.679999999998,27.0,1920.0,1080.0,1.7777777777777777,81.58915444749253,100.0,1000,250.0,IPS,5.0,2.0736,Large,FullHD,0,0,Neovo,9.568761390638825,Non-Gaming
Hannspree HS322UPB,1338.0,1338.0,29730.359999999997,31.5,2560.0,1440.0,1.7777777777777777,93.24474793999148,60.0,1200,350.0,IPS,5.0,3.6864,Large,QHD,0,0,Hannspree,10.299957659984551,Non-Gaming
Viewsonic VA3420C,1141.0,1600.0,30452.51,34.0,3440.0,1440.0,2.388888888888889,109.68340725465096,120.0,2000,300.0,IPS,4.951367781155016,4.9536,XLarge,QHD,1,0,Viewsonic,10.32395653743082,Gaming
LG UltraGear 32GS75QX,1243.0,1494.0,30408.07,31.5,2560.0,1440.0,1.7777777777777777,93.24474793999148,180.0,1200,400.0,IPS,1.0,3.6864,Large,QHD,1,0,LG,10.32249619815839,Gaming
Iiyama ProLite XUB2792HSC-B5,915.0,1091.0,22286.66,27.0,1920.0,1080.0,1.7777777777777777,81.58915444749253,75.0,1000,250.0,IPS,4.0,2.0736,Large,FullHD,0,0,Iiyama,10.011788441057574,Non-Gaming
Asus ProArt PA148CTV,1708.0,1933.0,40451.509999999995,14.0,1920.0,1080.0,1.7777777777777777,157.3505121487356,60.0,700,342.715043074884,IPS,5.0,2.0736,Small,FullHD,0,0,Asus,10.607883972477442,Non-Gaming
Xiaomi Mi Gaming Display 27,705.0,1320.0,22497.75,27.0,2560.0,1440.0,1.7777777777777777,108.78553926332336,165.0,1000,400.0,IPS,4.0,3.6864,Large,QHD,1,0,Xiaomi,10.02121503109369,Gaming
Philips Evnia 32M1C5200W,779.0,1026.0,20053.55,31.5,1920.0,1080.0,1.7777777777777777,69.9335609549936,240.0,3500,300.0,VA,4.0,2.0736,Large,FullHD,1,0,Philips,9.906211339657721,Gaming
AOC AGON PRO AG326UD,2974.0,3597.0,73003.81,31.5,3840.0,2160.0,1.7777777777777777,139.8671219099872,165.0,1500000,250.0,OLED,1.0,8.2944,Large,4K,1,1,AOC,11.198280608370808,Gaming
Verbatim PM-14,540.0,588.0,12532.08,14.0,1920.0,1080.0,1.7777777777777777,157.3505121487356,103.74406332453826,1000,250.0,IPS,6.0,2.0736,Small,FullHD,0,0,Verbatim,9.436126827739638,Non-Gaming
MSI MAG 346CQ,1249.0,1249.0,27752.78,34.0,3440.0,1440.0,2.388888888888889,109.68340725465096,180.0,4000,300.0,VA,4.442516268980477,4.9536,XLarge,QHD,1,0,MSI,10.23112732611421,Gaming
Neovo X-19E,2394.0,2917.0,59005.21,19.0,1280.0,1024.0,1.25,86.27367393593732,75.0,1000,250.0,TN,3.0,1.31072,Small,HD,0,0,Neovo,10.985397971586305,Non-Gaming
Acer Vero B277UGbmiiprzx,761.0,1099.0,20664.6,27.0,2560.0,1440.0,1.7777777777777777,108.78553926332336,120.0,1500,350.0,IPS,4.0,3.6864,Large,QHD,1,0,Acer,9.936225761123902,Gaming
Dell S2721HGF,1106.0,1106.0,24575.32,27.0,1920.0,1080.0,1.7777777777777777,81.58915444749253,144.0,3000,350.0,VA,4.0,2.0736,Large,FullHD,1,0,Dell,10.109538656695962,Gaming
Iiyama G-Master G2770QSU-B6,799.0,1093.0,21020.12,27.0,2560.0,1440.0,1.7777777777777777,108.78553926332336,180.0,1200,400.0,IPS,4.951367781155016,3.6864,Large,QHD,1,0,Iiyama,9.953282925599487,Gaming
Dell S2425H,429.0,499.0,10310.08,23.8,1920.0,1080.0,1.7777777777777777,92.55912479337388,100.0,1500,250.0,IPS,8.0,2.0736,Small,FullHD,0,0,Dell,9.240974324192141,Non-Gaming
Dell Pro Plus P3225QE,2185.0,3122.0,58960.77,31.5,3840.0,2160.0,1.7777777777777777,139.8671219099872,100.0,1500,350.0,IPS,5.0,8.2944,Large,4K,0,0,Dell,10.984644546765399,Non-Gaming
AOC 27B2QAM,527.0,920.0,16076.17,27.0,1920.0,1080.0,1.7777777777777777,81.58915444749253,75.0,4000,369.7073170731707,VA,4.0,2.0736,Large,FullHD,0,0,AOC,9.68515553221914,Non-Gaming
Acer Vero B248YEbemiqprcuzxv,961.0,1004.0,21831.15,23.8,1920.0,1080.0,1.7777777777777777,92.55912479337388,100.0,1000,300.0,IPS,4.0,2.0736,Small,FullHD,0,0,Acer,9.991138933013161,Non-Gaming
Asus VZ279HEG1R,1619.0,1619.0,35974.18,27.0,1920.0,1080.0,1.7777777777777777,81.58915444749253,75.0,1000,250.0,IPS,4.951367781155016,2.0736,Large,FullHD,0,0,Asus,10.490584535217687,Non-Gaming
KTC Q24T09,716.0,2000.0,30174.76,23.8,2560.0,1440.0,1.7777777777777777,123.41216639116516,180.0,1000,350.0,IPS,3.0,3.6864,Small,QHD,1,0,KTC,10.314794232061153,Gaming
Asus ROG Swift OLED PG27AQDM,3078.0,4923.0,88891.11,26.5,2560.0,1440.0,1.7777777777777777,110.83809660791438,240.0,1500000,450.0,OLED,1.0,3.6864,Medium,QHD,1,0,Asus,11.395178666157282,Gaming
LG UltraWide 34BA85QE,1819.0,1986.0,42273.55,34.0,3440.0,1440.0,2.388888888888889,109.68340725465096,60.0,1000,300.0,IPS,5.0,4.9536,XLarge,QHD,0,0,LG,10.651940529121127,Non-Gaming
Neovo LW-2202,322.0,802.0,12487.64,21.5,1920.0,1080.0,1.7777777777777777,102.460798608479,60.0,1000,250.0,VA,5.0,2.0736,Small,FullHD,0,0,Neovo,9.432574710081305,Non-Gaming
LG UltraFine 32UQ750P,2838.0,2838.0,63060.35999999999,31.5,3840.0,2160.0,1.7777777777777777,139.8671219099872,144.0,2500,400.0,VA,4.0,8.2944,Large,4K,1,1,LG,11.051863499628306,Gaming
Philips 279C9,2411.0,2411.0,53572.42,27.0,3840.0,2160.0,1.7777777777777777,163.1783088949851,60.0,1300,400.0,IPS,5.0,8.2944,Large,4K,0,0,Philips,10.888808328539657,Non-Gaming
Asus VP229HF,359.0,477.0,9287.96,21.5,1920.0,1080.0,1.7777777777777777,102.460798608479,100.0,1000,250.0,IPS,4.951367781155016,2.0736,Small,FullHD,0,0,Asus,9.136581877209663,Non-Gaming
Asus ProArt PA27UCGE,3325.0,3834.0,79536.48999999999,27.0,3840.0,2160.0,1.7777777777777777,163.1783088949851,160.0,1000,600.0,IPS,1.0,8.2944,Large,4K,1,1,Asus,11.28398376181418,Gaming
MSI G274F,569.0,883.0,16131.72,27.0,1920.0,1080.0,1.7777777777777777,81.58915444749253,180.0,1000,250.0,IPS,1.0,2.0736,Large,FullHD,1,0,MSI,9.68860478678504,Gaming
Acer V176Lbmi,519.0,905.0,15820.64,17.0,1280.0,1024.0,1.25,96.42351792840054,75.0,1000,250.0,TN,5.0,1.31072,Small,HD,0,0,Acer,9.66913390219393,Non-Gaming
Acer Nitro KG241YP3bip,384.0,613.0,11076.67,23.8,1920.0,1080.0,1.7777777777777777,92.55912479337388,180.0,3000,250.0,VA,4.442516268980477,2.0736,Small,FullHD,1,0,Acer,9.312686649378819,Gaming
ASRock Phantom Gaming PGO27QFV,2539.0,3439.0,66415.58,27.0,2560.0,1440.0,1.7777777777777777,108.78553926332336,360.0,1500000,250.0,OLED,1.0,3.6864,Large,QHD,1,0,ASRock,11.10370200309015,Gaming
MSI PRO MP273U,864.0,1028.0,21020.12,27.0,3840.0,2160.0,1.7777777777777777,163.1783088949851,60.0,1000,300.0,IPS,4.0,8.2944,Large,4K,0,0,MSI,9.953282925599487,Non-Gaming
Viewsonic VX2479A-HD-PRO,499.0,817.0,14620.759999999998,23.8,1920.0,1080.0,1.7777777777777777,92.55912479337388,240.0,1000,250.0,IPS,4.951367781155016,2.0736,Small,FullHD,1,0,Viewsonic,9.590266109095248,Gaming
Acer Predator XB273KV3bmiiprx,1690.0,2582.0,47461.92,27.0,3840.0,2160.0,1.7777777777777777,163.1783088949851,160.0,1000,400.0,IPS,4.951367781155016,8.2944,Large,4K,1,1,Acer,10.767704053592293,Gaming
Lenovo L24i-40,548.0,734.0,14243.02,23.8,1920.0,1080.0,1.7777777777777777,92.55912479337388,75.0,1300,250.0,IPS,4.0,2.0736,Small,FullHD,0,0,Lenovo,9.564092448496655,Non-Gaming
LG 27UP85NP,1264.0,1518.0,30908.019999999997,27.0,3840.0,2160.0,1.7777777777777777,163.1783088949851,60.0,1200,400.0,IPS,5.0,8.2944,Large,4K,0,0,LG,10.338803329673695,Non-Gaming
LG UltraGear 34GN850P,2572.0,2572.0,57149.84,34.0,3440.0,1440.0,2.388888888888889,109.68340725465096,144.0,1000,400.0,IPS,1.0,4.9536,XLarge,QHD,1,0,LG,10.953449367277669,Gaming
AOC U32E2N,1816.0,1816.0,40351.52,32.0,3840.0,2160.0,1.7777777777777777,137.68169813014364,60.0,2500,350.0,VA,4.0,8.2944,XLarge,4K,0,0,AOC,10.605409125279552,Non-Gaming
LG UltraWide 38BR85QC,4165.0,4700.0,98490.15,37.5,3840.0,1600.0,2.4,110.93333333333334,144.0,1000,450.0,IPS,1.0,6.144,XLarge,QHD,1,0,LG,11.497721975407897,Gaming
Lenovo ThinkVision E24q-30,639.0,981.0,17998.2,23.8,2560.0,1440.0,1.7777777777777777,123.41216639116516,100.0,1300,300.0,IPS,6.0,3.6864,Small,QHD,0,0,Lenovo,9.798082591446173,Non-Gaming
Philips 32E1N1800LA,934.0,1369.0,25586.33,31.5,3840.0,2160.0,1.7777777777777777,139.8671219099872,60.0,3500,300.0,VA,4.0,8.2944,Large,4K,0,0,Philips,10.149852586078397,Non-Gaming
Asus ROG Strix XG27ACG,1316.0,1904.0,35774.2,27.0,2560.0,1440.0,1.7777777777777777,108.78553926332336,180.0,1000,400.0,IPS,1.0,3.6864,Large,QHD,1,0,Asus,10.48501019490518,Gaming
Asus TUF Gaming VG249Q3R,445.0,711.0,12843.16,23.8,1920.0,1080.0,1.7777777777777777,92.55912479337388,180.0,1000,250.0,IPS,1.0,2.0736,Small,FullHD,1,0,Asus,9.460644512310264,Gaming
Viewsonic VG2408A,435.0,730.0,12943.15,23.8,1920.0,1080.0,1.7777777777777777,92.55912479337388,100.0,1300,250.0,IPS,5.0,2.0736,Small,FullHD,0,0,Viewsonic,9.468399227611846,Non-Gaming
Iiyama G-Master GB3271QSU-B2,1067.0,1241.0,25641.879999999997,31.5,2560.0,1440.0,1.7777777777777777,93.24474793999148,180.0,1000,400.0,IPS,4.951367781155016,3.6864,Large,QHD,1,0,Iiyama,10.152021229219663,Gaming
UPERFECT USetup E7,689.0,689.0,15309.58,15.6,1920.0,1080.0,1.7777777777777777,141.21199808219862,60.0,800,250.0,IPS,16.0,2.0736,Small,FullHD,0,0,UPERFECT,9.63629937167028,Non-Gaming
Viewsonic VX2418C,596.0,684.0,14220.8,23.6,1920.0,1080.0,1.7777777777777777,93.3435241560296,165.0,3000,250.0,VA,4.442516268980477,2.0736,Small,FullHD,1,0,Viewsonic,9.562531277624853,Gaming
Acer Nitro XF273UF3bmiiprx,1119.0,1119.0,24864.18,27.0,2560.0,1440.0,1.7777777777777777,108.78553926332336,300.0,1000,250.0,IPS,1.0,3.6864,Large,QHD,1,0,Acer,10.121223710213728,Gaming
Asus VA247HE,599.0,666.0,14054.15,24.0,1920.0,1080.0,1.7777777777777777,91.7877987534291,75.0,3000,250.0,VA,5.0,2.0736,Medium,FullHD,0,0,Asus,9.550744155642274,Non-Gaming
Iiyama ProLite XU2793QSU-B6,825.0,1039.0,20709.039999999997,27.0,2560.0,1440.0,1.7777777777777777,108.78553926332336,100.0,1300,250.0,IPS,4.951367781155016,3.6864,Large,QHD,0,0,Iiyama,9.938373885821854,Non-Gaming
MSI MAG 325CQRF-QD E2,1690.0,2072.0,41795.82,31.5,2560.0,1440.0,1.7777777777777777,93.24474793999148,180.0,3500,300.0,Other,6.63265306122449,3.6864,Large,QHD,1,0,MSI,10.640575539063855,Gaming
Iiyama ProLite XUB2490HSUC-B5,1033.0,1033.0,22953.26,23.8,1920.0,1080.0,1.7777777777777777,92.55912479337388,60.0,1000,250.0,IPS,4.0,2.0736,Small,FullHD,0,0,Iiyama,10.041258819178294,Non-Gaming
LC-Power LC-M16-4K-UHD-P-OLED,3163.0,3163.0,70281.86,15.6,3840.0,2160.0,1.7777777777777777,282.42399616439724,60.0,100000,440.0,OLED,1.0,8.2944,Small,4K,0,0,LC-Power,11.160283235838437,Non-Gaming
Iiyama ProLite LE4341S-B2,1531.0,2103.0,40373.74,42.5,1920.0,1080.0,1.7777777777777777,51.83310988428937,60.0,1200,350.0,IPS,8.0,2.0736,XLarge,FullHD,0,0,Iiyama,10.60595962087574,Non-Gaming
Acer Predator XB323UGPbmiiphzx,1443.0,6839.0,92013.02,32.0,2560.0,1440.0,1.7777777777777777,91.7877987534291,144.0,1000,600.0,IPS,1.0,3.6864,XLarge,QHD,1,0,Acer,11.42969623572515,Gaming
Iiyama ProLite XUB2497HSU-B1,752.0,788.0,17109.399999999998,23.8,1920.0,1080.0,1.7777777777777777,92.55912479337388,100.0,1300,250.0,IPS,4.951367781155016,2.0736,Small,FullHD,0,0,Iiyama,9.747441744754413,Non-Gaming
Philips Evnia 27M2C5201L,693.0,798.0,16565.01,27.0,1920.0,1080.0,1.7777777777777777,81.58915444749253,180.0,3000,300.0,VA,1.0,2.0736,Large,FullHD,1,0,Philips,9.71510828480405,Gaming
Dahua LM27-B201A,576.0,648.0,13598.64,27.0,1920.0,1080.0,1.7777777777777777,81.58915444749253,100.0,1000,250.0,IPS,5.0,2.0736,Large,FullHD,0,0,Dahua,9.517798600785556,Non-Gaming
Philips 27E1N5600HE,1035.0,1464.0,27763.89,27.0,2560.0,1440.0,1.7777777777777777,108.78553926332336,75.0,1000,300.0,IPS,4.0,3.6864,Large,QHD,0,0,Philips,10.23152755184542,Non-Gaming
Iiyama ProLite TF2234MC-B1X,2162.0,3106.0,58527.48,22.0,1920.0,1080.0,1.7777777777777777,100.13214409464992,75.0,1000,225.0,IPS,8.0,2.0736,Small,FullHD,0,0,Iiyama,10.977268752359805,Non-Gaming
Asus TUF Gaming VG32UQA1A,1953.0,2946.0,54427.89,31.5,3840.0,2160.0,1.7777777777777777,139.8671219099872,160.0,2500,400.0,VA,4.442516268980477,8.2944,Large,4K,1,1,Asus,10.904650358054768,Gaming
Samsung QE43T,2233.0,5000.0,80358.62999999999,43.0,3840.0,2160.0,1.7777777777777777,102.460798608479,60.0,4000,300.0,Other,8.0,8.2944,XLarge,4K,0,0,Samsung,11.294267214637534,Non-Gaming
Samsung QB43C,2054.0,4078.0,68126.51999999999,42.5,3840.0,2160.0,1.7777777777777777,103.66621976857874,126.92706645056728,4000,350.0,VA,8.0,8.2944,XLarge,4K,1,1,Samsung,11.129136522107089,Gaming
Iiyama ProLite T2455MSC-B1,1326.0,1787.0,34585.43,23.8,1920.0,1080.0,1.7777777777777777,92.55912479337388,60.0,1000,400.0,IPS,5.0,2.0736,Small,FullHD,0,0,Iiyama,10.451216687584848,Non-Gaming
Philips Evnia 27M1C5200W,1018.0,1296.0,25708.539999999997,27.0,1920.0,1080.0,1.7777777777777777,81.58915444749253,240.0,3000,300.0,VA,4.0,2.0736,Large,FullHD,1,0,Philips,10.154617408229006,Gaming
Asus TUF Gaming VG279Q3A,566.0,1090.0,18398.16,27.0,1920.0,1080.0,1.7777777777777777,81.58915444749253,180.0,1000,250.0,IPS,1.0,2.0736,Large,FullHD,1,0,Asus,9.820060290381072,Gaming
LG 24TQ510S,629.0,777.0,15620.66,24.0,1366.0,768.0,1.7786458333333333,65.29553540973873,60.0,1000,250.0,Other,14.0,1.049088,Medium,HD,0,0,LG,9.656413691754677,Non-Gaming
Asus VA279HAE,696.0,831.0,16964.969999999998,27.0,1920.0,1080.0,1.7777777777777777,81.58915444749253,75.0,3000,300.0,VA,6.0,2.0736,Large,FullHD,0,0,Asus,9.738964852123749,Non-Gaming
Asus TUF Gaming VG32AQL1A,1175.0,1341.0,27952.76,31.5,2560.0,1440.0,1.7777777777777777,93.24474793999148,170.0,1000,400.0,IPS,1.0,3.6864,Large,QHD,1,0,Asus,10.23830699547462,Gaming
Iiyama ProLite X4373UHSU-B1,2199.0,2916.0,56827.649999999994,43.0,3840.0,2160.0,1.7777777777777777,102.460798608479,60.0,4000,400.0,VA,3.0,8.2944,XLarge,4K,0,0,Iiyama,10.947795878950064,Non-Gaming
Philips 243B9,850.0,1013.0,20697.93,24.0,1920.0,1080.0,1.7777777777777777,91.7877987534291,75.0,1000,250.0,IPS,4.0,2.0736,Medium,FullHD,0,0,Philips,9.937837287096189,Non-Gaming
LG UltraWide 26WQ500,683.0,1186.0,20764.59,25.7,2560.0,1080.0,2.3703703703703702,108.11240458715804,75.0,1000,250.0,IPS,5.0,2.7648,Medium,FullHD,0,0,LG,9.941052568856488,Non-Gaming
Acer Nitro XZ323QUZ1bmiiprx,1549.0,1592.0,34896.509999999995,31.5,2560.0,1440.0,1.7777777777777777,93.24474793999148,280.0,3000,250.0,VA,5.0,3.6864,Large,QHD,1,0,Acer,10.46017075894035,Gaming
Philips 241E1SC,381.0,640.0,11343.31,24.0,1920.0,1080.0,1.7777777777777777,91.7877987534291,75.0,3000,250.0,VA,4.0,2.0736,Medium,FullHD,0,0,Philips,9.336471575619965,Non-Gaming
Kruger&Matz KM0199-M27,389.0,479.0,9643.48,27.0,1920.0,1080.0,1.7777777777777777,81.58915444749253,100.0,1000,250.0,IPS,4.0,2.0736,Large,FullHD,0,0,Kruger&Matz,9.174141009941371,Non-Gaming
MSI MAG321QR-QD,2931.0,3749.0,74214.8,31.5,2560.0,1440.0,1.7777777777777777,93.24474793999148,170.0,1200,350.0,Other,6.63265306122449,3.6864,Large,QHD,1,0,MSI,11.214732344492784,Gaming
Viewsonic VG2709-2K-MHD,1000.0,1100.0,23331.0,27.0,2560.0,1440.0,1.7777777777777777,108.78553926332336,75.0,1000,250.0,IPS,5.0,3.6864,Large,QHD,0,0,Viewsonic,10.057581087873528,Non-Gaming
HP 524sa,500.0,649.0,12765.39,23.8,1920.0,1080.0,1.7777777777777777,92.55912479337388,100.0,1500,300.0,IPS,5.0,2.0736,Small,FullHD,0,0,HP,9.454571215247531,Non-Gaming
Acer Nitro VG270P6bmipx,489.0,529.0,11309.98,27.0,1920.0,1080.0,1.7777777777777777,81.58915444749253,144.0,1000,250.0,IPS,4.951367781155016,2.0736,Large,FullHD,1,0,Acer,9.33352921433956,Gaming
BenQ PD3205U,2326.0,2908.0,58149.74,31.5,3840.0,2160.0,1.7777777777777777,139.8671219099872,60.0,1000,250.0,IPS,5.0,8.2944,Large,4K,0,0,BenQ,10.970793883575212,Non-Gaming
Lenovo L27q-4A,649.0,1524.0,24142.03,27.0,2560.0,1440.0,1.7777777777777777,108.78553926332336,100.0,1500,350.0,IPS,4.0,3.6864,Large,QHD,0,0,Lenovo,10.09175100458758,Non-Gaming
Acer Vero V247YEbipv,447.0,655.0,12243.22,23.8,1920.0,1080.0,1.7777777777777777,92.55912479337388,100.0,1000,250.0,IPS,4.0,2.0736,Small,FullHD,0,0,Acer,9.4128092678882,Non-Gaming
Acer Nitro XF240YS3biphx,588.0,649.0,13743.07,23.8,1920.0,1080.0,1.7777777777777777,92.55912479337388,180.0,4000,300.0,VA,1.0,2.0736,Small,FullHD,1,0,Acer,9.528362737342615,Gaming
MSI MAG 275CQPF,1099.0,1166.0,25164.15,27.0,2560.0,1440.0,1.7777777777777777,108.78553926332336,180.0,5000,300.0,VA,4.442516268980477,3.6864,Large,QHD,1,0,MSI,10.133215379852341,Gaming
Philips 27B2U3601,1015.0,1238.0,25030.83,27.0,2560.0,1440.0,1.7777777777777777,108.78553926332336,120.0,1500,350.0,IPS,4.0,3.6864,Large,QHD,1,0,Philips,10.12790349401853,Gaming
Philips 325B1L,1099.0,1280.0,26430.69,32.0,2560.0,1440.0,1.7777777777777777,91.7877987534291,75.0,1200,250.0,IPS,4.0,3.6864,XLarge,QHD,0,0,Philips,10.182318948043696,Non-Gaming
Neovo LA-2402,406.0,1041.0,16076.17,23.8,1920.0,1080.0,1.7777777777777777,92.55912479337388,126.92706645056728,1000,250.0,VA,5.0,2.0736,Small,FullHD,1,0,Neovo,9.68515553221914,Gaming
Neovo SC-2202,1356.0,1356.0,30130.32,21.5,1920.0,1080.0,1.7777777777777777,102.460798608479,60.0,1000,250.0,TN,3.0,2.0736,Small,FullHD,0,0,Neovo,10.3133204413207,Non-Gaming
MSI PRO MP271A E2,429.0,709.0,12643.179999999998,27.0,1920.0,1080.0,1.7777777777777777,81.58915444749253,120.0,1500,300.0,IPS,4.0,2.0736,Large,FullHD,1,0,MSI,9.444952309235443,Gaming
ASRock Phantom Gaming PG27QRT2A,981.0,1236.0,24630.87,27.0,2560.0,1440.0,1.7777777777777777,108.78553926332336,180.0,5000,300.0,VA,4.442516268980477,3.6864,Large,QHD,1,0,ASRock,10.111796411902848,Gaming
Iiyama G-Master G2470HS-B1,442.0,628.0,11887.7,23.8,1920.0,1080.0,1.7777777777777777,92.55912479337388,180.0,1000,300.0,IPS,4.951367781155016,2.0736,Small,FullHD,1,0,Iiyama,9.383343648131143,Gaming
Iiyama ProLite LH5575UHS-B2AG,3964.0,4691.0,96157.05,54.6,3840.0,2160.0,1.7777777777777777,80.69257033268492,60.0,1200,500.0,IPS,8.0,8.2944,XLarge,4K,0,0,Iiyama,11.473748470861256,Non-Gaming
Samsung QM43C,2009.0,4730.0,74870.29,42.5,3840.0,2160.0,1.7777777777777777,103.66621976857874,60.0,4000,500.0,VA,8.0,8.2944,XLarge,4K,0,0,Samsung,11.223525784941398,Non-Gaming
Philips 328E1CA,1269.0,1644.0,32363.429999999997,32.0,3840.0,2160.0,1.7777777777777777,137.68169813014364,60.0,2500,250.0,VA,4.0,8.2944,XLarge,4K,0,0,Philips,10.384815259207036,Non-Gaming
HP P27h G4,963.0,963.0,21397.86,27.0,1920.0,1080.0,1.7777777777777777,81.58915444749253,60.0,1000,250.0,IPS,5.0,2.0736,Large,FullHD,0,0,HP,9.971092928562953,Non-Gaming
Philips 276B9,883.0,1573.0,27286.16,27.0,2560.0,1440.0,1.7777777777777777,108.78553926332336,75.0,1000,350.0,IPS,4.0,3.6864,Large,QHD,0,0,Philips,10.21417154086303,Non-Gaming
LG UltraWide 34WQ75X,1872.0,2418.0,47661.899999999994,34.0,3440.0,1440.0,2.388888888888889,109.68340725465096,60.0,1000,300.0,IPS,5.0,4.9536,XLarge,QHD,0,0,LG,10.771908596472592,Non-Gaming
Iiyama ProLite XU2792QSU-B6,799.0,889.0,18753.68,27.0,2560.0,1440.0,1.7777777777777777,108.78553926332336,100.0,1300,250.0,IPS,4.951367781155016,3.6864,Large,QHD,0,0,Iiyama,9.83919860025366,Non-Gaming
Samsung Odyssey G51C 27,680.0,888.0,17420.48,27.0,2560.0,1440.0,1.7777777777777777,108.78553926332336,165.0,3000,300.0,VA,4.442516268980477,3.6864,Large,QHD,1,0,Samsung,9.765459206613915,Gaming
Lenovo ThinkVision P25i-30,703.0,1031.0,19264.74,24.5,1920.0,1080.0,1.7777777777777777,89.91457837070605,100.0,1300,250.0,IPS,4.0,2.0736,Medium,FullHD,0,0,Lenovo,9.866083667949853,Non-Gaming
BenQ PD2705U,1529.0,2888.0,49072.869999999995,27.0,3840.0,2160.0,1.7777777777777777,163.1783088949851,60.0,1200,250.0,IPS,5.0,8.2944,Large,4K,0,0,BenQ,10.801081992898919,Non-Gaming
HP Z43,2626.0,2626.0,58349.719999999994,43.0,3840.0,2160.0,1.7777777777777777,102.460798608479,60.0,1000,350.0,IPS,5.0,8.2944,XLarge,4K,0,0,HP,10.974226976970192,Non-Gaming
AOC 27E4CV,986.0,1596.0,28686.019999999997,27.0,1920.0,1080.0,1.7777777777777777,81.58915444749253,120.0,1500,300.0,IPS,4.0,2.0736,Large,FullHD,1,0,AOC,10.264200034636776,Gaming
Viewsonic VA3820C,3199.0,3700.0,76647.89,37.5,3840.0,1600.0,2.4,110.93333333333334,75.0,2000,300.0,IPS,5.0,6.144,XLarge,QHD,0,0,Viewsonic,11.246990402786102,Non-Gaming
Dell Alienware AW2721D,3298.0,3298.0,73281.56,27.0,2560.0,1440.0,1.7777777777777777,108.78553926332336,240.0,1000,450.0,IPS,1.0,3.6864,Large,QHD,1,0,Dell,11.202077933235634,Gaming
Viewsonic VX3218-PC-MHD,799.0,1018.0,20186.87,32.0,1920.0,1080.0,1.7777777777777777,68.84084906507182,165.0,4000,300.0,VA,4.0,2.0736,XLarge,FullHD,1,0,Viewsonic,9.912837207970428,Gaming
Acer Vero B247Ybmiprx,1003.0,1909.0,32352.32,24.0,1920.0,1080.0,1.7777777777777777,91.7877987534291,75.0,1000,250.0,IPS,4.0,2.0736,Medium,FullHD,0,0,Acer,10.384471922174797,Non-Gaming
LG UltraGear 27G850A,2101.0,3701.0,64460.219999999994,27.0,3840.0,2160.0,1.7777777777777777,163.1783088949851,240.0,2000,450.0,IPS,1.0,8.2944,Large,4K,1,1,LG,11.073819081656351,Gaming
HP OMEN 27q G2,1059.0,1312.0,26341.81,27.0,2560.0,1440.0,1.7777777777777777,108.78553926332336,180.0,1000,400.0,IPS,1.0,3.6864,Large,QHD,1,0,HP,10.178950651459864,Gaming
Philips 16B1P3302D,697.0,1279.0,21953.36,15.6,1920.0,1080.0,1.7777777777777777,141.21199808219862,75.0,700,250.0,IPS,4.0,2.0736,Small,FullHD,0,0,Philips,9.996721032035747,Non-Gaming
AOC Graphic Pro U32U3CV,2439.0,2879.0,59082.98,31.5,3840.0,2160.0,1.7777777777777777,139.8671219099872,60.0,1000,342.715043074884,IPS,4.0,8.2944,Large,4K,0,0,AOC,10.986715100659316,Non-Gaming
Acer Vero B277Gbmiprzx,670.0,1229.0,21097.89,27.0,1920.0,1080.0,1.7777777777777777,81.58915444749253,100.0,1000,250.0,IPS,4.0,2.0736,Large,FullHD,0,0,Acer,9.95697571144531,Non-Gaming
HP X27qc,1516.0,1516.0,33685.52,27.0,2560.0,1440.0,1.7777777777777777,108.78553926332336,165.0,3000,350.0,VA,4.0,3.6864,Large,QHD,1,0,HP,10.424853036319114,Gaming
Viewsonic VX2779J-HD-PRO,723.0,866.0,17653.79,27.0,1920.0,1080.0,1.7777777777777777,81.58915444749253,180.0,1000,250.0,IPS,4.951367781155016,2.0736,Large,FullHD,1,0,Viewsonic,9.778762413644337,Gaming
Philips 242S1AE,478.0,669.0,12743.17,24.0,1920.0,1080.0,1.7777777777777777,91.7877987534291,75.0,1000,250.0,IPS,4.0,2.0736,Medium,FullHD,0,0,Philips,9.452829191111709,Non-Gaming
Philips 273V7QDSB,655.0,720.0,15276.25,27.0,1920.0,1080.0,1.7777777777777777,81.58915444749253,60.0,1000,250.0,IPS,5.0,2.0736,Large,FullHD,0,0,Philips,9.63412007270129,Non-Gaming
Dell Plus S2722DC,911.0,1523.0,27041.74,27.0,2560.0,1440.0,1.7777777777777777,108.78553926332336,75.0,1000,350.0,IPS,4.0,3.6864,Large,QHD,0,0,Dell,10.205173856384171,Non-Gaming
Dell P2421DC,2101.0,2101.0,46684.22,24.0,2560.0,1440.0,1.7777777777777777,122.3837316712388,60.0,1000,300.0,IPS,5.0,3.6864,Medium,QHD,0,0,Dell,10.751182905341324,Non-Gaming
Lenovo T32h-20,2039.0,2543.0,50906.02,32.0,2560.0,1440.0,1.7777777777777777,91.7877987534291,60.0,1000,350.0,IPS,4.0,3.6864,XLarge,QHD,0,0,Lenovo,10.837756110514137,Non-Gaming
Asus TUF Gaming VG249QM5A,700.0,700.0,15554.0,23.8,1920.0,1080.0,1.7777777777777777,92.55912479337388,240.0,1000,300.0,IPS,1.0,2.0736,Small,FullHD,1,0,Asus,9.652137409331738,Gaming
Neovo MX-22,2988.0,5227.0,91268.65,22.0,1920.0,1080.0,1.7777777777777777,100.13214409464992,60.0,1000,250.0,TN,3.0,2.0736,Small,FullHD,0,0,Neovo,11.42157359072763,Non-Gaming
Asus VA27DCP,573.0,793.0,15176.259999999998,27.0,1920.0,1080.0,1.7777777777777777,81.58915444749253,75.0,1000,250.0,IPS,5.0,2.0736,Large,FullHD,0,0,Asus,9.627553533998654,Non-Gaming
Asus HA2741A,3894.0,4848.0,97123.62,27.0,2560.0,1440.0,1.7777777777777777,108.78553926332336,75.0,900,350.0,IPS,5.0,3.6864,Large,QHD,0,0,Asus,11.483750175178383,Non-Gaming
Acer CB242YEbipr,478.0,526.0,11154.44,23.8,1920.0,1080.0,1.7777777777777777,92.55912479337388,100.0,1000,250.0,IPS,4.0,2.0736,Small,FullHD,0,0,Acer,9.31968255028416,Non-Gaming
Fujitsu B27-9 TS QHD,1416.0,1470.0,32063.46,27.0,2560.0,1440.0,1.7777777777777777,108.78553926332336,60.0,1000,350.0,IPS,5.0,3.6864,Large,QHD,0,0,Fujitsu,10.375503530649015,Non-Gaming
KOORUI G2741L,1177.0,1838.0,33496.65,27.0,3840.0,2160.0,1.7777777777777777,163.1783088949851,160.0,1000,350.0,IPS,4.951367781155016,8.2944,Large,4K,1,1,KOORUI,10.419230566098852,Gaming
Dell P2217,425.0,425.0,9443.5,22.0,1680.0,1050.0,1.6,90.05163807872212,60.0,1000,250.0,TN,5.0,1.764,Small,HD,0,0,Dell,9.153187840471874,Non-Gaming
Philips 221B8LJEB,396.0,442.0,9310.18,22.0,1920.0,1080.0,1.7777777777777777,100.13214409464992,60.0,1000,250.0,TN,1.0,2.0736,Small,FullHD,0,0,Philips,9.138971107674605,Non-Gaming
AOC 24B3QA2,346.0,491.0,9299.07,23.8,1920.0,1080.0,1.7777777777777777,92.55912479337388,120.0,1300,300.0,IPS,4.0,2.0736,Small,FullHD,1,0,AOC,9.137777205994741,Gaming
LG UltraFine 27US500,803.0,912.0,19053.65,27.0,3840.0,2160.0,1.7777777777777777,163.1783088949851,60.0,1000,300.0,IPS,5.0,8.2944,Large,4K,0,0,LG,9.855066445256824,Non-Gaming
Samsung ViewFinity S65TC 34,1890.0,3295.0,57605.35,34.0,3440.0,1440.0,2.388888888888889,109.68340725465096,100.0,3000,350.0,VA,5.0,4.9536,XLarge,QHD,0,0,Samsung,10.96138808366322,Non-Gaming
Gigabyte M32QC,1199.0,1199.0,26641.78,32.0,2560.0,1440.0,1.7777777777777777,91.7877987534291,165.0,3000,350.0,VA,4.0,3.6864,XLarge,QHD,1,0,Gigabyte,10.190273473564142,Gaming
Dell Alienware AW2725DM,879.0,1141.0,22442.199999999997,27.0,2560.0,1440.0,1.7777777777777777,108.78553926332336,180.0,1000,400.0,IPS,1.0,3.6864,Large,QHD,1,0,Dell,10.018742951965407,Gaming
Asus TUF Gaming VG259QR,1449.0,1449.0,32196.78,25.0,1920.0,1080.0,1.7777777777777777,88.11628680329193,165.0,1000,300.0,IPS,4.0,2.0736,Medium,FullHD,1,0,Asus,10.379652785056367,Gaming
Asus BE279QFK,1206.0,1403.0,28985.99,27.0,1920.0,1080.0,1.7777777777777777,81.58915444749253,100.0,1300,250.0,IPS,5.0,2.0736,Large,FullHD,0,0,Asus,10.274602387618588,Non-Gaming
AOC U27B3M,613.0,975.0,17642.68,27.0,3840.0,2160.0,1.7777777777777777,163.1783088949851,60.0,3500,300.0,VA,4.0,8.2944,Large,4K,0,0,AOC,9.778132924583373,Non-Gaming
Redragon Neapolis II,418.0,462.0,9776.8,23.8,1920.0,1080.0,1.7777777777777777,92.55912479337388,100.0,3000,250.0,VA,7.0,2.0736,Small,FullHD,0,0,Redragon,9.187869788848815,Non-Gaming
BenQ Zowie XL2546X+,1799.0,2789.0,50972.68,24.1,1920.0,1080.0,1.7777777777777777,91.40693651793768,280.0,1000,320.0,TN,4.1020408163265305,2.0736,Medium,FullHD,1,0,BenQ,10.839064700060781,Gaming
Viewsonic VG2756-4K,2051.0,2059.0,45662.1,27.0,3840.0,2160.0,1.7777777777777777,163.1783088949851,60.0,1000,350.0,IPS,5.0,8.2944,Large,4K,0,0,Viewsonic,10.729045810902237,Non-Gaming
LG 27U731SA,1234.0,1787.0,33563.31,27.0,3840.0,2160.0,1.7777777777777777,163.1783088949851,60.0,1000,350.0,IPS,5.0,8.2944,Large,4K,0,0,LG,10.42121857903359,Non-Gaming
AOC U27P2CA,1162.0,1830.0,33241.119999999995,27.0,3840.0,2160.0,1.7777777777777777,163.1783088949851,60.0,1000,350.0,IPS,4.0,8.2944,Large,4K,0,0,AOC,10.411573025515642,Non-Gaming
Dell Pro Plus P2425E,919.0,1229.0,23864.28,24.1,1920.0,1200.0,1.6,93.94835982131056,100.0,1500,300.0,IPS,8.0,2.304,Medium,FullHD,0,0,Dell,10.080179962034066,Non-Gaming
Asus TUF Gaming VG27AQL1A,4259.0,4259.0,94634.98,27.0,2560.0,1440.0,1.7777777777777777,108.78553926332336,170.0,1000,400.0,IPS,4.0,3.6864,Large,QHD,1,0,Asus,11.45779302099609,Gaming
Acer Vero B247YEbmiprxv,487.0,718.0,13387.55,23.8,1920.0,1080.0,1.7777777777777777,92.55912479337388,100.0,1000,250.0,IPS,4.0,2.0736,Small,FullHD,0,0,Acer,9.502155143052974,Non-Gaming
Asus VY229Q,544.0,752.0,14398.56,21.45,1920.0,1080.0,1.7777777777777777,102.69963496887172,75.0,1000,250.0,IPS,4.951367781155016,2.0736,Small,FullHD,0,0,Asus,9.574952929541706,Non-Gaming
Acer Nitro VG270UEbmiipx,611.0,822.0,15920.63,27.0,2560.0,1440.0,1.7777777777777777,108.78553926332336,100.0,1000,350.0,IPS,4.951367781155016,3.6864,Large,QHD,0,0,Acer,9.675433841091863,Non-Gaming
LG 27BA45QB,807.0,850.0,18409.27,27.0,2560.0,1440.0,1.7777777777777777,108.78553926332336,75.0,1000,350.0,IPS,5.0,3.6864,Large,QHD,0,0,LG,9.820663940062003,Non-Gaming
BenQ BL2485TC,1819.0,1819.0,40418.18,23.8,1920.0,1080.0,1.7777777777777777,92.55912479337388,75.0,1000,250.0,IPS,5.0,2.0736,Small,FullHD,0,0,BenQ,10.607059703765188,Non-Gaming
Hannspree HT273HPB,1756.0,2197.0,43917.829999999994,27.0,1920.0,1080.0,1.7777777777777777,81.58915444749253,60.0,1000,300.0,IPS,8.0,2.0736,Large,FullHD,0,0,Hannspree,10.690098436484316,Non-Gaming
Iiyama ProLite T1634MC-B8X,2191.0,2191.0,48684.02,15.6,1920.0,1080.0,1.7777777777777777,141.21199808219862,60.0,700,450.0,IPS,25.0,2.0736,Small,FullHD,0,0,Iiyama,10.79312666421692,Non-Gaming
Asus ProArt PA147CDV,2028.0,2381.0,48983.99,14.0,1920.0,550.0,3.4909090909090907,142.65879086913955,60.0,1200,400.0,IPS,5.0,1.056,Small,HD,0,0,Asus,10.799269203634596,Non-Gaming
Asus TUF Gaming VG328QA1A,899.0,1225.0,23597.64,31.5,1920.0,1080.0,1.7777777777777777,69.9335609549936,170.0,3000,300.0,VA,4.442516268980477,2.0736,Large,FullHD,1,0,Asus,10.068944362234552,Gaming
Asus TUF Gaming VG34VQEL1A,1099.0,1899.0,33307.78,34.0,3440.0,1440.0,2.388888888888889,109.68340725465096,100.0,3000,300.0,VA,4.442516268980477,4.9536,XLarge,QHD,0,0,Asus,10.413576304879044,Non-Gaming
Philips 24E1N3300A,949.0,949.0,21086.78,23.8,1920.0,1080.0,1.7777777777777777,92.55912479337388,75.0,1000,300.0,IPS,4.0,2.0736,Small,FullHD,0,0,Philips,9.95644900477437,Non-Gaming
AOC Q27E4CV,1048.0,1048.0,23286.56,27.0,2560.0,1440.0,1.7777777777777777,108.78553926332336,120.0,1500,350.0,IPS,4.0,3.6864,Large,QHD,1,0,AOC,10.055674591396057,Gaming
Philips 240B9,1033.0,1179.0,24575.32,24.0,1920.0,1200.0,1.6,94.33981132056604,75.0,1000,300.0,IPS,4.0,2.304,Medium,FullHD,0,0,Philips,10.109538656695962,Non-Gaming
LG UltraGear 27GS75QX,969.0,1293.0,25130.82,27.0,2560.0,1440.0,1.7777777777777777,108.78553926332336,180.0,1000,300.0,IPS,1.0,3.6864,Large,QHD,1,0,LG,10.131890051313519,Gaming
Iiyama G-Master GB2745QSU-B1,830.0,1150.0,21997.8,27.0,2560.0,1440.0,1.7777777777777777,108.78553926332336,100.0,1300,250.0,IPS,4.951367781155016,3.6864,Large,QHD,0,0,Iiyama,9.99874318539825,Non-Gaming
AOC AGON AG251FG,1246.0,1246.0,27686.12,25.0,1920.0,1080.0,1.7777777777777777,88.11628680329193,240.0,1000,400.0,TN,1.0,2.0736,Medium,FullHD,1,0,AOC,10.228722602088341,Gaming
Lenovo ThinkVision P27h-30,1374.0,1898.0,36351.92,27.0,2560.0,1440.0,1.7777777777777777,108.78553926332336,60.0,1000,350.0,IPS,4.0,3.6864,Large,QHD,0,0,Lenovo,10.50102980985917,Non-Gaming
LC-Power LC-M40-UWQHD-144,1954.0,2544.0,49972.78,40.0,3440.0,1440.0,2.388888888888889,93.23089616645332,144.0,1200,400.0,IPS,4.0,4.9536,XLarge,QHD,1,0,LC-Power,10.819253746864515,Gaming
AOC CU34V5CW,1172.0,1669.0,31563.51,34.0,3440.0,1440.0,2.388888888888889,109.68340725465096,100.0,3000,300.0,VA,4.0,4.9536,XLarge,QHD,0,0,AOC,10.359788667158346,Non-Gaming
Iiyama ProLite TW1023ASC-B2P,1193.0,1471.0,29597.039999999997,10.1,1280.0,800.0,1.6,149.44920605238187,60.0,1000,387.0,IPS,25.0,1.024,Small,HD,0,0,Iiyama,10.295463421903545,Non-Gaming
UPERFECT Ustation Delta,1491.0,1990.0,38673.91,15.6,1920.0,1080.0,1.7777777777777777,141.21199808219862,60.0,1000,300.0,IPS,25.0,2.0736,Small,FullHD,0,0,UPERFECT,10.56294634835388,Non-Gaming
Philips 24B2N4200,637.0,753.0,15442.9,23.8,1920.0,1080.0,1.7777777777777777,92.55912479337388,120.0,1500,300.0,IPS,4.0,2.0736,Small,FullHD,1,0,Philips,9.644969382356688,Gaming
LG UltraWide 34BA75QE,1491.0,1740.0,35896.409999999996,34.0,3440.0,1440.0,2.388888888888889,109.68340725465096,60.0,1000,300.0,IPS,5.0,4.9536,XLarge,QHD,0,0,LG,10.488420427027009,Non-Gaming
Acer Nitro XV272UPbmiiprzx,1070.0,2339.0,37873.99,27.0,2560.0,1440.0,1.7777777777777777,108.78553926332336,144.0,1000,350.0,IPS,5.0,3.6864,Large,QHD,1,0,Acer,10.542046278785232,Gaming
Lenovo L27qe,549.0,796.0,14942.95,27.0,2560.0,1440.0,1.7777777777777777,108.78553926332336,100.0,1000,250.0,IPS,6.0,3.6864,Large,QHD,0,0,Lenovo,9.612061814638615,Non-Gaming
HP E32k G5,1761.0,3536.0,58849.67,31.5,3840.0,2160.0,1.7777777777777777,139.8671219099872,60.0,1000,350.0,IPS,5.0,8.2944,Large,4K,0,0,HP,10.982758497500422,Non-Gaming
UPERFECT Ustation Delta Max,2199.0,2199.0,48861.78,18.5,1920.0,1080.0,1.7777777777777777,119.0760632476918,100.0,1200,300.0,IPS,16.0,2.0736,Small,FullHD,0,0,UPERFECT,10.796771240450614,Non-Gaming
Iiyama ProLite TW1023ASC-B1P,845.0,845.0,18775.9,10.1,1280.0,800.0,1.6,149.44920605238187,60.0,1000,450.0,IPS,25.0,1.024,Small,HD,0,0,Iiyama,9.840382669914254,Non-Gaming
LG UltraGear 27GS60QX,648.0,903.0,17231.61,27.0,2560.0,1440.0,1.7777777777777777,108.78553926332336,180.0,3000,300.0,Other,1.0,3.6864,Large,QHD,1,0,LG,9.754558798026826,Gaming
AOC 24B3CF2,372.0,692.0,11821.04,23.8,1920.0,1080.0,1.7777777777777777,92.55912479337388,100.0,1300,250.0,IPS,4.0,2.0736,Small,FullHD,0,0,AOC,9.377720864900837,Non-Gaming
AOC Q27E3UMF,779.0,916.0,18831.45,27.0,2560.0,1440.0,1.7777777777777777,108.78553926332336,75.0,4000,369.7073170731707,VA,4.442516268980477,3.6864,Large,QHD,0,0,AOC,9.843336724711591,Non-Gaming
Philips 241B7QUBHEB,1536.0,1536.0,34129.92,24.0,1920.0,1080.0,1.7777777777777777,91.7877987534291,75.0,1000,250.0,IPS,5.0,2.0736,Medium,FullHD,0,0,Philips,10.437958997294851,Non-Gaming
LG UltraGear 32GQ950P,3926.0,4503.0,93646.19,31.5,3840.0,2160.0,1.7777777777777777,139.8671219099872,144.0,1000,450.0,IPS,1.0,8.2944,Large,4K,1,1,LG,11.447289702083037,Gaming
Iiyama G-Master GB2790QSU-B1,1600.0,1600.0,35552.0,27.0,2560.0,1440.0,1.7777777777777777,108.78553926332336,240.0,1000,400.0,IPS,4.951367781155016,3.6864,Large,QHD,1,0,Iiyama,10.478779819856559,Gaming
AOC AGON AG274FZ,1892.0,1892.0,42040.24,27.0,1920.0,1080.0,1.7777777777777777,81.58915444749253,260.0,1000,400.0,IPS,1.0,2.0736,Large,FullHD,1,0,AOC,10.646406320274261,Gaming
Acer Vero B247YEbmiprzxv,594.0,730.0,14709.64,23.8,1920.0,1080.0,1.7777777777777777,92.55912479337388,100.0,1000,250.0,IPS,4.0,2.0736,Small,FullHD,0,0,Acer,9.596326320466856,Non-Gaming
Asus VY249HE,779.0,779.0,17309.379999999997,24.0,1920.0,1080.0,1.7777777777777777,91.7877987534291,75.0,1000,250.0,IPS,4.0,2.0736,Medium,FullHD,0,0,Asus,9.759061600557837,Non-Gaming
Acer Nitro VG270Ubmiipx,1576.0,1576.0,35018.72,27.0,2560.0,1440.0,1.7777777777777777,108.78553926332336,75.0,1000,350.0,IPS,5.0,3.6864,Large,QHD,0,0,Acer,10.463666610376697,Non-Gaming
Samsung Essential Monitor S36GD 24,332.0,609.0,10454.51,23.8,1920.0,1080.0,1.7777777777777777,92.55912479337388,100.0,3000,250.0,VA,4.0,2.0736,Small,FullHD,0,0,Samsung,9.25488439116081,Non-Gaming
LG 27BA54QB,963.0,1062.0,22497.75,27.0,2560.0,1440.0,1.7777777777777777,108.78553926332336,75.0,1000,350.0,IPS,5.0,3.6864,Large,QHD,0,0,LG,10.02121503109369,Non-Gaming
BenQ BL2480T,819.0,994.0,20142.43,24.0,1920.0,1080.0,1.7777777777777777,91.7877987534291,60.0,1000,250.0,IPS,5.0,2.0736,Medium,FullHD,0,0,BenQ,9.910633459616903,Non-Gaming
Hannspree HT248PPB,1542.0,1752.0,36596.34,23.8,1920.0,1080.0,1.7777777777777777,92.55912479337388,60.0,3000,300.0,IPS,8.0,2.0736,Small,FullHD,0,0,Hannspree,10.507730839152684,Non-Gaming
Iiyama ProLite T1634MC-B1S,2196.0,2337.0,50361.63,15.6,1920.0,1080.0,1.7777777777777777,141.21199808219862,60.0,700,405.0,IPS,25.0,2.0736,Small,FullHD,0,0,Iiyama,10.82700471078195,Non-Gaming
AOC U27B3CF,976.0,1197.0,24142.03,27.0,3840.0,2160.0,1.7777777777777777,163.1783088949851,60.0,1000,350.0,IPS,4.0,8.2944,Large,4K,0,0,AOC,10.09175100458758,Non-Gaming
Asus TUF Gaming VG34VQL1B,1171.0,2551.0,41351.42,34.0,3440.0,1440.0,2.388888888888889,109.68340725465096,165.0,4000,550.0,VA,4.0,4.9536,XLarge,QHD,1,0,Asus,10.62988622352772,Gaming
Acer Predator X34Xbmiiphuzx,3675.0,4145.0,86880.2,34.0,3440.0,1440.0,2.388888888888889,109.68340725465096,240.0,1500000,275.0,OLED,1.0,4.9536,XLarge,QHD,1,0,Acer,11.372296947227072,Gaming
Asus TUF Gaming VG27UQ1A,1508.0,1978.0,38729.46,27.0,3840.0,2160.0,1.7777777777777777,163.1783088949851,160.0,1000,300.0,IPS,1.0,8.2944,Large,4K,1,1,Asus,10.564381649536122,Gaming
Lorgar 27MP1,1969.0,1976.0,43828.95,27.0,3840.0,2160.0,1.7777777777777777,163.1783088949851,160.0,1000,1000.0,IPS,1.0,8.2944,Large,4K,1,1,Lorgar,10.688072652641043,Gaming
LG 24BP75CP,589.0,751.0,14887.4,23.8,1920.0,1080.0,1.7777777777777777,92.55912479337388,60.0,1000,250.0,IPS,5.0,2.0736,Small,FullHD,0,0,LG,9.608337665236826,Non-Gaming
AOC Q24P2Q,668.0,1075.0,19364.73,24.0,2560.0,1440.0,1.7777777777777777,122.3837316712388,75.0,1000,250.0,IPS,4.0,3.6864,Medium,QHD,0,0,AOC,9.87126028811415,Non-Gaming
Acer Nitro KG272M3bmiipx,700.0,700.0,15554.0,27.0,1920.0,1080.0,1.7777777777777777,81.58915444749253,180.0,1000,250.0,IPS,4.951367781155016,2.0736,Large,FullHD,1,0,Acer,9.652137409331738,Gaming
LG UltraFine 27BA45U,898.0,910.0,20086.879999999997,27.0,3840.0,2160.0,1.7777777777777777,163.1783088949851,60.0,1000,300.0,IPS,5.0,8.2944,Large,4K,0,0,LG,9.907871927103926,Non-Gaming
AOC U32G3X,2507.0,3303.0,64549.1,31.5,3840.0,2160.0,1.7777777777777777,139.8671219099872,144.0,1000,400.0,IPS,4.951367781155016,8.2944,Large,4K,1,1,AOC,11.075196945460265,Gaming
MSI MAG 321CUP QD-OLED,3499.0,4658.0,90624.27,31.5,3840.0,2160.0,1.7777777777777777,139.8671219099872,165.0,1500000,250.0,OLED,1.0,8.2944,Large,4K,1,1,MSI,11.414488371462882,Gaming
Samsung ViewFinity S60UA 24,859.0,1317.0,24175.36,24.0,2560.0,1440.0,1.7777777777777777,122.3837316712388,75.0,1000,300.0,IPS,5.0,3.6864,Medium,QHD,0,0,Samsung,10.093130575202448,Non-Gaming
Xiaomi Gaming Monitor G24i,372.0,528.0,9999.0,23.8,1920.0,1080.0,1.7777777777777777,92.55912479337388,180.0,1000,250.0,IPS,1.0,2.0736,Small,FullHD,1,0,Xiaomi,9.210340371976184,Gaming
Acer Nitro ED270RS3bmiipx,479.0,710.0,13209.79,27.0,,,1.9647970654360436,96.6136977507334,180.0,1000,250.0,VA,4.442516268980477,,Large,Unknown,1,0,Acer,9.488789198907641,Gaming
Arzopa A1M,558.0,1249.0,20075.77,17.3,1920.0,1080.0,1.7777777777777777,127.33567457123112,60.0,1000,300.0,IPS,4.951367781155016,2.0736,Small,FullHD,0,0,Arzopa,9.907318704293154,Non-Gaming
HyperX Armada 64V69AA,2499.0,2499.0,55527.78,27.0,2560.0,1440.0,1.7777777777777777,108.78553926332336,165.0,1000,400.0,IPS,1.0,3.6864,Large,QHD,1,0,HyperX,10.924656723888058,Gaming
AOC 24E1Q,395.0,535.0,10332.3,24.0,1920.0,1080.0,1.7777777777777777,91.7877987534291,60.0,1000,250.0,IPS,5.0,2.0736,Medium,FullHD,0,0,AOC,9.24312696898752,Non-Gaming
Viewsonic VG2756-2K,1300.0,1672.0,33018.92,27.0,2560.0,1440.0,1.7777777777777777,108.78553926332336,75.0,1000,350.0,IPS,5.0,3.6864,Large,QHD,0,0,Viewsonic,10.404866294697108,Non-Gaming
Fujitsu B27-9 TS FHD,705.0,995.0,18887.0,27.0,1920.0,1080.0,1.7777777777777777,81.58915444749253,60.0,1000,250.0,IPS,5.0,2.0736,Large,FullHD,0,0,Fujitsu,9.846282078765348,Non-Gaming
Lenovo G24e-20,469.0,665.0,12598.74,23.8,1920.0,1080.0,1.7777777777777777,92.55912479337388,100.0,3000,300.0,VA,4.0,2.0736,Small,FullHD,0,0,Lenovo,9.441431457806031,Non-Gaming
Dell P2222H,728.0,728.0,16176.16,22.0,1920.0,1080.0,1.7777777777777777,100.13214409464992,60.0,1000,250.0,IPS,5.0,2.0736,Small,FullHD,0,0,Dell,9.691355649866182,Non-Gaming
Viewsonic VX2779-HD-PRO,538.0,741.0,14209.69,27.0,1920.0,1080.0,1.7777777777777777,81.58915444749253,180.0,1000,250.0,IPS,4.951367781155016,2.0736,Large,FullHD,1,0,Viewsonic,9.561749777266252,Gaming
Lenovo T23i-20,1392.0,1392.0,30930.24,23.0,1920.0,1080.0,1.7777777777777777,95.77857261227383,60.0,1000,250.0,IPS,4.0,2.0736,Small,FullHD,0,0,Lenovo,10.339521955402509,Non-Gaming
Philips 242S9JAL,1014.0,1014.0,22531.08,24.0,1920.0,1080.0,1.7777777777777777,91.7877987534291,75.0,3000,300.0,VA,4.0,2.0736,Medium,FullHD,0,0,Philips,10.02269535051425,Non-Gaming
Philips 275E2FAE,676.0,881.0,17298.27,27.0,2560.0,1440.0,1.7777777777777777,108.78553926332336,75.0,1000,350.0,IPS,4.0,3.6864,Large,QHD,0,0,Philips,9.75841958306378,Non-Gaming
Dell Plus S2425HS,442.0,704.0,12732.06,23.8,1920.0,1080.0,1.7777777777777777,92.55912479337388,100.0,1500,250.0,IPS,8.0,2.0736,Small,FullHD,0,0,Dell,9.451957039727573,Non-Gaming
Iiyama ProLite XUB2797QSU-B2,619.0,921.0,17109.399999999998,27.0,2560.0,1440.0,1.7777777777777777,108.78553926332336,100.0,1300,300.0,IPS,4.951367781155016,3.6864,Large,QHD,0,0,Iiyama,9.747441744754413,Non-Gaming
Dell P2423,801.0,2076.0,31963.47,24.0,1920.0,1200.0,1.6,94.33981132056604,60.0,1000,300.0,IPS,5.0,2.304,Medium,FullHD,0,0,Dell,10.372380252428297,Non-Gaming
Lenovo T34w-20,2652.0,2652.0,58927.439999999995,34.0,3440.0,1440.0,2.388888888888889,109.68340725465096,60.0,3000,350.0,VA,4.0,4.9536,XLarge,QHD,0,0,Lenovo,10.984079105396042,Non-Gaming
LG MyView 32SR83U,1799.0,2078.0,43073.47,31.5,3840.0,2160.0,1.7777777777777777,139.8671219099872,60.0,1000,400.0,IPS,5.0,8.2944,Large,4K,0,0,LG,10.670685757199715,Non-Gaming
HP OMEN 32q,1199.0,1723.0,32463.42,31.5,2560.0,1440.0,1.7777777777777777,93.24474793999148,165.0,1000,400.0,IPS,1.0,3.6864,Large,QHD,1,0,HP,10.387899999389498,Gaming
Asus VA27AQSB,755.0,1018.0,19698.03,27.0,2560.0,1440.0,1.7777777777777777,108.78553926332336,75.0,1000,350.0,IPS,4.0,3.6864,Large,QHD,0,0,Asus,9.888324674935141,Non-Gaming
Hannspree HC270HPB,872.0,872.0,19375.84,27.0,1920.0,1080.0,1.7777777777777777,81.58915444749253,60.0,1000,250.0,TN,5.0,2.0736,Large,FullHD,0,0,Hannspree,9.871833817454332,Non-Gaming
Acer CB243YEbemipruzxv,873.0,873.0,19398.06,23.8,1920.0,1080.0,1.7777777777777777,92.55912479337388,100.0,1000,300.0,IPS,4.951367781155016,2.0736,Small,FullHD,0,0,Acer,9.872979890269258,Non-Gaming
Eizo FlexScan EV2795,2799.0,3531.0,70326.3,27.0,2560.0,1440.0,1.7777777777777777,108.78553926332336,60.0,1000,350.0,IPS,5.0,3.6864,Large,QHD,0,0,Eizo,11.160915338120088,Non-Gaming
Acer Vero B277Gbmiprx,562.0,738.0,14443.0,27.0,1920.0,1080.0,1.7777777777777777,81.58915444749253,100.0,1000,250.0,IPS,4.0,2.0736,Large,FullHD,0,0,Acer,9.578034382397348,Non-Gaming
AOC X24P1,916.0,2199.0,34607.65,24.0,1920.0,1200.0,1.6,94.33981132056604,60.0,1000,300.0,IPS,4.0,2.304,Medium,FullHD,0,0,AOC,10.451858929801023,Non-Gaming
Cooler Master GA2711,697.0,751.0,16087.28,27.0,2560.0,1440.0,1.7777777777777777,108.78553926332336,100.0,1300,250.0,IPS,4.0,3.6864,Large,QHD,0,0,Cooler Master,9.685846335577514,Non-Gaming
Acer Nitro XV322QKKVbmiiphuzx,3299.0,3299.0,73303.78,31.5,3840.0,2160.0,1.7777777777777777,139.8671219099872,144.0,1000,400.0,IPS,1.0,8.2944,Large,4K,1,1,Acer,11.202381097208322,Gaming
LG UltraGear 24GN60R,627.0,1042.0,18542.59,23.8,1920.0,1080.0,1.7777777777777777,92.55912479337388,144.0,1000,300.0,IPS,1.0,2.0736,Small,FullHD,1,0,LG,9.827879455757891,Gaming
Lenovo ThinkVision P24h-30,1100.0,1828.0,32530.08,23.8,2560.0,1440.0,1.7777777777777777,123.41216639116516,60.0,1000,300.0,IPS,4.0,3.6864,Small,QHD,0,0,Lenovo,10.389951219039249,Non-Gaming
Acer Nitro XZ340CUJ0bmiiphx,1067.0,1247.0,25708.539999999997,34.0,3440.0,1440.0,2.388888888888889,109.68340725465096,120.0,3000,250.0,VA,5.0,4.9536,XLarge,QHD,1,0,Acer,10.154617408229006,Gaming
Asus ZenScreen Go MB16AP,930.0,1757.0,29852.57,15.6,1920.0,1080.0,1.7777777777777777,141.21199808219862,60.0,800,220.0,IPS,5.0,2.0736,Small,FullHD,0,0,Asus,10.304059709659429,Non-Gaming
Asus VC239HE,685.0,685.0,15220.7,23.0,1920.0,1080.0,1.7777777777777777,95.77857261227383,60.0,1000,250.0,IPS,5.0,2.0736,Small,FullHD,0,0,Asus,9.630477320316215,Non-Gaming
AOC 24E3UM,468.0,620.0,12087.68,23.8,1920.0,1080.0,1.7777777777777777,92.55912479337388,75.0,3000,300.0,VA,4.0,2.0736,Small,FullHD,0,0,AOC,9.400024756506705,Non-Gaming
Viewsonic VX3219-PC-MHD,1050.0,1317.0,26297.37,32.0,1920.0,1080.0,1.7777777777777777,68.84084906507182,240.0,4000,300.0,VA,4.0,2.0736,XLarge,FullHD,1,0,Viewsonic,10.177262239058878,Gaming
Acer Vero B247YC3bmiruzxv,611.0,1062.0,18587.03,23.8,1920.0,1080.0,1.7777777777777777,92.55912479337388,100.0,1000,250.0,IPS,4.0,2.0736,Small,FullHD,0,0,Acer,9.830273104148047,Non-Gaming
BenQ Zowie XL2540K,1244.0,1568.0,31241.32,24.5,1920.0,1080.0,1.7777777777777777,89.91457837070605,240.0,1000,320.0,TN,4.1020408163265305,2.0736,Medium,FullHD,1,0,BenQ,10.34952886496061,Gaming
Philips 24E1N1300A,429.0,509.0,10421.18,23.8,1920.0,1080.0,1.7777777777777777,92.55912479337388,100.0,1300,250.0,IPS,4.0,2.0736,Small,FullHD,0,0,Philips,9.251691506477183,Non-Gaming
Lenovo P27h-20,1734.0,2741.0,49717.25,27.0,2560.0,1440.0,1.7777777777777777,108.78553926332336,60.0,1000,350.0,IPS,4.0,3.6864,Large,QHD,0,0,Lenovo,10.814127347901433,Non-Gaming
Philips 276C8,1396.0,1396.0,31019.12,27.0,2560.0,1440.0,1.7777777777777777,108.78553926332336,75.0,1000,350.0,IPS,4.0,3.6864,Large,QHD,0,0,Philips,10.342391305195001,Non-Gaming
AOC 24P3CW,817.0,1379.0,24397.56,23.8,1920.0,1080.0,1.7777777777777777,92.55912479337388,75.0,1000,300.0,IPS,4.0,2.0736,Small,FullHD,0,0,AOC,10.102279393146315,Non-Gaming
MSI MPG 275CQRXF,1349.0,1705.0,33929.939999999995,27.0,2560.0,1440.0,1.7777777777777777,108.78553926332336,240.0,4000,350.0,VA,4.442516268980477,3.6864,Large,QHD,1,0,MSI,10.432082561491194,Gaming
Iiyama ProLite XU2792UHSU-B1,1431.0,1971.0,37796.22,27.0,3840.0,2160.0,1.7777777777777777,163.1783088949851,60.0,1000,300.0,IPS,4.0,8.2944,Large,4K,0,0,Iiyama,10.53999083392957,Non-Gaming
Acer PM161QB1bmiuux,399.0,438.0,9299.07,15.6,1920.0,1080.0,1.7777777777777777,141.21199808219862,60.0,1000,250.0,IPS,4.0,2.0736,Small,FullHD,0,0,Acer,9.137777205994741,Non-Gaming
HP 324pv,473.0,866.0,14876.29,23.8,1920.0,1080.0,1.7777777777777777,92.55912479337388,100.0,3000,250.0,VA,5.0,2.0736,Small,FullHD,0,0,HP,9.607591168144642,Non-Gaming
Lenovo L27q-35,1004.0,1232.0,24841.96,27.0,2560.0,1440.0,1.7777777777777777,108.78553926332336,75.0,4000,350.0,VA,4.0,3.6864,Large,QHD,0,0,Lenovo,10.120329691589014,Non-Gaming
Acer SB322QAbi,732.0,934.0,18509.26,31.5,1920.0,1080.0,1.7777777777777777,69.9335609549936,75.0,1000,300.0,IPS,4.951367781155016,2.0736,Large,FullHD,0,0,Acer,9.826080451930265,Non-Gaming
MSI PRO MP271A,615.0,1095.0,18998.1,27.0,1920.0,1080.0,1.7777777777777777,81.58915444749253,100.0,1000,300.0,IPS,4.0,2.0736,Large,FullHD,0,0,MSI,9.852146888605606,Non-Gaming
ASRock Phantom Gaming PG27QRT1B,810.0,1016.0,20286.86,27.0,2560.0,1440.0,1.7777777777777777,108.78553926332336,180.0,5000,300.0,VA,4.442516268980477,3.6864,Large,QHD,1,0,ASRock,9.917777956582228,Gaming
BenQ GW2790E,484.0,484.0,10754.48,27.0,1920.0,1080.0,1.7777777777777777,81.58915444749253,100.0,1300,250.0,IPS,5.0,2.0736,Large,FullHD,0,0,BenQ,9.283170671110387,Non-Gaming
Asus TUF Gaming VG27AQL5A,1033.0,1171.0,24486.44,27.0,2560.0,1440.0,1.7777777777777777,108.78553926332336,210.0,1300,350.0,IPS,1.0,3.6864,Large,QHD,1,0,Asus,10.105915612020086,Gaming
Viewsonic VG2708A-MHD,595.0,895.0,16553.899999999998,27.0,1920.0,1080.0,1.7777777777777777,81.58915444749253,100.0,1300,250.0,IPS,5.0,2.0736,Large,FullHD,0,0,Viewsonic,9.714437409491946,Non-Gaming
LG 43UL3J-M,2091.0,3011.0,56683.219999999994,43.0,3840.0,2160.0,1.7777777777777777,102.460798608479,60.0,1300,300.0,IPS,8.0,8.2944,XLarge,4K,0,0,LG,10.94525114410299,Non-Gaming
Samsung Odyssey G91F 49,3282.0,5385.0,96290.37,49.0,5120.0,1440.0,3.5555555555555554,108.54380498674064,144.0,2500,350.0,VA,1.0,7.3728,XLarge,QHD,1,0,Samsung,11.475133977986474,Gaming
ASRock Phantom Gaming PG27QFT2A,850.0,1442.0,25464.12,27.0,2560.0,1440.0,1.7777777777777777,108.78553926332336,180.0,1000,400.0,IPS,5.0,3.6864,Large,QHD,1,0,ASRock,10.145064951657886,Gaming
Philips Evnia 32M2C3500L,849.0,1213.0,22908.82,31.5,2560.0,1440.0,1.7777777777777777,93.24474793999148,180.0,3500,300.0,VA,1.0,3.6864,Large,QHD,1,0,Philips,10.039320918585599,Gaming
Acer Vero V247YEbmipxv,440.0,682.0,12465.42,23.8,1920.0,1080.0,1.7777777777777777,92.55912479337388,100.0,1000,250.0,IPS,4.0,2.0736,Small,FullHD,0,0,Acer,9.43079390844251,Non-Gaming
MSI MAG 321CUP,2099.0,2233.0,48128.52,31.5,3840.0,2160.0,1.7777777777777777,139.8671219099872,160.0,3000,350.0,VA,4.442516268980477,8.2944,Large,4K,1,1,MSI,10.781650989257605,Gaming
Acer Nitro VG273bii,521.0,648.0,12987.59,27.0,1920.0,1080.0,1.7777777777777777,81.58915444749253,75.0,1000,400.0,IPS,4.951367781155016,2.0736,Large,FullHD,0,0,Acer,9.471826558738565,Non-Gaming
Viewsonic VA2732-H,359.0,863.0,13576.42,27.0,1920.0,1080.0,1.7777777777777777,81.58915444749253,75.0,1000,250.0,IPS,4.0,2.0736,Large,FullHD,0,0,Viewsonic,9.51616339779074,Non-Gaming
AOC 24G4X,435.0,706.0,12676.51,23.8,1920.0,1080.0,1.7777777777777777,92.55912479337388,180.0,1000,300.0,IPS,1.0,2.0736,Small,FullHD,1,0,AOC,9.447584836467916,Gaming
Philips 243B9H,1139.0,1499.0,29308.18,23.8,1920.0,1080.0,1.7777777777777777,92.55912479337388,75.0,1000,250.0,IPS,4.0,2.0736,Small,FullHD,0,0,Philips,10.285656056513853,Non-Gaming
Iiyama ProLite TW2424AS-W1,2150.0,2302.0,49461.719999999994,23.8,1920.0,1080.0,1.7777777777777777,92.55912479337388,60.0,1000,250.0,IPS,14.0,2.0736,Small,FullHD,0,0,Iiyama,10.80897453349779,Non-Gaming
Dell UltraSharp UP2720Q,3644.0,4015.0,85091.48999999999,27.0,3840.0,2160.0,1.7777777777777777,163.1783088949851,60.0,1300,250.0,IPS,6.0,8.2944,Large,4K,0,0,Dell,11.3514940615486,Non-Gaming
UPERFECT UXbox E4,749.0,984.0,19253.629999999997,18.5,1920.0,1080.0,1.7777777777777777,119.0760632476918,120.0,1000,300.0,IPS,16.0,2.0736,Small,FullHD,1,0,UPERFECT,9.865506830276276,Gaming
Iiyama ProLite TF1634MC-B8X,2242.0,2863.0,56716.55,15.6,1920.0,1080.0,1.7777777777777777,141.21199808219862,60.0,700,450.0,IPS,25.0,2.0736,Small,FullHD,0,0,Iiyama,10.945838965632756,Non-Gaming
Philips Evnia 34M2C8600,2882.0,4287.0,79647.59,34.0,3440.0,1440.0,2.388888888888889,109.68340725465096,175.0,1000000,250.0,OLED,1.0,4.9536,XLarge,QHD,1,0,Philips,11.285379612733294,Gaming
Samsung QB43B,2515.0,2999.0,61260.53999999999,43.0,3840.0,2160.0,1.7777777777777777,102.460798608479,60.0,4000,350.0,VA,4.442516268980477,8.2944,XLarge,4K,0,0,Samsung,11.022907518823649,Non-Gaming
Iiyama ProLite T2454MSC-B3AG,1407.0,1560.0,32963.369999999995,23.8,1920.0,1080.0,1.7777777777777777,92.55912479337388,75.0,1000,300.0,IPS,4.0,2.0736,Small,FullHD,0,0,Iiyama,10.403182560186256,Non-Gaming
LG UltraFine 32UN880P,2173.0,2599.0,53016.92,31.5,3840.0,2160.0,1.7777777777777777,139.8671219099872,60.0,1000,350.0,IPS,5.0,8.2944,Large,4K,0,0,LG,10.878385248594416,Non-Gaming
Asus TUF Gaming VG32VQM5B,1103.0,1219.0,25797.42,31.5,1920.0,1080.0,1.7777777777777777,69.9335609549936,250.0,3500,300.0,VA,4.442516268980477,2.0736,Large,FullHD,1,0,Asus,10.158068528724367,Gaming
LG 24QP750,2379.0,2379.0,52861.38,24.0,2560.0,1440.0,1.7777777777777777,122.3837316712388,70.0,1000,300.0,IPS,5.0,3.6864,Medium,QHD,0,0,LG,10.875447211737969,Non-Gaming
LG UltraGear 34G600A,1289.0,1970.0,36207.49,34.0,3440.0,1440.0,2.388888888888889,109.68340725465096,160.0,4000,300.0,VA,5.0,4.9536,XLarge,QHD,1,0,LG,10.497048900702652,Gaming
Acer Predator XB323UGXbmiiphzx,2677.0,2677.0,59482.939999999995,32.0,2560.0,1440.0,1.7777777777777777,91.7877987534291,270.0,1000,600.0,IPS,1.0,3.6864,XLarge,QHD,1,0,Acer,10.993461639133464,Gaming
Iiyama ProLite XUB2763QSU-B1,859.0,1084.0,21586.73,27.0,2560.0,1440.0,1.7777777777777777,108.78553926332336,100.0,1500,350.0,IPS,2.0,3.6864,Large,QHD,0,0,Iiyama,9.979880376712016,Non-Gaming
AOC C27G42E,474.0,699.0,13032.03,27.0,1920.0,1080.0,1.7777777777777777,81.58915444749253,180.0,3000,300.0,VA,1.0,2.0736,Large,FullHD,1,0,AOC,9.475242183377222,Gaming
Dahua LM24-E231,388.0,903.0,14343.009999999998,23.8,1920.0,1080.0,1.7777777777777777,92.55912479337388,165.0,1000,300.0,IPS,1.0,2.0736,Small,FullHD,1,0,Dahua,9.571087712440331,Gaming
AOC 27E2QAE,665.0,665.0,14776.3,27.0,1920.0,1080.0,1.7777777777777777,81.58915444749253,75.0,1000,250.0,IPS,4.0,2.0736,Large,FullHD,0,0,AOC,9.60084749851795,Non-Gaming
Viewsonic VX2428,730.0,1251.0,22008.91,23.8,1920.0,1080.0,1.7777777777777777,92.55912479337388,180.0,1000,250.0,IPS,3.0,2.0736,Small,FullHD,1,0,Viewsonic,9.999248085461716,Gaming
LG UltraWide 34WP65C,1318.0,1403.0,30230.31,34.0,3440.0,1440.0,2.388888888888889,109.68340725465096,160.0,3000,300.0,VA,5.0,4.9536,XLarge,QHD,1,0,LG,10.316633421270584,Gaming
AOC 27G2ZN3,599.0,912.0,16787.21,27.0,1920.0,1080.0,1.7777777777777777,81.58915444749253,280.0,4000,300.0,VA,1.0,2.0736,Large,FullHD,1,0,AOC,9.728432133310198,Gaming
Asus ROG Strix XG27AQV,1442.0,1661.0,34474.33,27.0,2560.0,1440.0,1.7777777777777777,108.78553926332336,170.0,1000,400.0,IPS,1.0,3.6864,Large,QHD,1,0,Asus,10.447999274769424,Gaming
Iiyama ProLite XU2793QSU-B7,729.0,967.0,18842.56,27.0,2560.0,1440.0,1.7777777777777777,108.78553926332336,100.0,1300,300.0,IPS,4.951367781155016,3.6864,Large,QHD,0,0,Iiyama,9.843926489940024,Non-Gaming
Viewsonic VA2432-MHD,319.0,548.0,9632.37,24.0,1920.0,1080.0,1.7777777777777777,91.7877987534291,75.0,1000,250.0,IPS,4.0,2.0736,Medium,FullHD,0,0,Viewsonic,9.172988391653544,Non-Gaming
Asus ZenScreen Duo OLED MQ149CD,2623.0,3437.0,67326.59999999999,14.0,1920.0,1200.0,1.6,161.72539083525606,60.0,100000,400.0,OLED,1.0,2.304,Small,FullHD,0,0,Asus,11.11732553557504,Non-Gaming
Dell Plus S2725DS,749.0,1291.0,22664.4,27.0,2560.0,1440.0,1.7777777777777777,108.78553926332336,100.0,1500,300.0,IPS,8.0,3.6864,Large,QHD,0,0,Dell,10.028594811575717,Non-Gaming
Acer Vero V227QE3biv,476.0,476.0,10576.72,21.5,1920.0,1080.0,1.7777777777777777,102.460798608479,100.0,1000,250.0,IPS,4.0,2.0736,Small,FullHD,0,0,Acer,9.266505181243446,Non-Gaming
Iiyama ProLite XU2493HS-B6,359.0,640.0,11098.89,23.8,1920.0,1080.0,1.7777777777777777,92.55912479337388,100.0,1300,250.0,IPS,4.951367781155016,2.0736,Small,FullHD,0,0,Iiyama,9.314690477341411,Non-Gaming
Lenovo ThinkVision S24i-30,338.0,809.0,12743.17,23.8,1920.0,1080.0,1.7777777777777777,92.55912479337388,100.0,1300,250.0,IPS,6.0,2.0736,Small,FullHD,0,0,Lenovo,9.452829191111709,Non-Gaming
Philips 346B1C,1488.0,2052.0,39329.4,34.0,3440.0,1440.0,2.388888888888889,109.68340725465096,100.0,3000,300.0,VA,5.0,4.9536,XLarge,QHD,0,0,Philips,10.579753035727558,Non-Gaming
AOC Q27G42XNE,560.0,759.0,14654.09,27.0,2560.0,1440.0,1.7777777777777777,108.78553926332336,180.0,5000,300.0,VA,1.0,3.6864,Large,QHD,1,0,AOC,9.592542994374856,Gaming
LC-Power LC-M30UWFC,979.0,1060.0,22653.289999999997,29.5,2560.0,1080.0,2.3703703703703702,94.1860609454224,200.0,3000,250.0,VA,7.0,2.7648,Large,FullHD,1,0,LC-Power,10.028104516950021,Gaming
Iiyama G-Master GC2480HSU-B1,439.0,616.0,11721.05,23.6,1920.0,1080.0,1.7777777777777777,93.3435241560296,180.0,3000,300.0,VA,4.442516268980477,2.0736,Small,FullHD,1,0,Iiyama,9.369226962510982,Gaming
HP E24i G4,716.0,1795.0,27897.21,24.0,1920.0,1200.0,1.6,94.33981132056604,60.0,1000,250.0,IPS,5.0,2.304,Medium,FullHD,0,0,HP,10.23631780804517,Non-Gaming
MSI MAG 275CQRXF,1737.0,1737.0,38596.14,27.0,2560.0,1440.0,1.7777777777777777,108.78553926332336,240.0,2500,300.0,VA,1.0,3.6864,Large,QHD,1,0,MSI,10.560933459443632,Gaming
HP V24i,507.0,507.0,11265.54,24.0,1920.0,1080.0,1.7777777777777777,91.7877987534291,60.0,1000,250.0,IPS,5.0,2.0736,Medium,FullHD,0,0,HP,9.329592550136251,Non-Gaming
ASRock Phantom Gaming PGO27QFS,2245.0,2516.0,52894.71,27.0,2560.0,1440.0,1.7777777777777777,108.78553926332336,240.0,1500000,275.0,OLED,1.0,3.6864,Large,QHD,1,0,ASRock,10.876077518149582,Gaming
MSI PRO MP273QP,1089.0,1089.0,24197.58,27.0,2560.0,1440.0,1.7777777777777777,108.78553926332336,75.0,1000,342.715043074884,IPS,5.0,3.6864,Large,QHD,0,0,MSI,10.094049232737225,Non-Gaming
Asus ROG Strix OLED XG34WCDG,3106.0,3981.0,78736.56999999999,34.0,3440.0,1440.0,2.388888888888889,109.68340725465096,175.0,1500000,250.0,OLED,1.0,4.9536,XLarge,QHD,1,0,Asus,11.273875702959794,Gaming
LG 27UP650P,1041.0,1389.0,26997.3,27.0,3840.0,2160.0,1.7777777777777777,163.1783088949851,60.0,1200,400.0,IPS,5.0,8.2944,Large,4K,0,0,LG,10.203529180041253,Non-Gaming
Asus ZenScreen MB16QHG,1699.0,1967.0,40729.259999999995,16.0,2560.0,1600.0,1.6,188.67962264113208,120.0,1200,500.0,IPS,5.0,4.096,Small,QHD,1,0,Asus,10.614726584123188,Gaming
Samsung U32J590U,1119.0,1925.0,33818.84,32.0,3840.0,2160.0,1.7777777777777777,137.68169813014364,60.0,3000,270.0,VA,4.0,8.2944,XLarge,4K,0,0,Samsung,10.428802891512936,Non-Gaming
MSI MAG 274QF,689.0,1744.0,27030.629999999997,27.0,2560.0,1440.0,1.7777777777777777,108.78553926332336,180.0,1000,250.0,IPS,4.951367781155016,3.6864,Large,QHD,1,0,MSI,10.204762940818949,Gaming
LG UltraGear 27GS95QX,2347.0,3129.0,60838.35999999999,26.5,2560.0,1440.0,1.7777777777777777,110.83809660791438,240.0,1500000,200.0,OLED,1.0,3.6864,Medium,QHD,1,0,LG,11.015992226922766,Gaming
Dell UltraSharp U2723QE,2247.0,3621.0,65193.48,27.0,3840.0,2160.0,1.7777777777777777,163.1783088949851,60.0,2000,400.0,IPS,5.0,8.2944,Large,4K,0,0,Dell,11.085130081753979,Non-Gaming
Asus ProArt PA278CFRV,1436.0,2091.0,39184.97,27.0,2560.0,1440.0,1.7777777777777777,108.78553926332336,100.0,1000,350.0,IPS,5.0,3.6864,Large,QHD,0,0,Asus,10.576074053550876,Non-Gaming
LG 24U631A,499.0,755.0,13931.94,23.8,2560.0,1440.0,1.7777777777777777,123.41216639116516,100.0,1000,250.0,IPS,5.0,3.6864,Small,QHD,0,0,LG,9.542011099781202,Non-Gaming
AOC 27B3HM,436.0,713.0,12765.39,27.0,1920.0,1080.0,1.7777777777777777,81.58915444749253,75.0,1000,369.7073170731707,VA,5.0,2.0736,Large,FullHD,0,0,AOC,9.454571215247531,Non-Gaming
Acer Vero B248YEwemiqpruzx,890.0,890.0,19775.8,23.8,1920.0,1080.0,1.7777777777777777,92.55912479337388,100.0,1000,300.0,IPS,4.0,2.0736,Small,FullHD,0,0,Acer,9.892264812513647,Non-Gaming
Asus VZ27EHE,2769.0,2769.0,61527.18,27.0,1920.0,1080.0,1.7777777777777777,81.58915444749253,75.0,1000,250.0,IPS,4.0,2.0736,Large,FullHD,0,0,Asus,11.027250560229945,Non-Gaming
Dell UltraSharp U3223QE,3044.0,4299.0,81580.73,31.5,3840.0,2160.0,1.7777777777777777,139.8671219099872,60.0,2000,400.0,IPS,5.0,8.2944,Large,4K,0,0,Dell,11.309360618824686,Non-Gaming
AOC Q27V5N,705.0,1010.0,19053.65,27.0,2560.0,1440.0,1.7777777777777777,108.78553926332336,75.0,4000,300.0,VA,4.0,3.6864,Large,QHD,0,0,AOC,9.855066445256824,Non-Gaming
HP OMEN 27,500.0,964.0,16265.04,27.0,1920.0,1080.0,1.7777777777777777,81.58915444749253,165.0,1000,400.0,IPS,1.0,2.0736,Large,FullHD,1,0,HP,9.696834777840873,Gaming
Asus ROG Strix XG249CM,2045.0,2045.0,45439.899999999994,23.8,1920.0,1080.0,1.7777777777777777,92.55912479337388,270.0,1000,350.0,IPS,1.0,2.0736,Small,FullHD,1,0,Asus,10.724167859536918,Gaming
ASRock Phantom Gaming PG27QFT1B,792.0,1041.0,20364.629999999997,27.0,2560.0,1440.0,1.7777777777777777,108.78553926332336,180.0,1000,400.0,IPS,5.0,3.6864,Large,QHD,1,0,ASRock,9.921603955032454,Gaming
Acer Vero CB272UE3bmiiprx,878.0,881.0,19542.49,27.0,2560.0,1440.0,1.7777777777777777,108.78553926332336,100.0,1000,350.0,IPS,4.951367781155016,3.6864,Large,QHD,0,0,Acer,9.88039751763189,Non-Gaming
Gigabyte G32QC A,939.0,939.0,20864.58,31.5,2560.0,1440.0,1.7777777777777777,93.24474793999148,165.0,3000,350.0,VA,4.442516268980477,3.6864,Large,QHD,1,0,Gigabyte,9.945856190386726,Gaming
Dell Alienware AW3225QF,3699.0,4944.0,96023.73,31.6,3840.0,2160.0,1.7777777777777777,139.4245044355885,240.0,1000000,1000.0,OLED,1.0,8.2944,Large,4K,1,1,Dell,11.472361041442383,Gaming
Viewsonic VX3218C-2K,899.0,1016.0,21275.65,31.5,2560.0,1440.0,1.7777777777777777,93.24474793999148,165.0,3500,250.0,VA,4.442516268980477,3.6864,Large,QHD,1,0,Viewsonic,9.965365506250965,Gaming
Dell UltraSharp U3425WE,3369.0,4200.0,84091.59,34.0,3440.0,1440.0,2.388888888888889,109.68340725465096,120.0,2000,300.0,IPS,8.0,4.9536,XLarge,QHD,1,0,Dell,11.3396737326856,Gaming
LG 27BQ65UB,1426.0,1755.0,35340.909999999996,27.0,3840.0,2160.0,1.7777777777777777,163.1783088949851,60.0,1200,300.0,IPS,5.0,8.2944,Large,4K,0,0,LG,10.47282479081957,Non-Gaming
Asus VA27EQSB,702.0,870.0,17464.92,27.0,1920.0,1080.0,1.7777777777777777,81.58915444749253,75.0,1000,300.0,IPS,5.0,2.0736,Large,FullHD,0,0,Asus,9.768006832635695,Non-Gaming
Hannspree HS279PSB,1093.0,1093.0,24286.46,27.0,1920.0,1080.0,1.7777777777777777,81.58915444749253,60.0,1000,250.0,VA,5.0,2.0736,Large,FullHD,0,0,Hannspree,10.097715446746614,Non-Gaming
Iiyama ProLite XUB2792HSN-B5,718.0,926.0,18264.84,27.0,1920.0,1080.0,1.7777777777777777,81.58915444749253,75.0,1000,250.0,IPS,4.0,2.0736,Large,FullHD,0,0,Iiyama,9.812787927769484,Non-Gaming
Asus ProArt PA16USV,3783.0,4376.0,90646.49,15.6,3840.0,2160.0,1.7777777777777777,282.42399616439724,60.0,1200,400.0,IPS,5.0,8.2944,Small,4K,0,0,Asus,11.414733526886248,Non-Gaming
HP E24mv G4,941.0,1353.0,25486.34,23.8,1920.0,1080.0,1.7777777777777777,92.55912479337388,60.0,1000,250.0,IPS,5.0,2.0736,Small,FullHD,0,0,HP,10.145937137275954,Non-Gaming
Asus VY279HGE,599.0,978.0,17520.469999999998,27.0,1920.0,1080.0,1.7777777777777777,81.58915444749253,144.0,1000,250.0,IPS,4.951367781155016,2.0736,Large,FullHD,1,0,Asus,9.771182265080219,Gaming
Philips Evnia 49M2C8900,4106.0,4908.0,100145.54,48.9,5120.0,1440.0,3.5555555555555554,108.76577595808368,240.0,1500000,294.84496124031006,OLED,1.0,7.3728,XLarge,QHD,1,0,Philips,11.51438979231943,Gaming
Lenovo T24m-29,791.0,1753.0,28263.84,23.8,1920.0,1080.0,1.7777777777777777,92.55912479337388,60.0,1000,250.0,IPS,4.0,2.0736,Small,FullHD,0,0,Lenovo,10.249373908382243,Non-Gaming
Acer Vero B278Ubemiqprcuzx,1252.0,1679.0,32563.41,27.0,2560.0,1440.0,1.7777777777777777,108.78553926332336,75.0,1000,350.0,IPS,4.0,3.6864,Large,QHD,0,0,Acer,10.390975253205443,Non-Gaming
KOORUI 25E3A,619.0,1091.0,18998.1,24.5,1920.0,1080.0,1.7777777777777777,89.91457837070605,170.0,3000,250.0,VA,4.442516268980477,2.0736,Medium,FullHD,1,0,KOORUI,9.852146888605606,Gaming
Philips 27B2U4601,1147.0,1662.0,31207.99,27.0,2560.0,1440.0,1.7777777777777777,108.78553926332336,120.0,1500,350.0,IPS,4.0,3.6864,Large,QHD,1,0,Philips,10.348461473318562,Gaming
Iiyama ProLite TF1515MC-B2,1767.0,2108.0,43051.25,15.0,1024.0,768.0,1.3333333333333333,85.33333333333333,60.0,800,350.0,TN,8.0,0.786432,Small,HD,0,0,Iiyama,10.670169773298483,Non-Gaming
MSI Modern MD272P,850.0,1402.0,25019.72,27.0,1920.0,1080.0,1.7777777777777777,81.58915444749253,75.0,1000,250.0,IPS,5.0,2.0736,Large,FullHD,0,0,MSI,10.12745956058527,Non-Gaming
LG 43UH5N-E,4059.0,4059.0,90190.98,43.0,3840.0,2160.0,1.7777777777777777,102.460798608479,60.0,1000,500.0,IPS,10.0,8.2944,XLarge,4K,0,0,LG,11.409695788572174,Non-Gaming
Asus BE24EQSB,530.0,1263.0,19920.23,24.0,1920.0,1080.0,1.7777777777777777,91.7877987534291,60.0,1000,300.0,IPS,5.0,2.0736,Medium,FullHD,0,0,Asus,9.899541276220274,Non-Gaming
LG 24BA850,981.0,1251.0,24797.52,23.8,1920.0,1080.0,1.7777777777777777,92.55912479337388,100.0,1300,250.0,IPS,5.0,2.0736,Small,FullHD,0,0,LG,10.118539252952951,Non-Gaming
KOORUI 27N1,625.0,625.0,13887.5,27.0,1920.0,1080.0,1.7777777777777777,81.58915444749253,75.0,1000,250.0,IPS,5.0,2.0736,Large,FullHD,0,0,KOORUI,9.53881643855621,Non-Gaming
Iiyama ProLite T1531SR-B1S,1576.0,1987.0,39584.93,15.0,1024.0,768.0,1.3333333333333333,85.33333333333333,126.92706645056728,2500,280.0,VA,4.442516268980477,0.786432,Small,HD,1,0,Iiyama,10.586229031077192,Gaming
Asus ROG Strix XG27AQ,1586.0,1605.0,35452.009999999995,27.0,2560.0,1440.0,1.7777777777777777,108.78553926332336,170.0,1000,400.0,IPS,1.0,3.6864,Large,QHD,1,0,Asus,10.475963436677345,Gaming
MSI MAG 325CQRF-QD,1158.0,2144.0,36685.22,31.5,2560.0,1440.0,1.7777777777777777,93.24474793999148,170.0,3500,300.0,Other,1.0,3.6864,Large,QHD,1,0,MSI,10.510156486694346,Gaming
Eizo FlexScan EV2720S,2182.0,2793.0,55272.25,27.0,2560.0,1440.0,1.7777777777777777,108.78553926332336,60.0,1500,350.0,IPS,5.0,3.6864,Large,QHD,0,0,Eizo,10.920044345342056,Non-Gaming
MSI MAG 274CQF,689.0,1110.0,19986.89,27.0,2560.0,1440.0,1.7777777777777777,108.78553926332336,180.0,5000,300.0,VA,4.442516268980477,3.6864,Large,QHD,1,0,MSI,9.902881869146972,Gaming
Viewsonic XG275D1-4K,1699.0,2724.0,49139.53,26.9,3840.0,2160.0,1.7777777777777777,163.78491970872108,160.0,1000,300.0,IPS,4.951367781155016,8.2944,Medium,4K,1,1,Viewsonic,10.802439431527793,Gaming
Asus VA27EHE,980.0,1004.0,22042.24,27.0,1920.0,1080.0,1.7777777777777777,81.58915444749253,75.0,1000,250.0,IPS,5.0,2.0736,Large,FullHD,0,0,Asus,10.000761257907255,Non-Gaming
Viewsonic VX1654,829.0,1001.0,20331.3,15.6,1920.0,1080.0,1.7777777777777777,141.21199808219862,144.0,800,250.0,IPS,4.951367781155016,2.0736,Small,FullHD,1,0,Viewsonic,9.919966033523844,Gaming
Asus TUF Gaming VG27AQA1A,779.0,1374.0,23919.83,27.0,2560.0,1440.0,1.7777777777777777,108.78553926332336,170.0,3000,300.0,VA,4.442516268980477,3.6864,Large,QHD,1,0,Asus,10.082504906459228,Gaming
MSI PRO MP341CQW,1039.0,1799.0,31530.179999999997,34.0,3440.0,1440.0,2.388888888888889,109.68340725465096,100.0,3000,369.7073170731707,VA,4.0,4.9536,XLarge,QHD,0,0,MSI,10.358732176513733,Non-Gaming
Thermaltake TGM-I27FQ,1621.0,1727.0,37196.28,27.0,2560.0,1440.0,1.7777777777777777,108.78553926332336,165.0,1000,400.0,IPS,1.0,3.6864,Large,QHD,1,0,Thermaltake,10.523990919308396,Gaming
Lenovo D27-40,517.0,534.0,11676.61,27.0,1920.0,1080.0,1.7777777777777777,81.58915444749253,75.0,3000,250.0,VA,4.0,2.0736,Large,FullHD,0,0,Lenovo,9.365428612156345,Non-Gaming
Lenovo T24v-30,756.0,983.0,19320.289999999997,23.8,1920.0,1080.0,1.7777777777777777,92.55912479337388,75.0,1000,250.0,IPS,4.0,2.0736,Small,FullHD,0,0,Lenovo,9.868962875723815,Non-Gaming
Acer Nitro VG271UM3bmiipx,912.0,1042.0,21708.94,27.0,2560.0,1440.0,1.7777777777777777,108.78553926332336,180.0,1000,250.0,IPS,1.0,3.6864,Large,QHD,1,0,Acer,9.985525499165156,Gaming
HP P32u G5,1720.0,1884.0,40040.439999999995,31.5,2560.0,1440.0,1.7777777777777777,93.24474793999148,75.0,1000,350.0,IPS,5.0,3.6864,Large,QHD,0,0,HP,10.59767019681843,Non-Gaming
Dell SE2222H,399.0,532.0,10343.41,22.0,1920.0,1080.0,1.7777777777777777,100.13214409464992,60.0,3000,250.0,VA,8.0,2.0736,Small,FullHD,0,0,Dell,9.244201556170442,Non-Gaming
Viewsonic VA3209-MH,630.0,994.0,18042.64,31.5,1920.0,1080.0,1.7777777777777777,69.9335609549936,75.0,1200,250.0,IPS,4.0,2.0736,Large,FullHD,0,0,Viewsonic,9.800548547098932,Non-Gaming
Eizo FlexScan EV2490,1499.0,2586.0,45384.35,23.8,1920.0,1080.0,1.7777777777777777,92.55912479337388,60.0,1000,250.0,IPS,5.0,2.0736,Small,FullHD,0,0,Eizo,10.722944644730044,Non-Gaming
Gigabyte MO27U2,3449.0,4579.0,89191.08,27.0,3840.0,2160.0,1.7777777777777777,163.1783088949851,240.0,1500000,250.0,OLED,1.0,8.2944,Large,4K,1,1,Gigabyte,11.398547525388436,Gaming
BenQ GW2283,426.0,490.0,10176.76,22.0,1920.0,1080.0,1.7777777777777777,100.13214409464992,60.0,1000,250.0,IPS,5.0,2.0736,Small,FullHD,0,0,BenQ,9.227960226599587,Non-Gaming
Philips 34B2U3600C,1447.0,1668.0,34607.65,34.0,3440.0,1440.0,2.388888888888889,109.68340725465096,120.0,3500,300.0,VA,4.0,4.9536,XLarge,QHD,1,0,Philips,10.451858929801023,Gaming
Samsung C27R504FHP,910.0,910.0,20220.2,27.0,1920.0,1080.0,1.7777777777777777,81.58915444749253,60.0,3000,250.0,VA,4.0,2.0736,Large,FullHD,0,0,Samsung,9.914486837994497,Non-Gaming
Viewsonic VG2208A,578.0,603.0,13120.91,21.5,1920.0,1080.0,1.7777777777777777,102.460798608479,100.0,1000,250.0,IPS,5.0,2.0736,Small,FullHD,0,0,Viewsonic,9.48203863117074,Non-Gaming
Acer Nitro XV252QFbmiiprx,1478.0,1714.0,35463.119999999995,25.0,1920.0,1080.0,1.7777777777777777,88.11628680329193,360.0,1000,400.0,IPS,1.0,2.0736,Medium,FullHD,1,0,Acer,10.476276760132226,Gaming
Samsung ViewFinity S61F 27,888.0,1007.0,21053.45,27.0,2560.0,1440.0,1.7777777777777777,108.78553926332336,100.0,1000,300.0,IPS,5.0,3.6864,Large,QHD,0,0,Samsung,9.954867218193574,Non-Gaming
Philips 222B1TFL,1990.0,1990.0,44217.8,22.0,1920.0,1080.0,1.7777777777777777,100.13214409464992,75.0,1000,400.0,IPS,4.0,2.0736,Small,FullHD,0,0,Philips,10.696905317001159,Non-Gaming
Samsung S24A600NA,1030.0,1030.0,22886.6,24.0,2560.0,1440.0,1.7777777777777777,122.3837316712388,75.0,1000,300.0,IPS,5.0,3.6864,Medium,QHD,0,0,Samsung,10.03835055817038,Non-Gaming
MSI Optix G32CQ4,1017.0,1017.0,22597.74,32.0,2560.0,1440.0,1.7777777777777777,91.7877987534291,165.0,3000,250.0,VA,4.0,3.6864,XLarge,QHD,1,0,MSI,10.025649431493775,Gaming
LG UltraWide 35WN75C,4189.0,4189.0,93079.58,35.0,3440.0,1440.0,2.388888888888889,106.5495956188038,100.0,2500,300.0,VA,5.0,4.9536,XLarge,QHD,0,0,LG,11.441220848595783,Non-Gaming
Dell P2418HZ,1292.0,1292.0,28708.24,24.0,1920.0,1080.0,1.7777777777777777,91.7877987534291,60.0,1000,250.0,IPS,6.0,2.0736,Medium,FullHD,0,0,Dell,10.264974301152051,Non-Gaming
Thermaltake TGM-V32CQ,1464.0,1478.0,32685.62,31.5,2560.0,1440.0,1.7777777777777777,93.24474793999148,170.0,3000,400.0,VA,4.0,3.6864,Large,QHD,1,0,Thermaltake,10.394721098838767,Gaming
Gigabyte G25F2,469.0,614.0,12032.13,24.5,1920.0,1080.0,1.7777777777777777,89.91457837070605,200.0,1000,300.0,IPS,1.0,2.0736,Medium,FullHD,1,0,Gigabyte,9.395418958003173,Gaming
AOC AGON PRO AG276UZD,3373.0,3835.0,80080.87999999999,26.5,3840.0,2160.0,1.7777777777777777,166.25714491187156,240.0,1500000,250.0,OLED,1.0,8.2944,Medium,4K,1,1,AOC,11.290804890237009,Gaming
AOC C27G4ZXU,649.0,1061.0,18998.1,27.0,1920.0,1080.0,1.7777777777777777,81.58915444749253,280.0,4000,300.0,VA,1.0,2.0736,Large,FullHD,1,0,AOC,9.852146888605606,Gaming
Samsung Essential Monitor S40GD 24,429.0,677.0,12287.66,23.8,1920.0,1080.0,1.7777777777777777,92.55912479337388,100.0,1000,250.0,IPS,5.0,2.0736,Small,FullHD,0,0,Samsung,9.416432164882572,Non-Gaming
Philips 242E1GAJ,591.0,1376.0,21853.37,24.0,1920.0,1080.0,1.7777777777777777,91.7877987534291,144.0,3500,350.0,VA,4.0,2.0736,Medium,FullHD,1,0,Philips,9.992156180526402,Gaming
Philips 272S1AE,548.0,767.0,14609.65,27.0,1920.0,1080.0,1.7777777777777777,81.58915444749253,75.0,1000,250.0,IPS,4.0,2.0736,Large,FullHD,0,0,Philips,9.589505993830382,Non-Gaming
Asus ProArt PA248CRV,1203.0,1335.0,28197.18,24.1,1920.0,1200.0,1.6,93.94835982131056,75.0,1000,350.0,IPS,5.0,2.304,Medium,FullHD,0,0,Asus,10.247012715836382,Non-Gaming
BenQ Mobiuz EX240N,399.0,888.0,14298.57,23.8,1920.0,1080.0,1.7777777777777777,92.55912479337388,165.0,3000,250.0,VA,4.0,2.0736,Small,FullHD,1,0,BenQ,9.56798474586582,Gaming
MSI MAG 275CQRF QD E2,945.0,1199.0,23819.84,27.0,2560.0,1440.0,1.7777777777777777,108.78553926332336,180.0,5000,300.0,VA,4.442516268980477,3.6864,Large,QHD,1,0,MSI,10.07831610677114,Gaming
Samsung Odyssey G5 27,2289.0,2289.0,50861.579999999994,27.0,2560.0,1440.0,1.7777777777777777,108.78553926332336,144.0,2500,250.0,VA,4.0,3.6864,Large,QHD,1,0,Samsung,10.836882765176735,Gaming
Iiyama G-Master GB3271QSU-B1,1099.0,1838.0,32630.07,32.0,2560.0,1440.0,1.7777777777777777,91.7877987534291,165.0,1200,400.0,IPS,4.0,3.6864,XLarge,QHD,1,0,Iiyama,10.39302018095901,Gaming
Acer SA272Ewmix,544.0,597.0,12676.51,27.0,1920.0,1080.0,1.7777777777777777,81.58915444749253,100.0,3000,250.0,IPS,4.951367781155016,2.0736,Large,FullHD,0,0,Acer,9.447584836467916,Non-Gaming
Asus ProArt PA278CV,1219.0,1726.0,32718.949999999997,27.0,2560.0,1440.0,1.7777777777777777,108.78553926332336,75.0,1000,350.0,IPS,5.0,3.6864,Large,QHD,0,0,Asus,10.395740262598157,Non-Gaming
Lenovo ThinkVision T27i-30,865.0,1224.0,23208.789999999997,27.0,1920.0,1080.0,1.7777777777777777,81.58915444749253,60.0,1000,300.0,IPS,4.0,2.0736,Large,FullHD,0,0,Lenovo,10.052329451403336,Non-Gaming
Dell E2220H,462.0,766.0,13643.08,22.0,1920.0,1080.0,1.7777777777777777,100.13214409464992,60.0,1000,250.0,TN,5.0,2.0736,Small,FullHD,0,0,Dell,9.52106100690452,Non-Gaming
Acer CB342CUsemiphuzx,1855.0,1855.0,41218.1,34.0,3440.0,1440.0,2.388888888888889,109.68340725465096,75.0,1000,400.0,IPS,4.951367781155016,4.9536,XLarge,QHD,0,0,Acer,10.626657020144949,Non-Gaming
LG 32SM5J,2087.0,3520.0,62293.77,32.0,1920.0,1080.0,1.7777777777777777,68.84084906507182,60.0,1100,400.0,IPS,10.0,2.0736,XLarge,FullHD,0,0,LG,11.039632752616026,Non-Gaming
Acer Predator XB323QKV3bmiiphx,2101.0,2329.0,49217.3,31.5,3840.0,2160.0,1.7777777777777777,139.8671219099872,160.0,1000,400.0,IPS,4.951367781155016,8.2944,Large,4K,1,1,Acer,10.804020784543205,Gaming
Lenovo T27hv-20,1520.0,2197.0,41295.869999999995,27.0,2560.0,1440.0,1.7777777777777777,108.78553926332336,60.0,1000,350.0,IPS,4.0,3.6864,Large,QHD,0,0,Lenovo,10.628541989152211,Non-Gaming
Dell P2417H,2420.0,2420.0,53772.399999999994,24.0,1920.0,1080.0,1.7777777777777777,91.7877987534291,60.0,1000,250.0,IPS,6.0,2.0736,Medium,FullHD,0,0,Dell,10.892534200090308,Non-Gaming
Terra 2465W PV,866.0,866.0,19242.52,23.8,1920.0,1080.0,1.7777777777777777,92.55912479337388,100.0,1000,250.0,IPS,5.0,2.0736,Small,FullHD,0,0,Terra,9.86492965966894,Non-Gaming
LG UltraWide 34BQ77QB,2224.0,2448.0,51905.92,34.0,3440.0,1440.0,2.388888888888889,109.68340725465096,60.0,1000,300.0,IPS,5.0,4.9536,XLarge,QHD,0,0,LG,10.857207393599214,Non-Gaming
AOC CU34P2A,1225.0,1579.0,31152.44,34.0,3440.0,1440.0,2.388888888888889,109.68340725465096,100.0,3000,300.0,VA,4.0,4.9536,XLarge,QHD,0,0,AOC,10.34667995150512,Non-Gaming
Iiyama ProLite XUB2495WSU-B3,878.0,878.0,19509.16,24.1,1920.0,1200.0,1.6,93.94835982131056,60.0,1000,300.0,IPS,5.0,2.304,Medium,FullHD,0,0,Iiyama,9.878690634506134,Non-Gaming
Philips 241E1SCA,412.0,578.0,10998.9,24.0,1920.0,1080.0,1.7777777777777777,91.7877987534291,75.0,3000,250.0,VA,4.0,2.0736,Medium,FullHD,0,0,Philips,9.305641460830094,Non-Gaming
Samsung Odyssey G70A 28,2508.0,2508.0,55727.759999999995,28.0,3840.0,2160.0,1.7777777777777777,157.3505121487356,144.0,1000,300.0,IPS,1.0,8.2944,Large,4K,1,1,Samsung,10.928251630181467,Gaming
Samsung S32A600NAU,3578.0,3578.0,79503.15999999999,32.0,2560.0,1440.0,1.7777777777777777,91.7877987534291,75.0,3000,300.0,VA,5.0,3.6864,XLarge,QHD,0,0,Samsung,11.283564626317435,Non-Gaming
Asus ROG Strix XG27WCS,949.0,1268.0,24630.87,27.0,2560.0,1440.0,1.7777777777777777,108.78553926332336,180.0,3000,400.0,VA,1.0,3.6864,Large,QHD,1,0,Asus,10.111796411902848,Gaming
Gigabyte G34WQCP,1179.0,1579.0,30641.379999999997,34.0,3440.0,1440.0,2.388888888888889,109.68340725465096,180.0,4000,350.0,VA,4.442516268980477,4.9536,XLarge,QHD,1,0,Gigabyte,10.330139297078093,Gaming
Asus VU249HFI-W,649.0,759.0,15642.88,23.8,1920.0,1080.0,1.7777777777777777,92.55912479337388,100.0,1300,250.0,IPS,4.951367781155016,2.0736,Small,FullHD,0,0,Asus,9.657835065173522,Non-Gaming
Iiyama ProLite TF2415MC-B2,2295.0,3603.0,65526.78,24.0,1920.0,1080.0,1.7777777777777777,91.7877987534291,60.0,3000,350.0,VA,16.0,2.0736,Medium,FullHD,0,0,Iiyama,11.090229453846376,Non-Gaming
MSI MPG 341CQPX QD-OLED,4469.0,4599.0,100745.48,34.0,3440.0,1440.0,2.388888888888889,109.68340725465096,240.0,1500000,250.0,OLED,1.0,4.9536,XLarge,QHD,1,0,MSI,11.520362541233323,Gaming
MSI MAG 32C6,1128.0,1128.0,25064.16,31.5,1920.0,1080.0,1.7777777777777777,69.9335609549936,180.0,3000,250.0,VA,4.442516268980477,2.0736,Large,FullHD,1,0,MSI,10.129234113080381,Gaming
Asus TUF Gaming VG32AQA1A,1069.0,1586.0,29497.05,31.5,2560.0,1440.0,1.7777777777777777,93.24474793999148,170.0,3000,300.0,VA,4.442516268980477,3.6864,Large,QHD,1,0,Asus,10.292079438448182,Gaming
KTC H32S17F,758.0,794.0,17242.719999999998,31.5,1920.0,1080.0,1.7777777777777777,69.9335609549936,240.0,3500,350.0,VA,3.0,2.0736,Large,FullHD,1,0,KTC,9.7552032982033,Gaming
Asus VA27DQF,610.0,885.0,16609.45,27.0,1920.0,1080.0,1.7777777777777777,81.58915444749253,100.0,1300,250.0,IPS,5.0,2.0736,Large,FullHD,0,0,Asus,9.71778729435354,Non-Gaming
Asus TUF Gaming VG27AQML5A,1594.0,1777.0,37451.81,27.0,2560.0,1440.0,1.7777777777777777,108.78553926332336,300.0,1300,300.0,IPS,1.0,3.6864,Large,QHD,1,0,Asus,10.53083701950834,Gaming
HP V27i,749.0,749.0,16642.78,27.0,1920.0,1080.0,1.7777777777777777,81.58915444749253,60.0,1000,300.0,IPS,5.0,2.0736,Large,FullHD,0,0,HP,9.719791852039025,Non-Gaming
LG 27UL500P,1261.0,1261.0,28019.42,27.0,3840.0,2160.0,1.7777777777777777,163.1783088949851,60.0,1000,300.0,IPS,5.0,8.2944,Large,4K,0,0,LG,10.240688809072022,Non-Gaming
Dell Alienware AW2725D,2032.0,2350.0,48684.02,26.7,2560.0,1440.0,1.7777777777777777,110.00784869324836,280.0,1500000,250.0,OLED,1.0,3.6864,Medium,QHD,1,0,Dell,10.79312666421692,Gaming
Dell UltraSharp U2421E,1000.0,1539.0,28208.289999999997,24.0,1920.0,1200.0,1.6,94.33981132056604,60.0,1000,350.0,IPS,5.0,2.304,Medium,FullHD,0,0,Dell,10.247406635299306,Non-Gaming
Samsung ViewFinity S70D 37,1698.0,2381.0,45317.689999999995,37.0,3840.0,2160.0,1.7777777777777777,119.0760632476918,60.0,3000,350.0,VA,5.0,8.2944,XLarge,4K,0,0,Samsung,10.721474809163709,Non-Gaming
MSI PRO MP275QPG,699.0,778.0,16409.469999999998,27.0,2560.0,1440.0,1.7777777777777777,108.78553926332336,100.0,1300,300.0,IPS,4.0,3.6864,Large,QHD,0,0,MSI,9.705674824746506,Non-Gaming
Philips 273V7QJAB,419.0,570.0,10987.79,27.0,1920.0,1080.0,1.7777777777777777,81.58915444749253,60.0,1000,250.0,IPS,5.0,2.0736,Large,FullHD,0,0,Philips,9.304630941245215,Non-Gaming
Viewsonic VX2428J,578.0,1171.0,19431.39,23.8,1920.0,1080.0,1.7777777777777777,92.55912479337388,165.0,1000,250.0,IPS,1.0,2.0736,Small,FullHD,1,0,Viewsonic,9.874696540468259,Gaming
Iiyama ProLite XUB3293UHSN-B5,1530.0,2564.0,45484.34,31.5,3840.0,2160.0,1.7777777777777777,139.8671219099872,60.0,1000,350.0,IPS,4.0,8.2944,Large,4K,0,0,Iiyama,10.725145355219981,Non-Gaming
Lenovo L15,593.0,879.0,16353.919999999998,15.6,1920.0,1080.0,1.7777777777777777,141.21199808219862,60.0,1000,250.0,IPS,6.0,2.0736,Small,FullHD,0,0,Lenovo,9.702284048490023,Non-Gaming
Arzopa Z1FC,519.0,712.0,13676.41,16.1,1920.0,1080.0,1.7777777777777777,136.82653230324834,144.0,1200,300.0,IPS,13.0,2.0736,Small,FullHD,1,0,Arzopa,9.523500845766451,Gaming
MSI MAG 275CQF E18,949.0,1001.0,21664.5,27.0,2560.0,1440.0,1.7777777777777777,108.78553926332336,180.0,5000,250.0,VA,4.442516268980477,3.6864,Large,QHD,1,0,MSI,9.983476412606063,Gaming
HP 724pf,881.0,1458.0,25986.289999999997,23.8,1920.0,1080.0,1.7777777777777777,92.55912479337388,100.0,1500,300.0,IPS,5.0,2.0736,Small,FullHD,0,0,HP,10.165362851325538,Non-Gaming
Philips 32B1U3900,1345.0,1794.0,34874.29,31.5,3840.0,2160.0,1.7777777777777777,139.8671219099872,60.0,3500,350.0,VA,4.0,8.2944,Large,4K,0,0,Philips,10.459533834501281,Non-Gaming
Lenovo ThinkVision P27q-40,1417.0,2026.0,38251.73,27.0,2560.0,1440.0,1.7777777777777777,108.78553926332336,120.0,1500,350.0,IPS,6.0,3.6864,Large,QHD,1,0,Lenovo,10.551970209256803,Gaming
Iiyama ProLite E1980S-B1,589.0,838.0,15853.97,19.0,1280.0,1024.0,1.25,86.27367393593732,75.0,1000,250.0,TN,3.0,1.31072,Small,HD,0,0,Iiyama,9.67123829482307,Non-Gaming
Dahua LM27-E341A,888.0,1242.0,23664.3,27.0,2560.0,1440.0,1.7777777777777777,108.78553926332336,240.0,1000,300.0,IPS,4.951367781155016,3.6864,Large,QHD,1,0,Dahua,10.071765119209077,Gaming
AOC 27G2SPAE,719.0,989.0,18975.879999999997,27.0,1920.0,1080.0,1.7777777777777777,81.58915444749253,165.0,1000,350.0,IPS,4.0,2.0736,Large,FullHD,1,0,AOC,9.850976675089816,Gaming
Philips 27E1N1900AE,982.0,1336.0,25752.98,27.0,3840.0,2160.0,1.7777777777777777,163.1783088949851,60.0,1000,350.0,IPS,4.0,8.2944,Large,4K,0,0,Philips,10.156344457255033,Non-Gaming
Philips 34B2U3600CH,1952.0,2418.0,48550.7,34.0,3440.0,1440.0,2.388888888888889,109.68340725465096,120.0,3500,300.0,VA,4.0,4.9536,XLarge,QHD,1,0,Philips,10.790384488554436,Gaming
Samsung ME32C,3154.0,3154.0,70081.87999999999,32.0,1920.0,1080.0,1.7777777777777777,68.84084906507182,75.0,5000,350.0,VA,8.0,2.0736,XLarge,FullHD,0,0,Samsung,11.157433820656271,Non-Gaming
Philips Evnia 24M2N3200A,417.0,781.0,13309.78,23.8,1920.0,1080.0,1.7777777777777777,92.55912479337388,180.0,1000,300.0,IPS,1.0,2.0736,Small,FullHD,1,0,Philips,9.496329512226565,Gaming
LG 27U421A,426.0,668.0,12154.34,27.0,1920.0,1080.0,1.7777777777777777,81.58915444749253,100.0,3000,250.0,VA,5.0,2.0736,Large,FullHD,0,0,LG,9.405523858386985,Non-Gaming
Acer Nitro VG270Gbmipx,549.0,1026.0,17498.25,27.0,1920.0,1080.0,1.7777777777777777,81.58915444749253,120.0,1500,250.0,IPS,4.0,2.0736,Large,FullHD,1,0,Acer,9.769913301850355,Gaming
AOC 24E4U,537.0,602.0,12654.29,23.8,1920.0,1080.0,1.7777777777777777,92.55912479337388,120.0,1500,300.0,IPS,4.0,2.0736,Small,FullHD,1,0,AOC,9.4458305885602,Gaming
Samsung QB13R-TM,1779.0,3056.0,53716.85,13.0,1920.0,1080.0,1.7777777777777777,169.45439769863833,60.0,600,500.0,IPS,30.0,2.0736,Small,FullHD,0,0,Samsung,10.891500627498209,Non-Gaming
Iiyama ProLite T2255MSC-B1,1102.0,1624.0,30285.859999999997,21.5,1920.0,1080.0,1.7777777777777777,102.460798608479,60.0,1000,400.0,IPS,5.0,2.0736,Small,FullHD,0,0,Iiyama,10.318469234071971,Non-Gaming
Philips 32BDL3650Q,1944.0,2955.0,54427.89,31.5,1920.0,1080.0,1.7777777777777777,69.9335609549936,60.0,4000,350.0,VA,8.0,2.0736,Large,FullHD,0,0,Philips,10.904650358054768,Non-Gaming
LC-Power LC-M34-Q-C-PRO,1688.0,1895.0,39807.13,34.0,3440.0,1440.0,2.388888888888889,109.68340725465096,165.0,3000,350.0,VA,3.0,4.9536,XLarge,QHD,1,0,LC-Power,10.59182644176876,Gaming
Viewsonic VG2708A,589.0,799.0,15420.679999999998,27.0,1920.0,1080.0,1.7777777777777777,81.58915444749253,100.0,1300,250.0,IPS,5.0,2.0736,Large,FullHD,0,0,Viewsonic,9.643529590599107,Non-Gaming
Philips 40B1U5601H,2420.0,3119.0,61538.28999999999,39.5,3440.0,1440.0,2.388888888888889,94.41103409261096,120.0,1200,300.0,IPS,4.0,4.9536,XLarge,QHD,1,0,Philips,11.02743111159791,Gaming
Acer KA240Ybi,489.0,489.0,10865.58,24.0,1920.0,1080.0,1.7777777777777777,91.7877987534291,75.0,1000,369.7073170731707,VA,4.0,2.0736,Medium,FullHD,0,0,Acer,9.293447303194762,Non-Gaming
Lenovo C27-30,865.0,1113.0,21975.58,27.0,1920.0,1080.0,1.7777777777777777,81.58915444749253,60.0,3000,250.0,VA,4.0,2.0736,Large,FullHD,0,0,Lenovo,9.99773261985494,Non-Gaming
Asus TUF Gaming VG27AQML1A,1166.0,1876.0,33796.619999999995,27.0,2560.0,1440.0,1.7777777777777777,108.78553926332336,240.0,1000,400.0,IPS,1.0,3.6864,Large,QHD,1,0,Asus,10.42814566479073,Gaming
AOC C27G4ZXE,549.0,807.0,15065.16,27.0,1920.0,1080.0,1.7777777777777777,81.58915444749253,280.0,4000,300.0,VA,1.0,2.0736,Large,FullHD,1,0,AOC,9.620206448268185,Gaming
Acer Nitro XV275UP3biiprx,1349.0,1499.0,31641.28,27.0,2560.0,1440.0,1.7777777777777777,108.78553926332336,170.0,4000,1000.0,VA,2.0,3.6864,Large,QHD,1,0,Acer,10.362249479968025,Gaming
Acer Nitro XV252QLVbmiiprx,878.0,878.0,19509.16,24.5,1920.0,1080.0,1.7777777777777777,89.91457837070605,165.0,1000,400.0,IPS,2.0,2.0736,Medium,FullHD,1,0,Acer,9.878690634506134,Gaming
Lenovo Legion R27fc-30,690.0,1129.0,20209.09,27.0,1920.0,1080.0,1.7777777777777777,81.58915444749253,240.0,3000,350.0,VA,1.0,2.0736,Large,FullHD,1,0,Lenovo,9.913937263628721,Gaming
Asus VA259HGA,413.0,575.0,10976.68,24.5,1920.0,1080.0,1.7777777777777777,89.91457837070605,120.0,1500,300.0,IPS,4.951367781155016,2.0736,Medium,FullHD,1,0,Asus,9.303619399477482,Gaming
Philips 329P1H,2493.0,2789.0,58683.02,32.0,3840.0,2160.0,1.7777777777777777,137.68169813014364,60.0,1000,350.0,IPS,4.0,8.2944,XLarge,4K,0,0,Philips,10.979922737067874,Non-Gaming
LC-Power LC-M27-FHD-240-C,792.0,947.0,19320.289999999997,27.0,1920.0,1080.0,1.7777777777777777,81.58915444749253,240.0,3000,300.0,VA,4.0,2.0736,Large,FullHD,1,0,LC-Power,9.868962875723815,Gaming
Asus ROG Strix OLED XG32UCWG,3944.0,4360.0,92257.44,31.5,3840.0,2160.0,1.7777777777777777,139.8671219099872,165.0,1500000,294.84496124031006,OLED,1.0,8.2944,Large,4K,1,1,Asus,11.432349048232677,Gaming
BenQ GW3290QT,1362.0,1878.0,35996.4,31.5,2560.0,1440.0,1.7777777777777777,93.24474793999148,60.0,1000,350.0,IPS,5.0,3.6864,Large,QHD,0,0,BenQ,10.491201992607875,Non-Gaming
Philips 242B1G,742.0,882.0,18042.64,24.0,1920.0,1080.0,1.7777777777777777,91.7877987534291,75.0,1000,250.0,IPS,4.0,2.0736,Medium,FullHD,0,0,Philips,9.800548547098932,Non-Gaming
Acer SB220Qbi,1136.0,1136.0,25241.92,22.0,1920.0,1080.0,1.7777777777777777,100.13214409464992,75.0,1000,250.0,Other,4.0,2.0736,Small,FullHD,0,0,Acer,10.136300999345583,Non-Gaming
Acer Vero CB322QUEsmiiprx,1161.0,1618.0,30874.69,31.5,2560.0,1440.0,1.7777777777777777,93.24474793999148,100.0,1000,350.0,IPS,4.0,3.6864,Large,QHD,0,0,Acer,10.337724421858699,Non-Gaming
LG 24MP400P,3263.0,3263.0,72503.86,23.8,1920.0,1080.0,1.7777777777777777,92.55912479337388,75.0,1000,250.0,IPS,5.0,2.0736,Small,FullHD,0,0,LG,11.191408873078814,Non-Gaming
Iiyama ProLite LH5060UHS-B1AG,2636.0,3271.0,65626.76999999999,49.5,3840.0,2160.0,1.7777777777777777,89.00635030635549,60.0,1200,500.0,VA,8.0,8.2944,XLarge,4K,0,0,Iiyama,11.091754208526938,Non-Gaming
Neovo QM-5502,3102.0,3329.0,71448.41,54.6,3840.0,2160.0,1.7777777777777777,80.69257033268492,60.0,5000,400.0,IPS,5.0,8.2944,XLarge,4K,0,0,Neovo,11.176744925801177,Non-Gaming
Iiyama ProLite XUB2293HSU-B7,461.0,701.0,12909.82,21.5,1920.0,1080.0,1.7777777777777777,102.460798608479,100.0,1000,300.0,IPS,4.951367781155016,2.0736,Small,FullHD,0,0,Iiyama,9.465820998477348,Non-Gaming
Dell P3221D,3214.0,3214.0,71415.08,32.0,2560.0,1440.0,1.7777777777777777,91.7877987534291,60.0,1000,350.0,Other,8.0,3.6864,XLarge,QHD,0,0,Dell,11.176278333055725,Non-Gaming
UPERFECT USteam E6 Pro,1076.0,1411.0,27630.57,18.5,1920.0,1080.0,1.7777777777777777,119.0760632476918,120.0,1000,300.0,IPS,16.0,2.0736,Small,FullHD,1,0,UPERFECT,10.226714238597744,Gaming
HP P27 G5,640.0,1244.0,20931.24,27.0,1920.0,1080.0,1.7777777777777777,81.58915444749253,75.0,1000,250.0,IPS,5.0,2.0736,Large,FullHD,0,0,HP,9.94904583312482,Non-Gaming
Samsung S27C366E,537.0,537.0,11932.14,27.0,1920.0,1080.0,1.7777777777777777,81.58915444749253,75.0,3000,250.0,VA,4.0,2.0736,Large,FullHD,0,0,Samsung,9.387074682472123,Non-Gaming
AOC U34V5C,948.0,1290.0,24864.18,34.0,3440.0,1440.0,2.388888888888889,109.68340725465096,100.0,4000,300.0,VA,4.0,4.9536,XLarge,QHD,0,0,AOC,10.121223710213728,Non-Gaming
Iiyama ProLite XU2793QS-B6,729.0,859.0,17642.68,27.0,2560.0,1440.0,1.7777777777777777,108.78553926332336,100.0,1300,250.0,IPS,4.951367781155016,3.6864,Large,QHD,0,0,Iiyama,9.778132924583373,Non-Gaming
LG UltraGear 27GR93U,1889.0,2300.0,46539.79,27.0,3840.0,2160.0,1.7777777777777777,163.1783088949851,144.0,1000,400.0,IPS,1.0,8.2944,Large,4K,1,1,LG,10.74808441135768,Gaming
HP M22f,495.0,930.0,15831.75,22.0,1920.0,1080.0,1.7777777777777777,100.13214409464992,75.0,1000,300.0,IPS,5.0,2.0736,Small,FullHD,0,0,HP,9.669835858570673,Non-Gaming
Acer Vero B247WE5bmiprx,855.0,1131.0,22064.46,24.1,1920.0,1200.0,1.6,93.94835982131056,100.0,1500,300.0,IPS,4.0,2.304,Medium,FullHD,0,0,Acer,10.001768768982377,Non-Gaming
Lenovo ThinkVision C24-40,432.0,441.0,9699.03,23.8,1920.0,1080.0,1.7777777777777777,92.55912479337388,75.0,3000,250.0,VA,5.0,2.0736,Small,FullHD,0,0,Lenovo,9.179884257270198,Non-Gaming
BenQ Mobiuz EX271U,2887.0,3356.0,69359.73,27.0,3840.0,2160.0,1.7777777777777777,163.1783088949851,165.0,1000,400.0,IPS,1.0,8.2944,Large,4K,1,1,BenQ,11.147076136197192,Gaming
Asus VY249HGR,389.0,514.0,10032.33,23.8,1920.0,1080.0,1.7777777777777777,92.55912479337388,120.0,1500,250.0,IPS,4.951367781155016,2.0736,Small,FullHD,1,0,Asus,9.213667829842889,Gaming
AOC AGON AG325QZN,1552.0,2133.0,40940.35,31.5,2560.0,1440.0,1.7777777777777777,93.24474793999148,240.0,1000,400.0,VA,1.0,3.6864,Large,QHD,1,0,AOC,10.619895833757106,Gaming
Iiyama G-Master GB3266QSU-B1,1790.0,1790.0,39773.8,32.0,2560.0,1440.0,1.7777777777777777,91.7877987534291,144.0,3000,400.0,VA,4.0,3.6864,XLarge,QHD,1,0,Iiyama,10.590988824909248,Gaming
Philips 24B2U3301,809.0,869.0,18642.58,23.8,1920.0,1080.0,1.7777777777777777,92.55912479337388,120.0,1500,300.0,IPS,4.0,2.0736,Small,FullHD,1,0,Philips,9.833257129884242,Gaming
MSI MAG 27C6X,599.0,648.0,13854.17,27.0,1920.0,1080.0,1.7777777777777777,81.58915444749253,250.0,3000,250.0,VA,4.442516268980477,2.0736,Large,FullHD,1,0,MSI,9.536413727160454,Gaming
Asus ROG Strix XG27AQMR,1899.0,4062.0,66226.70999999999,27.0,2560.0,1440.0,1.7777777777777777,108.78553926332336,300.0,1000,600.0,IPS,1.0,3.6864,Large,QHD,1,0,Asus,11.100854234405327,Gaming
Acer Nitro XZ323QUX2bmiiprx,1099.0,1140.0,24875.289999999997,31.5,2560.0,1440.0,1.7777777777777777,93.24474793999148,240.0,3000,250.0,VA,4.442516268980477,3.6864,Large,QHD,1,0,Acer,10.12167041997863,Gaming
LG UltraGear 27GL850,1899.0,1899.0,42195.78,27.0,2560.0,1440.0,1.7777777777777777,108.78553926332336,144.0,1000,350.0,IPS,1.0,3.6864,Large,QHD,1,0,LG,10.650099193795322,Gaming
Asus TUF Gaming VG259Q3A,617.0,903.0,16887.2,24.5,1920.0,1080.0,1.7777777777777777,89.91457837070605,180.0,1000,250.0,IPS,1.0,2.0736,Medium,FullHD,1,0,Asus,9.734370432186596,Gaming
Cooler Master GA241,298.0,1805.0,23364.33,23.8,1920.0,1080.0,1.7777777777777777,92.55912479337388,100.0,1000,250.0,VA,4.442516268980477,2.0736,Small,FullHD,0,0,Cooler Master,10.059008578724066,Non-Gaming
Asus BE248CFN,999.0,1207.0,24508.66,24.1,1920.0,1200.0,1.6,93.94835982131056,100.0,1500,350.0,IPS,5.0,2.304,Medium,FullHD,0,0,Asus,10.106822604536918,Non-Gaming
AOC 24B2XD,447.0,447.0,9932.34,24.0,1920.0,1080.0,1.7777777777777777,91.7877987534291,75.0,1000,250.0,IPS,4.0,2.0736,Medium,FullHD,0,0,AOC,9.203652054966101,Non-Gaming
Asus ROG Strix XG32VC,1190.0,2344.0,39262.74,32.0,2560.0,1440.0,1.7777777777777777,91.7877987534291,170.0,3000,400.0,VA,4.0,3.6864,XLarge,QHD,1,0,Asus,10.578056725646823,Gaming
Samsung Odyssey G70D 32,2122.0,2979.0,56672.11,31.5,3840.0,2160.0,1.7777777777777777,139.8671219099872,144.0,1000,350.0,IPS,1.0,8.2944,Large,4K,1,1,Samsung,10.945055126782618,Gaming
Fujitsu P2711 TS QHD,880.0,1066.0,21620.06,27.0,2560.0,1440.0,1.7777777777777777,108.78553926332336,75.0,1000,350.0,IPS,5.0,3.6864,Large,QHD,0,0,Fujitsu,9.981423118668484,Non-Gaming
Viewsonic TD2230,1169.0,2674.0,42695.73,22.0,1920.0,1080.0,1.7777777777777777,100.13214409464992,60.0,1000,250.0,IPS,14.0,2.0736,Small,FullHD,0,0,Viewsonic,10.661877615488004,Non-Gaming
Viewsonic VX2776-SMH,569.0,793.0,15131.82,27.0,1920.0,1080.0,1.7777777777777777,81.58915444749253,75.0,1000,250.0,IPS,4.0,2.0736,Large,FullHD,0,0,Viewsonic,9.624621174081163,Non-Gaming
LG UltraWide 29WQ600,778.0,1145.0,21364.53,29.0,2560.0,1080.0,2.3703703703703702,95.8099585479297,100.0,1000,250.0,IPS,5.0,2.7648,Large,FullHD,0,0,LG,9.969534154697657,Non-Gaming
BenQ MA270U,1827.0,2552.0,48650.689999999995,27.0,3840.0,2160.0,1.7777777777777777,163.1783088949851,60.0,1200,400.0,IPS,5.0,8.2944,Large,4K,0,0,BenQ,10.79244182493475,Non-Gaming
Fujitsu B24-8 TS Pro,1219.0,1219.0,27086.18,24.0,1920.0,1080.0,1.7777777777777777,91.7877987534291,76.0,1000,250.0,IPS,5.0,2.0736,Medium,FullHD,0,0,Fujitsu,10.20681583220769,Non-Gaming
KOORUI G2411P,440.0,440.0,9776.8,23.8,1920.0,1080.0,1.7777777777777777,92.55912479337388,200.0,1000,350.0,IPS,4.951367781155016,2.0736,Small,FullHD,1,0,KOORUI,9.187869788848815,Gaming
MSI MAG 274QPF X30MV,1805.0,2791.0,51061.56,27.0,2560.0,1440.0,1.7777777777777777,108.78553926332336,300.0,4500,400.0,VA,4.442516268980477,3.6864,Large,QHD,1,0,MSI,10.840806826632267,Gaming
Philips 152B1TFL,1325.0,1325.0,29441.5,15.0,1024.0,768.0,1.3333333333333333,85.33333333333333,75.0,800,450.0,TN,4.0,0.786432,Small,HD,0,0,Philips,10.290194487715704,Non-Gaming
AOC AGON PRO AG276FK,1763.0,2234.0,44406.67,27.0,1920.0,1080.0,1.7777777777777777,81.58915444749253,520.0,1000,400.0,IPS,4.951367781155016,2.0736,Large,FullHD,1,0,AOC,10.70116748124889,Gaming
Dell P1917S,769.0,1002.0,19675.81,19.0,1280.0,1024.0,1.25,86.27367393593732,60.0,1000,250.0,IPS,6.0,1.31072,Small,HD,0,0,Dell,9.88719606397174,Non-Gaming
Samsung S27A700N,3269.0,3269.0,72637.18,27.0,3840.0,2160.0,1.7777777777777777,163.1783088949851,60.0,1000,300.0,IPS,5.0,8.2944,Large,4K,0,0,Samsung,11.193245957895211,Non-Gaming
Acer Nitro XZ323QKP1bmiiprx,1999.0,1999.0,44417.78,31.5,3840.0,2160.0,1.7777777777777777,139.8671219099872,165.0,3000,250.0,VA,5.0,8.2944,Large,4K,1,1,Acer,10.701417631965437,Gaming
Asus TUF Gaming VG27AQL3A,924.0,1504.0,26975.08,27.0,2560.0,1440.0,1.7777777777777777,108.78553926332336,180.0,1000,350.0,IPS,1.0,3.6864,Large,QHD,1,0,Asus,10.202705826396235,Gaming
Asus VA229QSB,449.0,792.0,13787.509999999998,22.0,1920.0,1080.0,1.7777777777777777,100.13214409464992,75.0,1000,250.0,IPS,5.0,2.0736,Small,FullHD,0,0,Asus,9.531590915638505,Non-Gaming
Asus VP327Q,1040.0,1229.0,25208.59,31.5,3840.0,2160.0,1.7777777777777777,139.8671219099872,60.0,3000,350.0,VA,4.0,8.2944,Large,4K,0,0,Asus,10.13497975666217,Non-Gaming
LC-Power LC-M27-QHD-165-C,873.0,1013.0,20953.46,27.0,2560.0,1440.0,1.7777777777777777,108.78553926332336,165.0,4000,300.0,VA,4.442516268980477,3.6864,Large,QHD,1,0,LC-Power,9.950106790521048,Gaming
Hannspree HP246PJB,907.0,907.0,20153.539999999997,24.0,1920.0,1200.0,1.6,94.33981132056604,60.0,1000,300.0,IPS,5.0,2.304,Medium,FullHD,0,0,Hannspree,9.91118485217,Non-Gaming
Asus TUF Gaming VG24VQE,758.0,1008.0,19620.26,24.0,1920.0,1080.0,1.7777777777777777,91.7877987534291,165.0,3000,250.0,VA,5.0,2.0736,Medium,FullHD,1,0,Asus,9.884368951240813,Gaming
Philips Evnia 24M1N3200ZS,474.0,925.0,15542.89,23.8,1920.0,1080.0,1.7777777777777777,92.55912479337388,165.0,1100,250.0,IPS,4.0,2.0736,Small,FullHD,1,0,Philips,9.651422914346698,Gaming
Acer Nitro EI322QURPbmiippx,1376.0,1376.0,30574.72,32.0,2560.0,1440.0,1.7777777777777777,91.7877987534291,165.0,3000,400.0,VA,4.442516268980477,3.6864,XLarge,QHD,1,0,Acer,10.327961508928967,Gaming
Philips 322E1C,610.0,1016.0,18064.86,32.0,1920.0,1080.0,1.7777777777777777,68.84084906507182,75.0,3000,250.0,VA,4.0,2.0736,XLarge,FullHD,0,0,Philips,9.801779248316317,Non-Gaming
Asus TUF Gaming VG249Q,539.0,874.0,15698.429999999998,24.0,1920.0,1080.0,1.7777777777777777,91.7877987534291,144.0,1000,250.0,IPS,4.0,2.0736,Medium,FullHD,1,0,Asus,9.661379684944846,Gaming
Samsung S24A600NW,1319.0,1319.0,29308.18,24.0,2560.0,1440.0,1.7777777777777777,122.3837316712388,75.0,1000,300.0,IPS,5.0,3.6864,Medium,QHD,0,0,Samsung,10.285656056513853,Non-Gaming
AOC U28G2XU2,3031.0,3263.0,69926.34,28.0,3840.0,2160.0,1.7777777777777777,157.3505121487356,144.0,1000,400.0,IPS,1.0,8.2944,Large,4K,1,1,AOC,11.155211981936409,Gaming
AOC Q27V5CW,849.0,1152.0,22231.11,27.0,2560.0,1440.0,1.7777777777777777,108.78553926332336,75.0,1000,300.0,IPS,4.0,3.6864,Large,QHD,0,0,AOC,10.009292919233058,Non-Gaming
Dahua LM27-L200,669.0,669.0,14865.179999999998,27.0,1920.0,1080.0,1.7777777777777777,81.58915444749253,75.0,1000,230.0,Other,14.0,2.0736,Large,FullHD,0,0,Dahua,9.606844113378221,Non-Gaming
Asus ROG Strix OLED XG27AQDPG,4156.0,4862.0,100189.98,26.5,2560.0,1440.0,1.7777777777777777,110.83809660791438,500.0,1000,300.0,OLED,1.0,3.6864,Medium,QHD,1,0,Asus,11.514833443620782,Gaming
LG UltraFine 32UR550K,1148.0,1264.0,26797.32,31.5,3840.0,2160.0,1.7777777777777777,139.8671219099872,60.0,3000,250.0,VA,4.0,8.2944,Large,4K,0,0,LG,10.196094477966898,Non-Gaming
Verbatim PMT-15-4K,1101.0,1801.0,32241.22,15.6,3840.0,2160.0,1.7777777777777777,282.42399616439724,103.74406332453826,1000,350.0,IPS,6.0,8.2944,Small,4K,0,0,Verbatim,10.381032052810717,Non-Gaming
Acer SA322QAbi,708.0,876.0,17598.239999999998,31.5,1920.0,1080.0,1.7777777777777777,69.9335609549936,75.0,1000,300.0,IPS,4.951367781155016,2.0736,Large,FullHD,0,0,Acer,9.775610998275699,Non-Gaming
Acer Nitro QG270S3BIPX,667.0,999.0,18509.26,27.0,1920.0,1080.0,1.7777777777777777,81.58915444749253,180.0,3000,250.0,VA,4.0,2.0736,Large,FullHD,1,0,Acer,9.826080451930265,Gaming
LG 27BA65QB,1101.0,1446.0,28297.17,27.0,2560.0,1440.0,1.7777777777777777,108.78553926332336,100.0,1000,350.0,IPS,5.0,3.6864,Large,QHD,0,0,LG,10.250552417229548,Non-Gaming
Samsung Essential Monitor S39GD 27,520.0,853.0,15254.03,27.0,1920.0,1080.0,1.7777777777777777,81.58915444749253,100.0,4000,250.0,VA,4.0,2.0736,Large,FullHD,0,0,Samsung,9.632664563717174,Non-Gaming
Acer Nitro VG240YSbmiipx,1739.0,1739.0,38640.579999999994,24.0,1920.0,1080.0,1.7777777777777777,91.7877987534291,165.0,1000,250.0,IPS,2.0,2.0736,Medium,FullHD,1,0,Acer,10.56208417775962,Gaming
BenQ PD2500Q,1163.0,1163.0,25841.859999999997,25.0,2560.0,1440.0,1.7777777777777777,117.48838240438926,60.0,1000,350.0,IPS,4.0,3.6864,Medium,QHD,0,0,BenQ,10.159789632886387,Non-Gaming
LG 24BK55YP,601.0,601.0,13354.22,23.8,1920.0,1080.0,1.7777777777777777,92.55912479337388,75.0,1000,250.0,IPS,5.0,2.0736,Small,FullHD,0,0,LG,9.499662598639379,Non-Gaming
Samsung ViewFinity S60UD 27,971.0,1703.0,29708.14,27.0,2560.0,1440.0,1.7777777777777777,108.78553926332336,100.0,1000,350.0,IPS,5.0,3.6864,Large,QHD,0,0,Samsung,10.29921002155503,Non-Gaming
AOC U27B3A,711.0,1014.0,19164.75,27.0,3840.0,2160.0,1.7777777777777777,163.1783088949851,60.0,1000,350.0,IPS,4.0,8.2944,Large,4K,0,0,AOC,9.860880110886672,Non-Gaming
Iiyama ProLite T1633MSC-B1,1713.0,1878.0,39896.009999999995,15.6,1920.0,1080.0,1.7777777777777777,141.21199808219862,60.0,1000,385.0,IPS,5.0,2.0736,Small,FullHD,0,0,Iiyama,10.594056662726654,Non-Gaming
Asus TUF Gaming VG32VQR,1215.0,1895.0,34552.1,32.0,2560.0,1440.0,1.7777777777777777,91.7877987534291,165.0,3000,400.0,VA,4.0,3.6864,XLarge,QHD,1,0,Asus,10.450252550206946,Gaming
Samsung F27T450FQ,649.0,929.0,17531.579999999998,27.0,1920.0,1080.0,1.7777777777777777,81.58915444749253,75.0,1000,250.0,IPS,5.0,2.0736,Large,FullHD,0,0,Samsung,9.771816143355169,Non-Gaming
Philips Evnia 27M2N3800A,1369.0,1702.0,34118.81,27.0,3840.0,2160.0,1.7777777777777777,163.1783088949851,160.0,1000,350.0,IPS,1.0,8.2944,Large,4K,1,1,Philips,10.437633433008633,Gaming
AOC Q27B3MA,554.0,744.0,14420.78,27.0,2560.0,1440.0,1.7777777777777777,108.78553926332336,75.0,4000,250.0,VA,4.0,3.6864,Large,QHD,0,0,AOC,9.576494842888021,Non-Gaming
LG 22SM3G,1236.0,2315.0,39451.61,22.0,1920.0,1080.0,1.7777777777777777,100.13214409464992,60.0,1000,250.0,IPS,14.0,2.0736,Small,FullHD,0,0,LG,10.582855483781382,Non-Gaming
Asus ROG Strix XG27UCG,1679.0,2620.0,47761.89,27.0,3840.0,2160.0,1.7777777777777777,163.1783088949851,160.0,1000,350.0,IPS,1.0,8.2944,Large,4K,1,1,Asus,10.774004257123545,Gaming
Iiyama G-Master G2740QSU-B1,1069.0,2448.0,39073.869999999995,27.0,2560.0,1440.0,1.7777777777777777,108.78553926332336,75.0,1000,250.0,IPS,4.0,3.6864,Large,QHD,0,0,Iiyama,10.573234828348763,Non-Gaming
Lenovo ThinkVision P24Q-40,1056.0,1330.0,26508.46,23.8,2560.0,1440.0,1.7777777777777777,123.41216639116516,120.0,1500,300.0,IPS,4.0,3.6864,Small,QHD,1,0,Lenovo,10.185256929403785,Gaming
Acer Nitro ED320QRP3biipx,1699.0,1699.0,37751.78,31.5,1920.0,1080.0,1.7777777777777777,69.9335609549936,165.0,3000,250.0,VA,4.442516268980477,2.0736,Large,FullHD,1,0,Acer,10.53881439434981,Gaming
Iiyama G-Master G4380UHSU-B1,2429.0,3297.0,63615.85999999999,43.0,3840.0,2160.0,1.7777777777777777,102.460798608479,144.0,1000,550.0,VA,3.0,8.2944,XLarge,4K,1,1,Iiyama,11.06063380853654,Gaming
Acer Nitro XV240YX1bmiiprx,459.0,675.0,12598.74,23.8,1920.0,1080.0,1.7777777777777777,92.55912479337388,200.0,1000,250.0,IPS,1.0,2.0736,Small,FullHD,1,0,Acer,9.441431457806031,Gaming
LG 32MR50C,609.0,668.0,14187.47,31.5,1920.0,1080.0,1.7777777777777777,69.9335609549936,100.0,3000,250.0,VA,5.0,2.0736,Large,FullHD,0,0,LG,9.560184941930686,Non-Gaming
LG UltraFine 27US550,877.0,1468.0,26052.949999999997,27.0,3840.0,2160.0,1.7777777777777777,163.1783088949851,60.0,1000,300.0,IPS,5.0,8.2944,Large,4K,0,0,LG,10.167924667164549,Non-Gaming
MSI MPG 346CQRF X24,1999.0,1999.0,44417.78,34.0,3440.0,1440.0,2.388888888888889,109.68340725465096,240.0,4000,400.0,VA,4.442516268980477,4.9536,XLarge,QHD,1,0,MSI,10.701417631965437,Gaming
Iiyama ProLite XUB2797QSN-W1,1103.0,1619.0,30241.42,27.0,2560.0,1440.0,1.7777777777777777,108.78553926332336,100.0,1300,250.0,IPS,4.951367781155016,3.6864,Large,QHD,0,0,Iiyama,10.31700085354655,Non-Gaming
Philips 345B1C,1226.0,1446.0,29685.92,34.0,3440.0,1440.0,2.388888888888889,109.68340725465096,100.0,3000,300.0,VA,5.0,4.9536,XLarge,QHD,0,0,Philips,10.298461823744045,Non-Gaming
LG UltraWide 29U511A,720.0,1022.0,19353.62,29.0,2560.0,1080.0,2.3703703703703702,95.8099585479297,100.0,1000,250.0,IPS,5.0,2.7648,Large,FullHD,0,0,LG,9.870686429649291,Non-Gaming
HP V27c G5,1265.0,1265.0,28108.3,27.0,1920.0,1080.0,1.7777777777777777,81.58915444749253,75.0,3000,300.0,VA,5.0,2.0736,Large,FullHD,0,0,HP,10.243855761420468,Non-Gaming
Samsung S27C362E,575.0,575.0,12776.5,27.0,1920.0,1080.0,1.7777777777777777,81.58915444749253,75.0,3000,250.0,VA,4.0,2.0736,Large,FullHD,0,0,Samsung,9.455441090642434,Non-Gaming
AOC U34E2M,908.0,1174.0,23131.02,34.0,3440.0,1440.0,2.388888888888889,109.68340725465096,100.0,4000,300.0,VA,4.0,4.9536,XLarge,QHD,0,0,AOC,10.048973083880883,Non-Gaming
HP OMEN 24,569.0,747.0,14620.759999999998,23.8,1920.0,1080.0,1.7777777777777777,92.55912479337388,165.0,1000,300.0,IPS,1.0,2.0736,Small,FullHD,1,0,HP,9.590266109095248,Gaming
Viewsonic VA2715-H,319.0,662.0,10898.91,27.0,1920.0,1080.0,1.7777777777777777,81.58915444749253,75.0,4000,250.0,VA,4.0,2.0736,Large,FullHD,0,0,Viewsonic,9.296509811302412,Non-Gaming
Iiyama ProLite XUB2495WSU-B7,689.0,888.0,17520.469999999998,24.1,1920.0,1200.0,1.6,93.94835982131056,75.0,1000,300.0,IPS,4.0,2.304,Medium,FullHD,0,0,Iiyama,9.771182265080219,Non-Gaming
Philips 278E1A,1098.0,1237.0,25941.85,27.0,3840.0,2160.0,1.7777777777777777,163.1783088949851,60.0,1000,350.0,IPS,4.0,8.2944,Large,4K,0,0,Philips,10.163651320763583,Non-Gaming
MSI MAG 322URDF E16,2153.0,3050.0,57805.329999999994,31.5,3840.0,2160.0,1.7777777777777777,139.8671219099872,160.0,1000,400.0,IPS,4.951367781155016,8.2944,Large,4K,1,1,MSI,10.96485356423501,Gaming
Fujitsu B22-8WE Neo,425.0,465.0,9887.9,22.0,1680.0,1050.0,1.6,90.05163807872212,76.0,1000,250.0,TN,5.0,1.764,Small,HD,0,0,Fujitsu,9.199168194972932,Non-Gaming
Iiyama G-Master GCB3480WQSU-B1,992.0,1755.0,30519.17,34.0,3440.0,1440.0,2.388888888888889,109.68340725465096,180.0,4000,420.0,VA,4.442516268980477,4.9536,XLarge,QHD,1,0,Iiyama,10.326143055500836,Gaming
Acer Vero CB273Ubemipruzxv,1095.0,1363.0,27308.379999999997,27.0,2560.0,1440.0,1.7777777777777777,108.78553926332336,100.0,1300,350.0,IPS,4.951367781155016,3.6864,Large,QHD,0,0,Acer,10.214985511903201,Non-Gaming
Samsung Odyssey G50A 32,4047.0,4047.0,89924.34,32.0,2560.0,1440.0,1.7777777777777777,91.7877987534291,165.0,1000,350.0,IPS,1.0,3.6864,XLarge,QHD,1,0,Samsung,11.406735049485228,Gaming
LG 32SM5D,2121.0,2121.0,47128.619999999995,32.0,1920.0,1080.0,1.7777777777777777,68.84084906507182,60.0,1100,400.0,IPS,10.0,2.0736,XLarge,FullHD,0,0,LG,10.760656957080265,Non-Gaming
NEC MultiSync EA272U,2665.0,2956.0,62449.31,27.0,3840.0,2160.0,1.7777777777777777,163.1783088949851,60.0,1000,400.0,IPS,5.0,8.2944,Large,4K,0,0,NEC,11.04212647951258,Non-Gaming
Viewsonic CDE5530,3235.0,3235.0,71881.7,55.0,3840.0,2160.0,1.7777777777777777,80.10571527571994,60.0,1200,450.0,VA,4.442516268980477,8.2944,XLarge,4K,0,0,Viewsonic,11.182790902796379,Non-Gaming
Hannspree HO275PTB,1938.0,2336.0,47484.14,27.0,1920.0,1080.0,1.7777777777777777,81.58915444749253,60.0,3000,300.0,Other,5.0,2.0736,Large,FullHD,0,0,Hannspree,10.768172098972169,Non-Gaming
AOC 24B1H,393.0,488.0,9787.91,24.0,1920.0,1080.0,1.7777777777777777,91.7877987534291,60.0,3000,250.0,VA,5.0,2.0736,Medium,FullHD,0,0,AOC,9.189005391225908,Non-Gaming
LG UltraWide 34WQ500,868.0,1258.0,23619.86,25.7,2560.0,1080.0,2.3703703703703702,108.11240458715804,75.0,1000,250.0,IPS,5.0,2.7648,Medium,FullHD,0,0,LG,10.069885498910716,Non-Gaming
Asus TUF Gaming VG27AQM1A,1196.0,1893.0,34318.79,27.0,2560.0,1440.0,1.7777777777777777,108.78553926332336,260.0,1000,400.0,IPS,1.0,3.6864,Large,QHD,1,0,Asus,10.443477434702059,Gaming
Dell UltraSharp U2720Q,1100.0,1100.0,24442.0,27.0,3840.0,2160.0,1.7777777777777777,163.1783088949851,60.0,1300,350.0,IPS,5.0,8.2944,Large,4K,0,0,Dell,10.10409915534325,Non-Gaming
BenQ PD3205UA,2599.0,3094.0,63249.23,31.5,3840.0,2160.0,1.7777777777777777,139.8671219099872,60.0,1000,350.0,IPS,5.0,8.2944,Large,4K,0,0,BenQ,11.054854042946792,Non-Gaming
Lenovo ThinkVision S27-4e,539.0,636.0,13054.25,27.0,1920.0,1080.0,1.7777777777777777,81.58915444749253,100.0,1500,300.0,IPS,6.0,2.0736,Large,FullHD,0,0,Lenovo,9.476945630700929,Non-Gaming
Asus ProArt PA247CV,959.0,1083.0,22686.62,24.0,1920.0,1080.0,1.7777777777777777,91.7877987534291,75.0,1000,300.0,IPS,5.0,2.0736,Medium,FullHD,0,0,Asus,10.029574680249416,Non-Gaming
Samsung QB49R,3299.0,3299.0,73303.78,49.0,3840.0,2160.0,1.7777777777777777,89.91457837070605,60.0,4000,350.0,Other,8.0,8.2944,XLarge,4K,0,0,Samsung,11.202381097208322,Non-Gaming
AOC CU34V5C,1039.0,1128.0,24075.37,34.0,3440.0,1440.0,2.388888888888889,109.68340725465096,100.0,3000,300.0,VA,4.0,4.9536,XLarge,QHD,0,0,AOC,10.088986140550904,Non-Gaming
Acer Nitro XV275KP3biipruzx,3300.0,4084.0,82036.23999999999,27.0,3840.0,2160.0,1.7777777777777777,163.1783088949851,160.0,1000,1000.0,IPS,4.951367781155016,8.2944,Large,4K,1,1,Acer,11.314928569494615,Gaming
Iiyama ProLite XB3288UHSU-B5,1299.0,1638.0,32630.07,31.5,3840.0,2160.0,1.7777777777777777,139.8671219099872,60.0,3000,300.0,VA,3.0,8.2944,Large,4K,0,0,Iiyama,10.39302018095901,Non-Gaming
Dell S3423DWC,1832.0,3373.0,57827.55,34.0,3440.0,1440.0,2.388888888888889,109.68340725465096,100.0,3000,300.0,VA,4.0,4.9536,XLarge,QHD,0,0,Dell,10.96523787734665,Non-Gaming
Philips 242B9T,1488.0,2122.0,40107.1,24.0,1920.0,1080.0,1.7777777777777777,91.7877987534291,60.0,1000,250.0,IPS,5.0,2.0736,Medium,FullHD,0,0,Philips,10.599333587908884,Non-Gaming
MSI MAG 342CQR E2,1279.0,1370.0,29430.39,34.0,3440.0,1440.0,2.388888888888889,109.68340725465096,180.0,3000,300.0,VA,4.442516268980477,4.9536,XLarge,QHD,1,0,MSI,10.28981707082914,Gaming
Lenovo Legion R24e,380.0,738.0,12420.98,23.8,1920.0,1080.0,1.7777777777777777,92.55912479337388,180.0,1000,300.0,IPS,4.951367781155016,2.0736,Small,FullHD,1,0,Lenovo,9.42722276307126,Gaming
HP 524sh,549.0,892.0,16009.509999999998,23.8,1920.0,1080.0,1.7777777777777777,92.55912479337388,100.0,1500,300.0,IPS,5.0,2.0736,Small,FullHD,0,0,HP,9.681000660573966,Non-Gaming
Panasonic TH-50CQE2W,4095.0,4095.0,90990.9,49.5,3840.0,2160.0,1.7777777777777777,89.00635030635549,60.0,5000,500.0,VA,8.0,8.2944,XLarge,4K,0,0,Panasonic,11.418525770548262,Non-Gaming
Cooler Master GM27-CF,1865.0,1865.0,41440.3,27.0,1920.0,1080.0,1.7777777777777777,81.58915444749253,165.0,3000,300.0,VA,3.0,2.0736,Large,FullHD,1,0,Cooler Master,10.632033247097686,Gaming
AOC C27G2Z3,679.0,1013.0,18798.12,27.0,1920.0,1080.0,1.7777777777777777,81.58915444749253,280.0,4000,300.0,VA,1.0,2.0736,Large,FullHD,1,0,AOC,9.841565339211849,Gaming
MSI PRO MP273AP,549.0,627.0,13065.36,27.0,1920.0,1080.0,1.7777777777777777,81.58915444749253,100.0,1000,300.0,IPS,4.0,2.0736,Large,FullHD,0,0,MSI,9.477796267447278,Non-Gaming
Viewsonic VG2448a-2,799.0,850.0,18320.39,23.8,1920.0,1080.0,1.7777777777777777,92.55912479337388,60.0,1000,250.0,IPS,5.0,2.0736,Small,FullHD,0,0,Viewsonic,9.815824508712328,Non-Gaming
Philips 27M1F5500P,2090.0,4021.0,67893.20999999999,27.0,2560.0,1440.0,1.7777777777777777,108.78553926332336,240.0,1000,450.0,IPS,1.0,3.6864,Large,QHD,1,0,Philips,11.125706037451385,Gaming
Philips 222B9TA,1334.0,1941.0,36385.25,21.5,1920.0,1080.0,1.7777777777777777,102.460798608479,60.0,3000,210.0,VA,2.0,2.0736,Small,FullHD,0,0,Philips,10.501946235007619,Non-Gaming
Acer Nitro VG270M3bmiipx,575.0,854.0,15876.19,27.0,1920.0,1080.0,1.7777777777777777,81.58915444749253,180.0,1000,250.0,IPS,4.951367781155016,2.0736,Large,FullHD,1,0,Acer,9.67263876700219,Gaming
Samsung S22C310E,601.0,601.0,13354.22,22.0,1920.0,1080.0,1.7777777777777777,100.13214409464992,75.0,1000,250.0,IPS,5.0,2.0736,Small,FullHD,0,0,Samsung,9.499662598639379,Non-Gaming
HP OMEN X 25f,2237.0,2237.0,49706.14,25.0,1920.0,1080.0,1.7777777777777777,88.11628680329193,240.0,1000,400.0,TN,1.0,2.0736,Medium,FullHD,1,0,HP,10.813903863738158,Gaming
Viewsonic VG2208A-HD,436.0,540.0,10843.36,21.5,1920.0,1080.0,1.7777777777777777,102.460798608479,100.0,1000,250.0,IPS,5.0,2.0736,Small,FullHD,0,0,Viewsonic,9.2914004081494,Non-Gaming
Acer Nitro XV270X1bmiipx,549.0,635.0,13154.24,27.0,1920.0,1080.0,1.7777777777777777,81.58915444749253,200.0,1000,250.0,IPS,4.951367781155016,2.0736,Large,FullHD,1,0,Acer,9.484575437321656,Gaming
LG UltraGear 32GP850,1630.0,1630.0,36218.6,32.0,2560.0,1440.0,1.7777777777777777,91.7877987534291,180.0,1000,350.0,IPS,1.0,3.6864,XLarge,QHD,1,0,LG,10.497355687754116,Gaming
Eizo FlexScan EV2430,1367.0,1823.0,35440.9,24.0,1920.0,1200.0,1.6,94.33981132056604,60.0,1000,300.0,IPS,14.0,2.304,Medium,FullHD,0,0,Eizo,10.475650015020108,Non-Gaming
BenQ Zowie XL2731,2682.0,2682.0,59594.03999999999,27.0,1920.0,1080.0,1.7777777777777777,81.58915444749253,144.0,1000,320.0,TN,1.0,2.0736,Large,FullHD,1,0,BenQ,10.995327628113833,Gaming
AOC 24G2ZE,704.0,1280.0,22042.24,24.0,1920.0,1080.0,1.7777777777777777,91.7877987534291,240.0,1000,350.0,IPS,4.0,2.0736,Medium,FullHD,1,0,AOC,10.000761257907255,Gaming
Acer Nitro QG241YEbii,446.0,501.0,10521.17,23.8,1920.0,1080.0,1.7777777777777777,92.55912479337388,100.0,1000,250.0,IPS,4.951367781155016,2.0736,Small,FullHD,0,0,Acer,9.261239738784452,Non-Gaming
KOORUI GN01,748.0,748.0,16620.559999999998,27.0,1920.0,1080.0,1.7777777777777777,81.58915444749253,165.0,3000,300.0,VA,4.442516268980477,2.0736,Large,FullHD,1,0,KOORUI,9.718455926820486,Gaming
Dell C2423H,813.0,813.0,18064.86,23.8,1920.0,1080.0,1.7777777777777777,92.55912479337388,60.0,1000,250.0,IPS,5.0,2.0736,Small,FullHD,0,0,Dell,9.801779248316317,Non-Gaming
Dell Plus S3425DW,1643.0,2020.0,40695.93,34.0,3440.0,1440.0,2.388888888888889,109.68340725465096,120.0,3000,300.0,VA,1.0,4.9536,XLarge,QHD,1,0,Dell,10.613907938610273,Gaming
Viewsonic TD2760,2222.0,2755.0,55294.469999999994,27.0,1920.0,1080.0,1.7777777777777777,81.58915444749253,60.0,3000,230.0,VA,6.0,2.0736,Large,FullHD,0,0,Viewsonic,10.9204462673377,Non-Gaming
Dell P2722HE,999.0,2293.0,36574.119999999995,27.0,1920.0,1080.0,1.7777777777777777,81.58915444749253,60.0,1000,300.0,IPS,5.0,2.0736,Large,FullHD,0,0,Dell,10.507123506812539,Non-Gaming
Asus VY229HF,354.0,507.0,9565.71,21.5,1920.0,1080.0,1.7777777777777777,102.460798608479,100.0,1300,250.0,IPS,4.951367781155016,2.0736,Small,FullHD,0,0,Asus,9.166044642686069,Non-Gaming
Asus VP247HAE,653.0,825.0,16420.579999999998,24.0,1920.0,1080.0,1.7777777777777777,91.7877987534291,60.0,3000,250.0,VA,5.0,2.0736,Medium,FullHD,0,0,Asus,9.706351602494106,Non-Gaming
BenQ Zowie XL2546K,1899.0,2748.0,51628.17,25.0,1920.0,1080.0,1.7777777777777777,88.11628680329193,240.0,1000,320.0,TN,1.0,2.0736,Medium,FullHD,1,0,BenQ,10.851842101819626,Gaming
MSI MAG 271QPX QD-OLED,3000.0,3059.0,67315.48999999999,26.5,2560.0,1440.0,1.7777777777777777,110.83809660791438,360.0,1500000,250.0,OLED,1.0,3.6864,Medium,QHD,1,0,MSI,11.117160507908022,Gaming
Samsung Smart Monitor M5 27,1049.0,1375.0,26930.64,27.0,1920.0,1080.0,1.7777777777777777,81.58915444749253,60.0,3000,250.0,VA,8.0,2.0736,Large,FullHD,0,0,Samsung,10.201057082577465,Non-Gaming
Targus DM4240PEUZ,531.0,770.0,14454.11,24.0,1920.0,1080.0,1.7777777777777777,91.7877987534291,60.0,1000,325.0,Unknown,4.650088691829009,2.0736,Medium,FullHD,0,0,Targus,9.578803264245082,Non-Gaming
Viewsonic VX2718-2KPC-MHDJ,982.0,1169.0,23897.61,27.0,2560.0,1440.0,1.7777777777777777,108.78553926332336,165.0,4000,250.0,VA,1.0,3.6864,Large,QHD,1,0,Viewsonic,10.081575577232487,Gaming
BenQ PD2706U,1871.0,2088.0,43984.49,27.0,3840.0,2160.0,1.7777777777777777,163.1783088949851,60.0,1200,400.0,IPS,5.0,8.2944,Large,4K,0,0,BenQ,10.691615085786143,Non-Gaming
MSI MAG 255XF,759.0,1036.0,19942.45,24.5,1920.0,1080.0,1.7777777777777777,89.91457837070605,300.0,1000,250.0,IPS,4.951367781155016,2.0736,Medium,FullHD,1,0,MSI,9.90065604760693,Gaming
HP 324pf,432.0,858.0,14331.9,23.8,1920.0,1080.0,1.7777777777777777,92.55912479337388,100.0,1000,250.0,IPS,5.0,2.0736,Small,FullHD,0,0,HP,9.570312872992437,Non-Gaming
Acer SA322QUAbmiipx,617.0,876.0,16587.23,31.5,2560.0,1440.0,1.7777777777777777,93.24474793999148,75.0,1000,300.0,IPS,4.951367781155016,3.6864,Large,QHD,0,0,Acer,9.716448686715047,Non-Gaming
LG 27BA400,491.0,563.0,11709.94,27.0,1920.0,1080.0,1.7777777777777777,81.58915444749253,100.0,1000,250.0,IPS,5.0,2.0736,Large,FullHD,0,0,LG,9.368278726640746,Non-Gaming
HP Z24q G3,868.0,1480.0,26086.28,23.8,2560.0,1440.0,1.7777777777777777,123.41216639116516,90.0,1000,400.0,IPS,5.0,3.6864,Small,QHD,0,0,HP,10.169203118192254,Non-Gaming
Viewsonic VA3208-4K-HD,1099.0,1449.0,28308.28,31.5,3840.0,2160.0,1.7777777777777777,139.8671219099872,60.0,3000,300.0,VA,4.0,8.2944,Large,4K,0,0,Viewsonic,10.250944945073238,Non-Gaming
MSI MAG 345CQR,1099.0,2184.0,36474.13,34.0,3440.0,1440.0,2.388888888888889,109.68340725465096,180.0,3000,300.0,VA,4.442516268980477,4.9536,XLarge,QHD,1,0,MSI,10.504385937469625,Gaming
Iiyama ProLite T2236MSC-B3,1413.0,1717.0,34774.299999999996,21.5,1920.0,1080.0,1.7777777777777777,102.460798608479,60.0,1000,250.0,IPS,5.0,2.0736,Small,FullHD,0,0,Iiyama,10.456662643641563,Non-Gaming
Lenovo Q27q-20,999.0,999.0,22197.78,27.0,2560.0,1440.0,1.7777777777777777,108.78553926332336,75.0,1000,300.0,IPS,4.0,3.6864,Large,QHD,0,0,Lenovo,10.007792611395336,Non-Gaming
Philips 272B1G,767.0,1011.0,19753.58,27.0,1920.0,1080.0,1.7777777777777777,81.58915444749253,75.0,1000,342.715043074884,IPS,4.0,2.0736,Large,FullHD,0,0,Philips,9.89114064217909,Non-Gaming
Acer Vero CB242YGbmiprx,443.0,760.0,13365.33,23.8,1920.0,1080.0,1.7777777777777777,92.55912479337388,120.0,1000,250.0,IPS,4.951367781155016,2.0736,Small,FullHD,1,0,Acer,9.500494137276933,Gaming
Xiaomi Mi Desktop Monitor 1C,365.0,796.0,12898.71,24.0,1920.0,1080.0,1.7777777777777777,91.7877987534291,60.0,1000,250.0,IPS,6.0,2.0736,Medium,FullHD,0,0,Xiaomi,9.464960109476916,Non-Gaming
Asus BE24EQK,705.0,923.0,18087.08,24.0,1920.0,1080.0,1.7777777777777777,91.7877987534291,60.0,1000,300.0,IPS,5.0,2.0736,Medium,FullHD,0,0,Asus,9.803008436769785,Non-Gaming
LG 34UB67,809.0,809.0,17975.98,34.0,2560.0,1080.0,2.3703703703703702,81.72025876146944,75.0,1000,300.0,IPS,5.0,2.7648,XLarge,FullHD,0,0,LG,9.796847329513117,Non-Gaming
Samsung Smart Monitor M80F 32,1999.0,2784.0,53139.13,31.5,3840.0,2160.0,1.7777777777777777,139.8671219099872,60.0,3000,400.0,VA,4.0,8.2944,Large,4K,0,0,Samsung,10.880687665678897,Non-Gaming
Hannspree HS248PPB,570.0,570.0,12665.4,24.0,1920.0,1080.0,1.7777777777777777,91.7877987534291,60.0,1000,250.0,Other,4.0,2.0736,Medium,FullHD,0,0,Hannspree,9.446708097187225,Non-Gaming
HP E24 G5,684.0,2217.0,32230.109999999997,23.8,1920.0,1080.0,1.7777777777777777,92.55912479337388,75.0,1000,250.0,IPS,5.0,2.0736,Small,FullHD,0,0,HP,10.380687414179208,Non-Gaming
Lenovo L27i-4A,499.0,719.0,13531.98,27.0,1920.0,1080.0,1.7777777777777777,81.58915444749253,100.0,1500,300.0,IPS,4.0,2.0736,Large,FullHD,0,0,Lenovo,9.5128849482065,Non-Gaming
Asus TUF Gaming VG259QMR5A,993.0,1437.0,26997.3,24.5,1920.0,1080.0,1.7777777777777777,89.91457837070605,310.0,1000,300.0,IPS,1.0,2.0736,Medium,FullHD,1,0,Asus,10.203529180041253,Gaming
Iiyama ProLite XUB2793QS-B7,723.0,943.0,18509.26,27.0,2560.0,1440.0,1.7777777777777777,108.78553926332336,100.0,1300,300.0,IPS,4.951367781155016,3.6864,Large,QHD,0,0,Iiyama,9.826080451930265,Non-Gaming
Neovo TM-23,1921.0,4156.0,67515.47,23.0,1920.0,1080.0,1.7777777777777777,95.77857261227383,75.0,1000,250.0,IPS,3.0,2.0736,Small,FullHD,0,0,Neovo,11.120126847097463,Non-Gaming
Philips Evnia 32M2N8900,3506.0,4076.0,84236.01999999999,31.5,3840.0,2160.0,1.7777777777777777,139.8671219099872,240.0,1500000,250.0,OLED,1.0,8.2944,Large,4K,1,1,Philips,11.341389771063435,Gaming
Acer Vero CB272UE3bmiprux,1268.0,1370.0,29308.18,27.0,2560.0,1440.0,1.7777777777777777,108.78553926332336,100.0,1000,350.0,IPS,4.0,3.6864,Large,QHD,0,0,Acer,10.285656056513853,Non-Gaming
Iiyama G-Master G2745QSU-B2,569.0,804.0,15254.03,27.0,2560.0,1440.0,1.7777777777777777,108.78553926332336,100.0,1300,300.0,IPS,4.951367781155016,3.6864,Large,QHD,0,0,Iiyama,9.632664563717174,Non-Gaming
BenQ PD3420Q,2795.0,4128.0,76914.53,34.0,3440.0,1440.0,2.388888888888889,109.68340725465096,60.0,1000,350.0,IPS,5.0,4.9536,XLarge,QHD,0,0,BenQ,11.250463085689637,Non-Gaming
Gigabyte GS27FA,469.0,784.0,13920.83,27.0,1920.0,1080.0,1.7777777777777777,81.58915444749253,180.0,1000,300.0,IPS,4.951367781155016,2.0736,Large,FullHD,1,0,Gigabyte,9.541213390764819,Gaming
Samsung Smart Monitor M70B 32,1300.0,1574.0,31930.14,32.0,3840.0,2160.0,1.7777777777777777,137.68169813014364,60.0,3000,300.0,VA,4.0,8.2944,XLarge,4K,0,0,Samsung,10.37133698817202,Non-Gaming
Samsung S24C364EAU,452.0,702.0,12820.94,24.0,1920.0,1080.0,1.7777777777777777,91.7877987534291,75.0,3000,250.0,VA,4.0,2.0736,Medium,FullHD,0,0,Samsung,9.45891304507907,Non-Gaming
MSI Optix MAG342CQR,1565.0,1565.0,34774.299999999996,34.0,3440.0,1440.0,2.388888888888889,109.68340725465096,144.0,4000,300.0,VA,4.0,4.9536,XLarge,QHD,1,0,MSI,10.456662643641563,Gaming
Acer Vero B248YGbemiqprcuzx,1036.0,1296.0,25908.52,23.8,1920.0,1080.0,1.7777777777777777,92.55912479337388,120.0,1500,300.0,IPS,4.0,2.0736,Small,FullHD,1,0,Acer,10.162365747718788,Gaming
Asus TUF Gaming VG259QL5A,589.0,814.0,15587.33,24.5,1920.0,1080.0,1.7777777777777777,89.91457837070605,200.0,1000,300.0,IPS,1.0,2.0736,Medium,FullHD,1,0,Asus,9.654277836365386,Gaming
Iiyama ProLite P1671HSC-B1,519.0,681.0,13332.0,15.6,1920.0,1080.0,1.7777777777777777,141.21199808219862,60.0,1000,250.0,IPS,3.0,2.0736,Small,FullHD,0,0,Iiyama,9.497997444115459,Non-Gaming
Asus TUF Gaming VG289Q,1104.0,4169.0,58583.03,28.0,3840.0,2160.0,1.7777777777777777,157.3505121487356,60.0,1000,350.0,IPS,5.0,8.2944,Large,4K,0,0,Asus,10.978217412825986,Non-Gaming
Asus TUF Gaming VG27VQM1B,799.0,1190.0,22097.789999999997,27.0,1920.0,1080.0,1.7777777777777777,81.58915444749253,280.0,4000,250.0,VA,1.0,2.0736,Large,FullHD,1,0,Asus,10.003278134875725,Gaming
HP 527pm,1759.0,2180.0,43762.29,27.0,2560.0,1440.0,1.7777777777777777,108.78553926332336,100.0,1500,350.0,IPS,5.0,3.6864,Large,QHD,0,0,HP,10.686550617085134,Non-Gaming
Dahua LM34-E330C,1181.0,1447.0,29197.08,34.0,3440.0,1440.0,2.388888888888889,109.68340725465096,165.0,3000,350.0,VA,4.442516268980477,4.9536,XLarge,QHD,1,0,Dahua,10.281858232669865,Gaming
HP M27f,632.0,699.0,14787.41,27.0,1920.0,1080.0,1.7777777777777777,81.58915444749253,60.0,1000,300.0,IPS,5.0,2.0736,Large,FullHD,0,0,HP,9.601599044854767,Non-Gaming
Asus ROG Strix OLED XG27ACDMS,2687.0,3222.0,65648.98999999999,26.5,2560.0,1440.0,1.7777777777777777,110.83809660791438,280.0,1500000,250.0,OLED,1.0,3.6864,Medium,QHD,1,0,Asus,11.092092727408007,Gaming
Asus TUF Gaming VG279QML5A,896.0,1120.0,22397.76,27.0,1920.0,1080.0,1.7777777777777777,81.58915444749253,240.0,1000,300.0,IPS,1.0,2.0736,Large,FullHD,1,0,Asus,10.016760879168011,Gaming
Iiyama ProLite LH4341UHS-B2,1996.0,2423.0,49095.09,42.5,3840.0,2160.0,1.7777777777777777,103.66621976857874,60.0,1200,500.0,IPS,8.0,8.2944,XLarge,4K,0,0,Iiyama,10.801534677210482,Non-Gaming
LG UltraGear 34GP63AP,1184.0,1702.0,32063.46,34.0,3440.0,1440.0,2.388888888888889,109.68340725465096,160.0,3000,300.0,VA,4.442516268980477,4.9536,XLarge,QHD,1,0,LG,10.375503530649015,Gaming
Philips 27B2G5601,1279.0,1362.0,29341.51,27.0,2560.0,1440.0,1.7777777777777777,108.78553926332336,100.0,1500,300.0,IPS,4.0,3.6864,Large,QHD,0,0,Philips,10.286792596776811,Non-Gaming
Dell P2418HZm,798.0,1537.0,25941.85,24.0,1920.0,1080.0,1.7777777777777777,91.7877987534291,60.0,1000,250.0,IPS,6.0,2.0736,Medium,FullHD,0,0,Dell,10.163651320763583,Non-Gaming
HP V24ie G5,507.0,637.0,12709.84,23.8,1920.0,1080.0,1.7777777777777777,92.55912479337388,75.0,1000,250.0,IPS,5.0,2.0736,Small,FullHD,0,0,HP,9.450210451692827,Non-Gaming
Dell Pro Plus P2724DEB,1829.0,2156.0,44273.35,27.0,2560.0,1440.0,1.7777777777777777,108.78553926332336,60.0,1000,350.0,IPS,5.0,3.6864,Large,QHD,0,0,Dell,10.698160781572065,Non-Gaming
Gigabyte G24F 2,581.0,663.0,13820.84,23.8,1920.0,1080.0,1.7777777777777777,92.55912479337388,165.0,1100,300.0,IPS,2.0,2.0736,Small,FullHD,1,0,Gigabyte,9.534005228835534,Gaming
Asus ROG Swift PG27AQN,4228.0,4784.0,100123.32,27.0,2560.0,1440.0,1.7777777777777777,108.78553926332336,360.0,1000,600.0,IPS,1.0,3.6864,Large,QHD,1,0,Asus,11.514167892836987,Gaming
Philips 49B2U5900CH,4079.0,4668.0,97179.17,48.8,5120.0,1440.0,3.5555555555555554,108.9886566465224,75.0,3000,450.0,VA,4.0,7.3728,XLarge,QHD,0,0,Philips,11.484321957289502,Non-Gaming
MSI MAG 274UPF E2,1556.0,2022.0,39751.579999999994,27.0,3840.0,2160.0,1.7777777777777777,163.1783088949851,160.0,1000,400.0,IPS,4.951367781155016,8.2944,Large,4K,1,1,MSI,10.590430023636573,Gaming
Philips 27B1U7903,3272.0,3542.0,75703.54,27.0,3840.0,2160.0,1.7777777777777777,163.1783088949851,60.0,1300,1400.0,IPS,4.0,8.2944,Large,4K,0,0,Philips,11.234593411207118,Non-Gaming
Iiyama G-Master GB2790QSU-B5,1349.0,1499.0,31641.28,27.0,2560.0,1440.0,1.7777777777777777,108.78553926332336,240.0,1000,400.0,IPS,4.951367781155016,3.6864,Large,QHD,1,0,Iiyama,10.362249479968025,Gaming
Philips 24E1N1300AE,492.0,725.0,13520.87,23.8,1920.0,1080.0,1.7777777777777777,92.55912479337388,100.0,1300,250.0,IPS,4.0,2.0736,Small,FullHD,0,0,Philips,9.512063653641977,Non-Gaming
Viewsonic VG2409-MHDU-2,877.0,937.0,20153.539999999997,23.8,1920.0,1080.0,1.7777777777777777,92.55912479337388,100.0,1300,350.0,IPS,4.0,2.0736,Small,FullHD,0,0,Viewsonic,9.91118485217,Non-Gaming
Dell Pro Plus P3424WEB,2729.0,3955.0,74259.23999999999,34.1,3440.0,1440.0,2.388888888888889,109.36175503396284,60.0,1000,300.0,IPS,5.0,4.9536,XLarge,QHD,0,0,Dell,11.21533095961381,Non-Gaming
AOC 22P2DU,728.0,1069.0,19964.67,22.0,1920.0,1080.0,1.7777777777777777,100.13214409464992,75.0,1000,250.0,IPS,4.0,2.0736,Small,FullHD,0,0,AOC,9.901769577662014,Non-Gaming
BenQ Mobiuz EX3410R,1707.0,2510.0,46850.869999999995,34.0,3440.0,1440.0,2.388888888888889,109.68340725465096,144.0,3000,400.0,VA,2.0,4.9536,XLarge,QHD,1,0,BenQ,10.754746201491132,Gaming
Philips 27B2N4500,926.0,1030.0,21731.16,27.0,2560.0,1440.0,1.7777777777777777,108.78553926332336,120.0,1500,350.0,IPS,4.0,3.6864,Large,QHD,1,0,Philips,9.986548470059184,Gaming
MSI PRO MP273QW E2,630.0,630.0,13998.6,27.0,2560.0,1440.0,1.7777777777777777,108.78553926332336,100.0,1300,400.0,IPS,4.0,3.6864,Large,QHD,0,0,MSI,9.546784036760654,Non-Gaming
Iiyama G-Master GB2590HSU-B5,800.0,921.0,19120.31,24.5,1920.0,1080.0,1.7777777777777777,89.91457837070605,240.0,1000,400.0,IPS,4.951367781155016,2.0736,Medium,FullHD,1,0,Iiyama,9.858558698902723,Gaming
AOC 24B2XDA,606.0,606.0,13465.32,24.0,1920.0,1080.0,1.7777777777777777,91.7877987534291,75.0,1000,250.0,IPS,4.0,2.0736,Medium,FullHD,0,0,AOC,9.507947032375528,Non-Gaming
Viewsonic VG2408A-MHD,446.0,734.0,13109.8,23.8,1920.0,1080.0,1.7777777777777777,92.55912479337388,100.0,1300,250.0,IPS,5.0,2.0736,Small,FullHD,0,0,Viewsonic,9.48119159701649,Non-Gaming
ASRock Phantom Gaming PG34WQ15R2B,1108.0,1816.0,32485.64,34.0,3440.0,1440.0,2.388888888888889,109.68340725465096,165.0,3000,550.0,VA,5.0,4.9536,XLarge,QHD,1,0,ASRock,10.388584206879472,Gaming
Asus TUF Gaming VG257Q5A,646.0,751.0,15520.67,24.5,1920.0,1080.0,1.7777777777777777,89.91457837070605,200.0,3500,300.0,VA,4.442516268980477,2.0736,Medium,FullHD,1,0,Asus,9.649992391041195,Gaming
Lenovo ThinkVision C24d-20,632.0,986.0,17975.98,24.0,1920.0,1200.0,1.6,94.33981132056604,60.0,1000,300.0,IPS,5.0,2.304,Medium,FullHD,0,0,Lenovo,9.796847329513117,Non-Gaming
HP V24i G5,453.0,807.0,13998.6,23.8,1920.0,1080.0,1.7777777777777777,92.55912479337388,75.0,1000,250.0,IPS,5.0,2.0736,Small,FullHD,0,0,HP,9.546784036760654,Non-Gaming
Dell Pro Plus P2424HT,1427.0,2313.0,41551.4,23.8,1920.0,1080.0,1.7777777777777777,92.55912479337388,60.0,1000,300.0,IPS,5.0,2.0736,Small,FullHD,0,0,Dell,10.634710560348301,Non-Gaming
MSI MAG 325CQRXF E2,1799.0,1914.0,41251.43,31.5,2560.0,1440.0,1.7777777777777777,93.24474793999148,240.0,3500,300.0,VA,4.442516268980477,3.6864,Large,QHD,1,0,MSI,10.627465299118663,Gaming
Philips 49B2U6900CH,4020.0,4972.0,99901.12,48.8,5120.0,1440.0,3.5555555555555554,108.9886566465224,75.0,3000,450.0,VA,4.0,7.3728,XLarge,QHD,0,0,Philips,11.511946185632699,Non-Gaming
Dahua LM43-F400,1532.0,1562.0,34374.34,43.0,3840.0,2160.0,1.7777777777777777,102.460798608479,60.0,1200,400.0,IPS,8.0,8.2944,XLarge,4K,0,0,Dahua,10.445094725829048,Non-Gaming
HP 527pu,1150.0,1800.0,32774.5,27.0,2560.0,1440.0,1.7777777777777777,108.78553926332336,100.0,1500,350.0,IPS,5.0,3.6864,Large,QHD,0,0,HP,10.397436564045666,Non-Gaming
HP M27fq,812.0,1672.0,27597.24,27.0,2560.0,1440.0,1.7777777777777777,108.78553926332336,75.0,1000,300.0,IPS,5.0,3.6864,Large,QHD,0,0,HP,10.225507281556027,Non-Gaming
Acer SB272Ebi,486.0,578.0,11821.04,27.0,1920.0,1080.0,1.7777777777777777,81.58915444749253,100.0,1000,250.0,IPS,1.0,2.0736,Large,FullHD,0,0,Acer,9.377720864900837,Non-Gaming
Neovo QM-4302,2507.0,3537.0,67148.84,43.0,3840.0,2160.0,1.7777777777777777,102.460798608479,76.0,4500,400.0,IPS,5.0,8.2944,XLarge,4K,0,0,Neovo,11.114681819223303,Non-Gaming
Iiyama ProLite LH5575UHS-B1AG,3807.0,4786.0,95468.23,54.6,3840.0,2160.0,1.7777777777777777,80.69257033268492,60.0,1200,500.0,IPS,8.0,8.2944,XLarge,4K,0,0,Iiyama,11.466559275598707,Non-Gaming
AOC 27B2H,396.0,1089.0,16498.35,27.0,1920.0,1080.0,1.7777777777777777,81.58915444749253,75.0,1000,250.0,IPS,8.0,2.0736,Large,FullHD,0,0,AOC,9.711076265173316,Non-Gaming
Acer Vero B277DEbmiprczxv,911.0,1024.0,21497.85,27.0,1920.0,1080.0,1.7777777777777777,81.58915444749253,100.0,1000,250.0,IPS,4.0,2.0736,Large,FullHD,0,0,Acer,9.975754724313108,Non-Gaming
Gigabyte Aorus FO27Q2,2641.0,3800.0,71559.51,27.0,2560.0,1440.0,1.7777777777777777,108.78553926332336,240.0,1500000,250.0,OLED,1.0,3.6864,Large,QHD,1,0,Gigabyte,11.178298664483789,Gaming
Asus TUF Gaming VG289Q1A,938.0,1161.0,23319.89,28.0,3840.0,2160.0,1.7777777777777777,157.3505121487356,60.0,1000,350.0,IPS,5.0,8.2944,Large,4K,0,0,Asus,10.0571048044017,Non-Gaming
Lenovo Legion Y27qf-30,1719.0,1879.0,39973.78,27.0,2560.0,1440.0,1.7777777777777777,108.78553926332336,240.0,1000,400.0,IPS,1.0,3.6864,Large,QHD,1,0,Lenovo,10.596004034247361,Gaming
Asus TUF Gaming VG249Q5R,623.0,879.0,16687.219999999998,23.8,1920.0,1080.0,1.7777777777777777,92.55912479337388,200.0,1000,300.0,IPS,1.0,2.0736,Small,FullHD,1,0,Asus,9.722458360279257,Gaming
LG UltraWide 34BR65F,980.0,1249.0,24764.19,34.0,2560.0,1080.0,2.3703703703703702,81.72025876146944,75.0,1000,400.0,IPS,5.0,2.7648,XLarge,FullHD,0,0,LG,10.117194317110815,Non-Gaming
Asus TUF Gaming VG27AQZ,1188.0,1473.0,29563.71,27.0,2560.0,1440.0,1.7777777777777777,108.78553926332336,165.0,1000,350.0,IPS,4.951367781155016,3.6864,Large,QHD,1,0,Asus,10.294336699311168,Gaming
Acer Vero CB272UGbmiiprx,759.0,892.0,18342.61,27.0,2560.0,1440.0,1.7777777777777777,108.78553926332336,120.0,1000,350.0,IPS,4.951367781155016,3.6864,Large,QHD,1,0,Acer,9.817036563954126,Gaming
Iiyama G-Master GB2470HSU-B5,749.0,749.0,16642.78,23.8,1920.0,1080.0,1.7777777777777777,92.55912479337388,165.0,1100,250.0,IPS,4.0,2.0736,Small,FullHD,1,0,Iiyama,9.719791852039025,Gaming
Iiyama G-Master GB2745QSU-B2,579.0,920.0,16653.89,27.0,2560.0,1440.0,1.7777777777777777,108.78553926332336,100.0,1300,300.0,IPS,4.951367781155016,3.6864,Large,QHD,0,0,Iiyama,9.720459145982733,Non-Gaming
Acer SH272UEbmiphux,699.0,992.0,18787.01,27.0,2560.0,1440.0,1.7777777777777777,108.78553926332336,100.0,1000,250.0,IPS,4.951367781155016,3.6864,Large,QHD,0,0,Acer,9.840974179401375,Non-Gaming
Dell P1424H,1074.0,1784.0,31752.379999999997,14.0,1920.0,1080.0,1.7777777777777777,157.3505121487356,60.0,700,300.0,IPS,6.0,2.0736,Small,FullHD,0,0,Dell,10.36575445534764,Non-Gaming
MSI Optix MAG274QRF-QD,1292.0,3546.0,53750.18,27.0,2560.0,1440.0,1.7777777777777777,108.78553926332336,165.0,1000,300.0,Other,1.0,3.6864,Large,QHD,1,0,MSI,10.892120899237307,Gaming
MSI G244PF E2,957.0,957.0,21264.539999999997,23.8,1920.0,1080.0,1.7777777777777777,92.55912479337388,180.0,1000,300.0,IPS,1.0,2.0736,Small,FullHD,1,0,MSI,9.964843201204959,Gaming
Hannspree HP278WJB,680.0,858.0,17087.18,27.0,1920.0,1080.0,1.7777777777777777,81.58915444749253,60.0,1000,300.0,VA,5.0,2.0736,Large,FullHD,0,0,Hannspree,9.746142275412307,Non-Gaming
HP OMEN 27q,846.0,1884.0,30330.3,27.0,2560.0,1440.0,1.7777777777777777,108.78553926332336,165.0,1000,400.0,IPS,1.0,3.6864,Large,QHD,1,0,HP,10.319935461617035,Gaming
BenQ SW242Q,2025.0,2352.0,48628.469999999994,24.1,2560.0,1600.0,1.6,125.26447976174744,60.0,1000,400.0,IPS,5.0,4.096,Medium,QHD,0,0,BenQ,10.79198500471619,Non-Gaming
Iiyama ProLite XUB2793QSU-B6,642.0,947.0,17653.79,27.0,2560.0,1440.0,1.7777777777777777,108.78553926332336,100.0,1300,250.0,IPS,4.951367781155016,3.6864,Large,QHD,0,0,Iiyama,9.778762413644337,Non-Gaming
Lenovo TIO 27,1659.0,2092.0,41673.61,27.0,2560.0,1440.0,1.7777777777777777,108.78553926332336,60.0,1000,350.0,IPS,6.0,3.6864,Large,QHD,0,0,Lenovo,10.637647349446834,Non-Gaming
BenQ EW3290U,1870.0,2535.0,48939.55,31.5,3840.0,2160.0,1.7777777777777777,139.8671219099872,60.0,1000,350.0,IPS,5.0,8.2944,Large,4K,0,0,BenQ,10.798361575184433,Non-Gaming
Iiyama ProLite T2234MSC-B1S,2384.0,3353.0,63738.07,21.5,1920.0,1080.0,1.7777777777777777,102.460798608479,60.0,1000,350.0,IPS,8.0,2.0736,Small,FullHD,0,0,Iiyama,11.06255299734088,Non-Gaming
AOC Q27P4U,1026.0,1026.0,22797.72,27.0,2560.0,1440.0,1.7777777777777777,108.78553926332336,120.0,1500,350.0,IPS,4.0,3.6864,Large,QHD,1,0,AOC,10.034459673015727,Gaming
Acer Vero CB241Ybmirux,1699.0,1699.0,37751.78,23.8,1920.0,1080.0,1.7777777777777777,92.55912479337388,75.0,1000,250.0,IPS,4.951367781155016,2.0736,Small,FullHD,0,0,Acer,10.53881439434981,Non-Gaming
Terra 2727W V2,406.0,483.0,9876.79,27.0,1920.0,1080.0,1.7777777777777777,81.58915444749253,100.0,1000,300.0,VA,5.0,2.0736,Large,FullHD,0,0,Terra,9.198044081510343,Non-Gaming
Xiaomi Mi Curved Gaming Monitor 30,1291.0,1291.0,28686.019999999997,30.0,2560.0,1080.0,2.3703703703703702,92.6162932629987,200.0,3000,300.0,VA,4.0,2.7648,Large,FullHD,1,0,Xiaomi,10.264200034636776,Gaming
Philips 34E1C5600HE,1098.0,1722.0,31330.199999999997,34.0,3440.0,1440.0,2.388888888888889,109.68340725465096,100.0,3000,300.0,VA,4.0,4.9536,XLarge,QHD,0,0,Philips,10.352369685159752,Non-Gaming
Asus BE24ECSNK,990.0,1464.0,27263.94,24.0,1920.0,1080.0,1.7777777777777777,91.7877987534291,60.0,1000,300.0,IPS,5.0,2.0736,Medium,FullHD,0,0,Asus,10.21335690673423,Non-Gaming
Asus TUF Gaming VG24VQER,436.0,666.0,12243.22,23.6,1920.0,1080.0,1.7777777777777777,93.3435241560296,180.0,3000,250.0,VA,4.442516268980477,2.0736,Small,FullHD,1,0,Asus,9.4128092678882,Gaming
Viewsonic VX2718-2KPC-MHD,755.0,1101.0,20620.16,27.0,2560.0,1440.0,1.7777777777777777,108.78553926332336,165.0,4000,250.0,VA,1.0,3.6864,Large,QHD,1,0,Viewsonic,9.934073012050714,Gaming
BenQ ST4304,4135.0,4322.0,93957.27,43.0,3840.0,2160.0,1.7777777777777777,102.460798608479,60.0,1200,350.0,IPS,8.0,8.2944,XLarge,4K,0,0,BenQ,11.450606026513093,Non-Gaming
Dell Plus S2725QC,1120.0,1891.0,33452.21,27.0,3840.0,2160.0,1.7777777777777777,163.1783088949851,120.0,1500,350.0,IPS,4.0,8.2944,Large,4K,1,1,Dell,10.417903025077672,Gaming
LG 27BA450,656.0,826.0,16465.02,27.0,1920.0,1080.0,1.7777777777777777,81.58915444749253,100.0,1300,250.0,IPS,5.0,2.0736,Large,FullHD,0,0,LG,9.709054142481708,Non-Gaming
Samsung ViewFinity S80D 27,1443.0,1978.0,38007.31,27.0,3840.0,2160.0,1.7777777777777777,163.1783088949851,60.0,1000,350.0,IPS,5.0,8.2944,Large,4K,0,0,Samsung,10.545560099011142,Non-Gaming
Philips 326P1H,1952.0,2810.0,52905.82,32.0,2560.0,1440.0,1.7777777777777777,91.7877987534291,75.0,1000,350.0,IPS,4.0,3.6864,XLarge,QHD,0,0,Philips,10.876287532031874,Non-Gaming
LG UltraGear 34GN850,2240.0,2951.0,57672.009999999995,34.0,3440.0,1440.0,2.388888888888889,109.68340725465096,160.0,1000,400.0,IPS,1.0,4.9536,XLarge,QHD,1,0,LG,10.96254457876225,Gaming
HP Z24n G3,1177.0,1177.0,26152.94,24.0,1920.0,1200.0,1.6,94.33981132056604,60.0,1000,350.0,IPS,5.0,2.304,Medium,FullHD,0,0,HP,10.171755127359663,Non-Gaming
Neovo VA-3201,762.0,922.0,18709.24,31.5,1920.0,1080.0,1.7777777777777777,69.9335609549936,75.0,4000,300.0,VA,5.0,2.0736,Large,FullHD,0,0,Neovo,9.836826246550912,Non-Gaming
Asus TUF Gaming VG249QE5A,499.0,580.0,11987.69,23.8,1920.0,1080.0,1.7777777777777777,92.55912479337388,144.0,1500,300.0,IPS,4.0,2.0736,Small,FullHD,1,0,Asus,9.39171898433774,Gaming
Dell Pro E2425HSM,453.0,598.0,11676.61,23.8,1920.0,1080.0,1.7777777777777777,92.55912479337388,100.0,1000,250.0,IPS,5.0,2.0736,Small,FullHD,0,0,Dell,9.365428612156345,Non-Gaming
Viewsonic TD2465,1674.0,1881.0,39496.05,23.8,1920.0,1080.0,1.7777777777777777,92.55912479337388,60.0,3000,250.0,VA,7.0,2.0736,Small,FullHD,0,0,Viewsonic,10.583981264555955,Non-Gaming
Viewsonic VP2768a,699.0,1511.0,24553.1,27.0,2560.0,1440.0,1.7777777777777777,108.78553926332336,60.0,1000,350.0,IPS,5.0,3.6864,Large,QHD,0,0,Viewsonic,10.108634125388678,Non-Gaming
Asus ZenScreen MB166CR,562.0,893.0,16165.05,15.6,1920.0,1080.0,1.7777777777777777,141.21199808219862,60.0,800,250.0,IPS,5.0,2.0736,Small,FullHD,0,0,Asus,9.690668643200054,Non-Gaming
Dell P2722H,2104.0,2104.0,46750.88,27.0,1920.0,1080.0,1.7777777777777777,81.58915444749253,60.0,1000,300.0,IPS,5.0,2.0736,Large,FullHD,0,0,Dell,10.752609747812018,Non-Gaming
Lenovo Legion R25i-30,499.0,919.0,15753.98,24.5,1920.0,1080.0,1.7777777777777777,89.91457837070605,165.0,1000,350.0,IPS,5.0,2.0736,Medium,FullHD,1,0,Lenovo,9.664911784752295,Gaming
Dell SE2725HM,423.0,559.0,10910.02,27.0,1920.0,1080.0,1.7777777777777777,81.58915444749253,100.0,1000,250.0,IPS,5.0,2.0736,Large,FullHD,0,0,Dell,9.297528566665974,Non-Gaming
MSI PRO MP273A,416.0,1160.0,17509.36,27.0,1920.0,1080.0,1.7777777777777777,81.58915444749253,100.0,1000,342.715043074884,IPS,4.0,2.0736,Large,FullHD,0,0,MSI,9.770547984748733,Non-Gaming
Eizo FlexScan EV2410R,1513.0,1759.0,36351.92,24.1,1920.0,1200.0,1.6,93.94835982131056,60.0,1300,350.0,IPS,5.0,2.304,Medium,FullHD,0,0,Eizo,10.50102980985917,Non-Gaming
BenQ Zowie XL2746K,2381.0,3166.0,61627.17,27.0,1920.0,1080.0,1.7777777777777777,81.58915444749253,240.0,1000,320.0,TN,1.0,2.0736,Large,FullHD,1,0,BenQ,11.028874350184264,Gaming
AOC 24G2SU,878.0,878.0,19509.16,23.8,1920.0,1080.0,1.7777777777777777,92.55912479337388,165.0,3000,350.0,VA,4.0,2.0736,Small,FullHD,1,0,AOC,9.878690634506134,Gaming
Acer Nitro QG241Ybii,717.0,717.0,15931.74,24.0,1920.0,1080.0,1.7777777777777777,91.7877987534291,75.0,3000,250.0,VA,5.0,2.0736,Medium,FullHD,0,0,Acer,9.676131390624343,Non-Gaming
KOORUI GN06,599.0,623.0,13576.42,27.0,1920.0,1080.0,1.7777777777777777,81.58915444749253,165.0,1000,300.0,IPS,5.0,2.0736,Large,FullHD,1,0,KOORUI,9.51616339779074,Gaming
Dell C2422HE,1941.0,1941.0,43129.02,24.0,1920.0,1080.0,1.7777777777777777,91.7877987534291,60.0,1000,250.0,IPS,5.0,2.0736,Medium,FullHD,0,0,Dell,10.671974553356133,Non-Gaming
Cooler Master GM27QP,1900.0,1900.0,42218.0,27.0,2560.0,1440.0,1.7777777777777777,108.78553926332336,240.0,2500,400.0,VA,1.0,3.6864,Large,QHD,1,0,Cooler Master,10.650625635664678,Gaming
AOC C27G2ZU,945.0,1261.0,24508.66,27.0,1920.0,1080.0,1.7777777777777777,81.58915444749253,240.0,3000,300.0,VA,4.0,2.0736,Large,FullHD,1,0,AOC,10.106822604536918,Gaming
Philips Evnia 32M2C5500W,1257.0,1887.0,34929.84,31.5,2560.0,1440.0,1.7777777777777777,93.24474793999148,240.0,4000,500.0,VA,4.442516268980477,3.6864,Large,QHD,1,0,Philips,10.46112538560792,Gaming
Viewsonic VG2448,994.0,994.0,22086.68,24.0,1920.0,1080.0,1.7777777777777777,91.7877987534291,60.0,1000,250.0,IPS,5.0,2.0736,Medium,FullHD,0,0,Viewsonic,10.002775266000517,Non-Gaming
LG 24BA650,690.0,690.0,15331.8,23.8,1920.0,1080.0,1.7777777777777777,92.55912479337388,100.0,1300,250.0,IPS,5.0,2.0736,Small,FullHD,0,0,LG,9.637749603589498,Non-Gaming
Philips 222S1AE,603.0,907.0,16776.1,22.0,1920.0,1080.0,1.7777777777777777,100.13214409464992,75.0,1000,250.0,IPS,4.0,2.0736,Small,FullHD,0,0,Philips,9.727770140293854,Non-Gaming
HP 727pq,1631.0,2312.0,43806.73,27.0,2560.0,1440.0,1.7777777777777777,108.78553926332336,120.0,2000,400.0,IPS,5.0,3.6864,Large,QHD,1,0,HP,10.68756556481133,Gaming
Acer Nitro XF240YX1biiph,449.0,592.0,11565.51,23.8,1920.0,1080.0,1.7777777777777777,92.55912479337388,200.0,1000,250.0,IPS,4.951367781155016,2.0736,Small,FullHD,1,0,Acer,9.355869132506523,Gaming
HP OMEN X 27,2099.0,3101.0,57772.0,27.0,2560.0,1440.0,1.7777777777777777,108.78553926332336,240.0,1000,400.0,TN,1.0,3.6864,Large,QHD,1,0,HP,10.9642768174945,Gaming
Acer Nitro XV270Pbmiiprx,1987.0,1987.0,44151.14,27.0,1920.0,1080.0,1.7777777777777777,81.58915444749253,165.0,1000,250.0,IPS,4.951367781155016,2.0736,Large,FullHD,1,0,Acer,10.695396675978596,Gaming
LG UltraWide 34WR55QK,1158.0,1452.0,28997.1,34.0,3440.0,1440.0,2.388888888888889,109.68340725465096,100.0,3000,300.0,VA,5.0,4.9536,XLarge,QHD,0,0,LG,10.274985589580883,Non-Gaming
Lenovo E27q-20,940.0,1258.0,24419.78,27.0,2560.0,1440.0,1.7777777777777777,108.78553926332336,75.0,1000,350.0,IPS,4.0,3.6864,Large,QHD,0,0,Lenovo,10.103189688186532,Non-Gaming
Samsung Odyssey OLED G93SD 49,4133.0,4899.0,100345.52,49.0,5120.0,1440.0,3.5555555555555554,108.54380498674064,240.0,1000000,250.0,OLED,1.0,7.3728,XLarge,QHD,1,0,Samsung,11.516384674998354,Gaming
Dell S3422DW,1939.0,1939.0,43084.579999999994,34.0,3440.0,1440.0,2.388888888888889,109.68340725465096,100.0,3000,300.0,VA,4.0,4.9536,XLarge,QHD,0,0,Dell,10.670943649344892,Non-Gaming
Philips 242B1V,1749.0,1869.0,40195.98,24.0,1920.0,1080.0,1.7777777777777777,91.7877987534291,75.0,1000,350.0,IPS,4.0,2.0736,Medium,FullHD,0,0,Philips,10.601547147407025,Non-Gaming
Samsung Odyssey OLED G61SD 27,2299.0,2747.0,56061.06,27.0,2560.0,1440.0,1.7777777777777777,108.78553926332336,240.0,1000000,250.0,OLED,1.0,3.6864,Large,QHD,1,0,Samsung,10.934214570386853,Gaming
MSI MAG 271QPX QD-OLED E2,2490.0,4082.0,73014.92,26.5,2560.0,1440.0,1.7777777777777777,110.83809660791438,240.0,1500000,250.0,OLED,1.0,3.6864,Medium,QHD,1,0,MSI,11.198432778545845,Gaming
Philips 275B1H,1130.0,1395.0,28052.75,27.0,2560.0,1440.0,1.7777777777777777,108.78553926332336,75.0,1000,300.0,IPS,4.0,3.6864,Large,QHD,0,0,Philips,10.241877591854724,Non-Gaming
Dell UltraSharp U2722D,1576.0,2575.0,46117.61,27.0,2560.0,1440.0,1.7777777777777777,108.78553926332336,60.0,1000,350.0,IPS,5.0,3.6864,Large,QHD,0,0,Dell,10.738971835160383,Non-Gaming
Ricoh Portable Monitor 150BW,1829.0,2408.0,47073.07,15.6,1920.0,1080.0,1.7777777777777777,141.21199808219862,60.0,100000,300.0,OLED,1.0,2.0736,Small,FullHD,0,0,Ricoh,10.759477597621231,Non-Gaming
MSI Optix G27CQ4 E2,2209.0,2209.0,49083.98,27.0,2560.0,1440.0,1.7777777777777777,108.78553926332336,170.0,3000,250.0,VA,4.0,3.6864,Large,QHD,1,0,MSI,10.801308360670086,Gaming
Lenovo ThinkVision S22i-30,415.0,610.0,11387.75,21.5,1920.0,1080.0,1.7777777777777777,102.460798608479,75.0,1000,250.0,IPS,6.0,2.0736,Small,FullHD,0,0,Lenovo,9.340381305028068,Non-Gaming
AOC CQ27G4X,673.0,1104.0,19742.47,27.0,2560.0,1440.0,1.7777777777777777,108.78553926332336,180.0,4000,300.0,VA,1.0,3.6864,Large,QHD,1,0,AOC,9.890578082746764,Gaming
LG MyView 27SR50F,710.0,1413.0,23586.53,27.0,1920.0,1080.0,1.7777777777777777,81.58915444749253,60.0,1000,250.0,IPS,14.0,2.0736,Large,FullHD,0,0,LG,10.068473461536092,Non-Gaming
Acer Nitro XZ322QUP3bmiiphx,969.0,1148.0,23519.87,31.5,2560.0,1440.0,1.7777777777777777,93.24474793999148,180.0,3500,400.0,VA,4.442516268980477,3.6864,Large,QHD,1,0,Acer,10.065643391124375,Gaming
LG 32MN500M,1374.0,1374.0,30530.28,32.0,1920.0,1080.0,1.7777777777777777,68.84084906507182,75.0,1200,250.0,IPS,5.0,2.0736,XLarge,FullHD,0,0,LG,10.326507010824505,Non-Gaming
NEC MultiSync M321,2763.0,2763.0,61393.85999999999,32.0,1920.0,1080.0,1.7777777777777777,68.84084906507182,60.0,1100,450.0,IPS,8.0,2.0736,XLarge,FullHD,0,0,NEC,11.025081397276026,Non-Gaming
Asus CG32UQ,1142.0,1142.0,25375.24,32.0,3840.0,2160.0,1.7777777777777777,137.68169813014364,60.0,3000,600.0,VA,5.0,8.2944,XLarge,4K,0,0,Asus,10.14156858214521,Non-Gaming
Philips 24B1U5301H,1153.0,1728.0,32007.91,23.8,1920.0,1080.0,1.7777777777777777,92.55912479337388,75.0,1000,300.0,IPS,4.0,2.0736,Small,FullHD,0,0,Philips,10.373769580525337,Non-Gaming
LG UltraWide 34WP500,2339.0,2339.0,51972.579999999994,34.0,2560.0,1080.0,2.3703703703703702,81.72025876146944,75.0,1000,250.0,IPS,5.0,2.7648,XLarge,FullHD,0,0,LG,10.858490791525671,Non-Gaming
Neovo NSD-4303,2026.0,2485.0,50117.21,42.5,3840.0,2160.0,1.7777777777777777,103.66621976857874,60.0,4000,500.0,VA,5.0,8.2944,XLarge,4K,0,0,Neovo,10.82213969408652,Non-Gaming
Samsung S27C360E,714.0,971.0,18720.35,27.0,1920.0,1080.0,1.7777777777777777,81.58915444749253,75.0,3000,250.0,VA,4.0,2.0736,Large,FullHD,0,0,Samsung,9.83741986281601,Non-Gaming
AOC U27V4EA,730.0,730.0,16220.6,27.0,3840.0,2160.0,1.7777777777777777,163.1783088949851,60.0,1000,350.0,IPS,4.0,8.2944,Large,4K,0,0,AOC,9.694098966454254,Non-Gaming
Viewsonic XG24G1,489.0,564.0,11698.83,23.8,1920.0,1080.0,1.7777777777777777,92.55912479337388,180.0,1000,300.0,IPS,4.951367781155016,2.0736,Small,FullHD,1,0,Viewsonic,9.367329590765758,Gaming
Acer Nitro XZ273UX2bmiiprx,799.0,1172.0,21897.81,27.0,2560.0,1440.0,1.7777777777777777,108.78553926332336,240.0,1000,250.0,VA,4.442516268980477,3.6864,Large,QHD,1,0,Acer,9.994187576428692,Gaming
Iiyama ProLite XUB2496HSU-B1,801.0,801.0,17798.219999999998,24.0,1920.0,1080.0,1.7777777777777777,91.7877987534291,75.0,1000,250.0,IPS,4.0,2.0736,Medium,FullHD,0,0,Iiyama,9.786909915095324,Non-Gaming
Philips 276E8VJSB,1050.0,1249.0,25541.89,27.0,3840.0,2160.0,1.7777777777777777,163.1783088949851,60.0,1000,350.0,IPS,5.0,8.2944,Large,4K,0,0,Philips,10.148114279018877,Non-Gaming
MSI MAG 321CQF E18,1200.0,1309.0,27874.99,31.5,2560.0,1440.0,1.7777777777777777,93.24474793999148,180.0,3000,300.0,VA,4.442516268980477,3.6864,Large,QHD,1,0,MSI,10.23552102382682,Gaming
Eizo FlexScan S2134,3902.0,4372.0,91924.14,21.3,1600.0,1200.0,1.3333333333333333,93.89671361502349,60.0,1800,500.0,IPS,6.0,1.92,Small,HD,0,0,Eizo,11.428729829149004,Non-Gaming
Fujitsu B22-8 TS Pro,354.0,498.0,9465.72,22.0,1920.0,1080.0,1.7777777777777777,100.13214409464992,60.0,1000,250.0,IPS,5.0,2.0736,Small,FullHD,0,0,Fujitsu,9.155537769268134,Non-Gaming
KOORUI GN02,659.0,659.0,14642.98,27.0,1920.0,1080.0,1.7777777777777777,81.58915444749253,240.0,3000,300.0,VA,6.0,2.0736,Large,FullHD,1,0,KOORUI,9.59178460849213,Gaming
Acer Vero CB322QKAbmiiprx,1351.0,1571.0,32463.42,31.5,3840.0,2160.0,1.7777777777777777,139.8671219099872,60.0,1000,350.0,IPS,4.0,8.2944,Large,4K,0,0,Acer,10.387899999389498,Non-Gaming
AOC 25G42E,379.0,499.0,9754.58,24.5,1920.0,1080.0,1.7777777777777777,89.91457837070605,180.0,1000,300.0,IPS,1.0,2.0736,Medium,FullHD,1,0,AOC,9.18559470797861,Gaming
Dell Pro E2725HM,468.0,598.0,11843.26,27.0,1920.0,1080.0,1.7777777777777777,81.58915444749253,100.0,1000,300.0,IPS,5.0,2.0736,Large,FullHD,0,0,Dell,9.379598641023769,Non-Gaming
Iiyama ProLite XUB2797QSU-B1,999.0,1129.0,23642.08,27.0,2560.0,1440.0,1.7777777777777777,108.78553926332336,100.0,1300,250.0,IPS,4.951367781155016,3.6864,Large,QHD,0,0,Iiyama,10.07082575068139,Non-Gaming
Lenovo ThinkVision T32h-30,1624.0,2318.0,43795.619999999995,31.5,2560.0,1440.0,1.7777777777777777,93.24474793999148,60.0,1000,350.0,IPS,4.0,3.6864,Large,QHD,0,0,Lenovo,10.68731192443709,Non-Gaming
HP V22ve G5,349.0,523.0,9687.92,21.45,1920.0,1080.0,1.7777777777777777,102.69963496887172,75.0,3000,200.0,VA,5.0,2.0736,Small,FullHD,0,0,HP,9.17873824356487,Non-Gaming
BenQ Mobiuz EX270QM,3719.0,4980.0,96645.89,27.0,2560.0,1440.0,1.7777777777777777,108.78553926332336,240.0,1000,400.0,IPS,1.0,3.6864,Large,QHD,1,0,BenQ,11.478819306157037,Gaming
HP 524pn,793.0,1108.0,21120.11,24.0,1920.0,1200.0,1.6,94.33981132056604,100.0,1500,350.0,IPS,5.0,2.304,Medium,FullHD,0,0,HP,9.958028293257318,Non-Gaming
Lenovo N27q,525.0,1030.0,17276.05,27.0,2560.0,1440.0,1.7777777777777777,108.78553926332336,100.0,1000,300.0,IPS,6.0,3.6864,Large,QHD,0,0,Lenovo,9.757134310191548,Non-Gaming
Iiyama ProLite XU2293HSU-B7,406.0,494.0,9999.0,21.5,1920.0,1080.0,1.7777777777777777,102.460798608479,100.0,1000,300.0,IPS,4.951367781155016,2.0736,Small,FullHD,0,0,Iiyama,9.210340371976184,Non-Gaming
Iiyama ProLite X2792HSU-B1,742.0,851.0,17698.23,27.0,1920.0,1080.0,1.7777777777777777,81.58915444749253,120.0,1500,300.0,IPS,3.0,2.0736,Large,FullHD,1,0,Iiyama,9.781276414790787,Gaming
Lenovo ThinkVision P24QD-40,1369.0,1778.0,34963.17,23.8,2560.0,1440.0,1.7777777777777777,123.41216639116516,120.0,1500,300.0,IPS,4.0,3.6864,Small,QHD,1,0,Lenovo,10.462079101832478,Gaming
MSI PRO MP251P,409.0,499.0,10087.88,24.5,1920.0,1080.0,1.7777777777777777,89.91457837070605,100.0,1300,300.0,IPS,4.0,2.0736,Medium,FullHD,0,0,MSI,9.219189106195508,Non-Gaming
Acer Nitro XV270M3bmiiprx,614.0,744.0,15087.38,27.0,1920.0,1080.0,1.7777777777777777,81.58915444749253,180.0,1000,250.0,IPS,1.0,2.0736,Large,FullHD,1,0,Acer,9.62168019013403,Gaming
Asus TUF Gaming VG279QM1A,655.0,1506.0,24008.71,27.0,1920.0,1080.0,1.7777777777777777,81.58915444749253,280.0,1000,300.0,IPS,1.0,2.0736,Large,FullHD,1,0,Asus,10.086213610841648,Gaming
Philips 45B1U6900C,2931.0,3909.0,75992.4,44.5,5120.0,1440.0,3.5555555555555554,119.5201448168605,75.0,3000,450.0,VA,4.0,7.3728,XLarge,QHD,0,0,Philips,11.23840177339221,Non-Gaming
MSI MPG ARTYMIS 273CQR,1700.0,2729.0,49206.189999999995,27.0,2560.0,1440.0,1.7777777777777777,108.78553926332336,165.0,3000,550.0,VA,4.0,3.6864,Large,QHD,1,0,MSI,10.803795030014633,Gaming
HP 524pm,1478.0,2039.0,39073.869999999995,23.8,1920.0,1080.0,1.7777777777777777,92.55912479337388,100.0,1500,350.0,IPS,5.0,2.0736,Small,FullHD,0,0,HP,10.573234828348763,Non-Gaming
Dell UltraSharp U2422HE,1100.0,1634.0,30374.74,24.0,1920.0,1080.0,1.7777777777777777,91.7877987534291,60.0,1000,250.0,IPS,5.0,2.0736,Medium,FullHD,0,0,Dell,10.321399542486015,Non-Gaming
AOC CU34G4Z,1161.0,1926.0,34296.57,34.0,3440.0,1440.0,2.388888888888889,109.68340725465096,240.0,2500,450.0,VA,1.0,4.9536,XLarge,QHD,1,0,AOC,10.442829785163322,Gaming
HP OMEN 27s,963.0,1478.0,27119.51,27.0,1920.0,1080.0,1.7777777777777777,81.58915444749253,240.0,1000,400.0,IPS,1.0,2.0736,Large,FullHD,1,0,HP,10.208045547187249,Gaming
AOC Q27B35E,497.0,735.0,13687.52,27.0,2560.0,1440.0,1.7777777777777777,108.78553926332336,75.0,1500,300.0,IPS,4.0,3.6864,Large,QHD,0,0,AOC,9.524312804330284,Non-Gaming
Philips 230B8QJEB,966.0,966.0,21464.52,23.0,1920.0,1200.0,1.6,98.44154224754716,60.0,1000,250.0,IPS,5.0,2.304,Small,FullHD,0,0,Philips,9.974203205848573,Non-Gaming
Acer Predator X39bmiiphuzx,3999.0,4999.0,99967.78,39.0,3440.0,1440.0,2.388888888888889,95.62143196559316,240.0,1500000,275.0,OLED,1.0,4.9536,XLarge,QHD,1,0,Acer,11.512613216225663,Gaming
Iiyama G-Master G2745HSU-B1,567.0,696.0,14031.929999999998,27.0,1920.0,1080.0,1.7777777777777777,81.58915444749253,100.0,1000,250.0,IPS,4.951367781155016,2.0736,Large,FullHD,0,0,Iiyama,9.549161989496694,Non-Gaming
LG 24BA750,775.0,1217.0,22131.12,23.8,1920.0,1080.0,1.7777777777777777,92.55912479337388,100.0,1300,250.0,IPS,5.0,2.0736,Small,FullHD,0,0,LG,10.004785226016676,Non-Gaming
Acer Nitro VG240Ybmiix,749.0,749.0,16642.78,24.0,1920.0,1080.0,1.7777777777777777,91.7877987534291,75.0,1000,250.0,IPS,5.0,2.0736,Medium,FullHD,0,0,Acer,9.719791852039025,Non-Gaming
LG Smart Monitor Swing 32U889SA,4200.0,4572.0,97456.92,31.5,3840.0,2160.0,1.7777777777777777,139.8671219099872,60.0,1000,350.0,IPS,5.0,8.2944,Large,4K,0,0,LG,11.487175974080689,Non-Gaming
Asus PB278QV,1356.0,1396.0,30574.72,27.0,2560.0,1440.0,1.7777777777777777,108.78553926332336,75.0,1000,300.0,IPS,5.0,3.6864,Large,QHD,0,0,Asus,10.327961508928967,Non-Gaming
AOC Q27G4ZR,949.0,1120.0,22986.59,27.0,2560.0,1440.0,1.7777777777777777,108.78553926332336,240.0,1000,400.0,IPS,1.0,3.6864,Large,QHD,1,0,AOC,10.042709784076202,Gaming
AOC U27B3AF,699.0,974.0,18587.03,27.0,3840.0,2160.0,1.7777777777777777,163.1783088949851,60.0,1000,350.0,IPS,4.0,8.2944,Large,4K,0,0,AOC,9.830273104148047,Non-Gaming
Iiyama ProLite T1624MSC-B1,1555.0,1929.0,38707.24,15.6,1920.0,1080.0,1.7777777777777777,141.21199808219862,60.0,800,450.0,IPS,25.0,2.0736,Small,FullHD,0,0,Iiyama,10.56380777625029,Non-Gaming
Samsung F24T452FQR,595.0,776.0,15231.81,24.0,1920.0,1080.0,1.7777777777777777,91.7877987534291,75.0,1000,250.0,IPS,5.0,2.0736,Medium,FullHD,0,0,Samsung,9.63120693313828,Non-Gaming
HP U28,1921.0,1921.0,42684.619999999995,28.0,3840.0,2160.0,1.7777777777777777,157.3505121487356,60.0,1000,400.0,IPS,4.0,8.2944,Large,4K,0,0,HP,10.661617374347705,Non-Gaming
AOC Q27E3UAM,687.0,897.0,17598.239999999998,27.0,2560.0,1440.0,1.7777777777777777,108.78553926332336,75.0,4000,350.0,VA,4.0,3.6864,Large,QHD,0,0,AOC,9.775610998275699,Non-Gaming
LG 27MP400,1269.0,1269.0,28197.18,27.0,1920.0,1080.0,1.7777777777777777,81.58915444749253,75.0,1000,250.0,IPS,5.0,2.0736,Large,FullHD,0,0,LG,10.247012715836382,Non-Gaming
Acer Nitro VG270UGbmiipx,767.0,898.0,18498.15,27.0,2560.0,1440.0,1.7777777777777777,108.78553926332336,120.0,1000,250.0,IPS,4.951367781155016,3.6864,Large,QHD,1,0,Acer,9.825480064064923,Gaming
MSI Optix G321Q,1469.0,2024.0,38807.23,31.5,2560.0,1440.0,1.7777777777777777,93.24474793999148,170.0,1200,300.0,IPS,4.951367781155016,3.6864,Large,QHD,1,0,MSI,10.56638761652056,Gaming
LG UltraGear 24GS50F,411.0,653.0,11821.04,23.7,1920.0,1080.0,1.7777777777777777,92.94966962372568,180.0,3000,250.0,VA,5.0,2.0736,Small,FullHD,1,0,LG,9.377720864900837,Gaming
Acer Nitro XV345CURXbmiipphx,1786.0,2500.0,47617.46,34.0,3440.0,1440.0,2.388888888888889,109.68340725465096,240.0,3000,300.0,VA,1.0,4.9536,XLarge,QHD,1,0,Acer,10.770975780164713,Gaming
Asus ROG Strix OLED XG27UCDMG,3969.0,4723.0,96568.12,26.5,3840.0,2160.0,1.7777777777777777,166.25714491187156,240.0,1500000,250.0,OLED,1.0,8.2944,Medium,4K,1,1,Asus,11.478014300358607,Gaming
ALOGIC Clarity 27F34KCPD,3200.0,3552.0,75014.72,27.0,3840.0,2160.0,1.7777777777777777,163.1783088949851,60.0,1000,400.0,VA,5.0,8.2944,Large,4K,0,0,ALOGIC,11.225452970555436,Non-Gaming
Hannspree HP240WJB,933.0,933.0,20731.26,23.8,1920.0,1080.0,1.7777777777777777,92.55912479337388,60.0,3000,300.0,VA,5.0,2.0736,Small,FullHD,0,0,Hannspree,9.93944622023038,Non-Gaming
Lenovo Legion Y34wz-30,2691.0,4127.0,75747.98,34.0,3440.0,1440.0,2.388888888888889,109.68340725465096,165.0,3000,720.0,VA,11.0,4.9536,XLarge,QHD,1,0,Lenovo,11.235180257934422,Gaming
Viewsonic VA2215-H,290.0,697.0,10965.57,21.5,1920.0,1080.0,1.7777777777777777,102.460798608479,75.0,3000,250.0,VA,4.0,2.0736,Small,FullHD,0,0,Viewsonic,9.302606833456839,Non-Gaming
MSI G32CQ5P,849.0,849.0,18864.78,31.5,2560.0,1440.0,1.7777777777777777,93.24474793999148,170.0,3000,250.0,VA,4.442516268980477,3.6864,Large,QHD,1,0,MSI,9.845104977952365,Gaming
Philips 346E2CUAE,1093.0,1559.0,29463.72,34.0,3440.0,1440.0,2.388888888888889,109.68340725465096,100.0,3000,300.0,VA,4.0,4.9536,XLarge,QHD,0,0,Philips,10.29094889442693,Non-Gaming
Viewsonic VG3457CV,2949.0,2949.0,65526.78,34.0,3440.0,1440.0,2.388888888888889,109.68340725465096,100.0,3000,350.0,VA,5.0,4.9536,XLarge,QHD,0,0,Viewsonic,11.090229453846376,Non-Gaming
Asus TUF Gaming VG24VQ1B,841.0,1098.0,21542.289999999997,23.8,1920.0,1080.0,1.7777777777777777,92.55912479337388,165.0,3000,350.0,VA,4.442516268980477,2.0736,Small,FullHD,1,0,Asus,9.977819678137017,Gaming
TCL 24G54,650.0,650.0,14443.0,23.8,1920.0,1080.0,1.7777777777777777,92.55912479337388,100.0,3000,450.0,VA,5.0,2.0736,Small,FullHD,0,0,TCL,9.578034382397348,Non-Gaming
Asus ROG Strix XG27ACMG,1869.0,2266.0,45939.85,27.0,2560.0,1440.0,1.7777777777777777,108.78553926332336,270.0,1000,400.0,IPS,1.0,3.6864,Large,QHD,1,0,Asus,10.73510997846635,Gaming
Acer B246HLymdpr,2079.0,2079.0,46195.38,24.0,1920.0,1080.0,1.7777777777777777,91.7877987534291,60.0,1000,250.0,TN,5.0,2.0736,Medium,FullHD,0,0,Acer,10.740656719021564,Non-Gaming
MSI MPG 274URF QD,1924.0,3957.0,65337.91,27.0,3840.0,2160.0,1.7777777777777777,163.1783088949851,160.0,1000,400.0,Other,6.63265306122449,8.2944,Large,4K,1,1,MSI,11.087343003044689,Gaming
Arzopa A1 Gamut,340.0,549.0,9876.79,15.6,1920.0,1080.0,1.7777777777777777,141.21199808219862,60.0,800,250.0,IPS,4.951367781155016,2.0736,Small,FullHD,0,0,Arzopa,9.198044081510343,Non-Gaming
Philips 162B9T,1225.0,1935.0,35107.6,16.0,1366.0,768.0,1.7786458333333333,97.9433031146081,60.0,500,220.0,TN,4.0,1.049088,Small,HD,0,0,Philips,10.466201393687884,Non-Gaming
Samsung S27A600U,1018.0,1700.0,30196.98,27.0,2560.0,1440.0,1.7777777777777777,108.78553926332336,75.0,1000,300.0,IPS,5.0,3.6864,Large,QHD,0,0,Samsung,10.31553031370868,Non-Gaming
Acer Nitro XZ273UP2bmiiphx,900.0,999.0,21097.89,27.0,2560.0,1440.0,1.7777777777777777,108.78553926332336,180.0,3000,300.0,VA,2.0,3.6864,Large,QHD,1,0,Acer,9.95697571144531,Gaming
Xiaomi 2K Monitor A27Qi,520.0,646.0,12954.26,27.0,2560.0,1440.0,1.7777777777777777,108.78553926332336,100.0,1000,250.0,IPS,6.0,3.6864,Large,QHD,0,0,Xiaomi,9.469257162266068,Non-Gaming
Philips 242E2FA,521.0,521.0,11576.62,24.0,1920.0,1080.0,1.7777777777777777,91.7877987534291,75.0,1000,300.0,IPS,4.0,2.0736,Medium,FullHD,0,0,Philips,9.356829203233172,Non-Gaming
Dell P2719HC,2253.0,2253.0,50061.66,27.0,1920.0,1080.0,1.7777777777777777,81.58915444749253,60.0,1000,300.0,IPS,5.0,2.0736,Large,FullHD,0,0,Dell,10.821030699810601,Non-Gaming
Viewsonic TD2423,1152.0,1386.0,28197.18,24.0,1920.0,1080.0,1.7777777777777777,91.7877987534291,75.0,3000,250.0,VA,7.0,2.0736,Medium,FullHD,0,0,Viewsonic,10.247012715836382,Non-Gaming
Viewsonic VX2719-PC-MHD,549.0,805.0,15042.94,27.0,1920.0,1080.0,1.7777777777777777,81.58915444749253,240.0,4000,250.0,VA,4.0,2.0736,Large,FullHD,1,0,Viewsonic,9.61873053128129,Gaming
Lenovo T22i-30,389.0,952.0,14898.509999999998,21.5,1920.0,1080.0,1.7777777777777777,102.460798608479,60.0,1000,250.0,IPS,4.0,2.0736,Small,FullHD,0,0,Lenovo,9.609083605486758,Non-Gaming
Philips 24B2G5200,765.0,949.0,19042.539999999997,23.8,1920.0,1080.0,1.7777777777777777,92.55912479337388,100.0,1500,300.0,IPS,4.0,2.0736,Small,FullHD,0,0,Philips,9.85448321543331,Non-Gaming
Lenovo L24m-4A,542.0,1020.0,17353.82,23.8,1920.0,1080.0,1.7777777777777777,92.55912479337388,100.0,1500,250.0,IPS,4.0,2.0736,Small,FullHD,0,0,Lenovo,9.76162555659128,Non-Gaming
Philips 27E2N1500L,498.0,812.0,14554.1,27.0,2560.0,1440.0,1.7777777777777777,108.78553926332336,75.0,1000,300.0,IPS,4.0,3.6864,Large,QHD,0,0,Philips,9.585696726647361,Non-Gaming
LG UltraGear 27GN800,1829.0,1829.0,40640.38,27.0,2560.0,1440.0,1.7777777777777777,108.78553926332336,144.0,1000,350.0,IPS,1.0,3.6864,Large,QHD,1,0,LG,10.612542038368762,Gaming
Dell UltraSharp U2725QE,2759.0,3249.0,66748.87999999999,27.0,3840.0,2160.0,1.7777777777777777,163.1783088949851,120.0,3000,450.0,IPS,5.0,8.2944,Large,4K,1,1,Dell,11.108707778508071,Gaming
Lenovo G27q-30,899.0,899.0,19975.78,27.0,2560.0,1440.0,1.7777777777777777,108.78553926332336,165.0,1000,350.0,VA,4.0,3.6864,Large,QHD,1,0,Lenovo,9.902325878053528,Gaming
Philips BDL4260EL,1499.0,1499.0,33307.78,42.0,1920.0,1080.0,1.7777777777777777,52.4501707162452,60.0,1300,450.0,Other,12.0,2.0736,XLarge,FullHD,0,0,Philips,10.413576304879044,Non-Gaming
Dell Pro Plus P2425D,876.0,1259.0,23719.85,23.8,2560.0,1440.0,1.7777777777777777,123.41216639116516,100.0,1500,350.0,IPS,5.0,3.6864,Small,QHD,0,0,Dell,10.07410968720823,Non-Gaming
Viewsonic VX27G1-2K,629.0,1300.0,21431.19,27.0,2560.0,1440.0,1.7777777777777777,108.78553926332336,180.0,1000,300.0,IPS,4.951367781155016,3.6864,Large,QHD,1,0,Viewsonic,9.972649276433376,Gaming
Acer Vero B247WE5wmiprzx,830.0,1038.0,20753.48,24.1,1920.0,1200.0,1.6,93.94835982131056,100.0,1500,300.0,IPS,4.0,2.304,Medium,FullHD,0,0,Acer,9.940517405969471,Non-Gaming
Iiyama G-Master GCB3280QSU-B1,1299.0,1782.0,34229.909999999996,31.5,2560.0,1440.0,1.7777777777777777,93.24474793999148,165.0,1000,350.0,VA,4.442516268980477,3.6864,Large,QHD,1,0,Iiyama,10.440884316037936,Gaming
HP 24mh,529.0,529.0,11754.38,23.8,1920.0,1080.0,1.7777777777777777,92.55912479337388,60.0,1000,250.0,IPS,5.0,2.0736,Small,FullHD,0,0,HP,9.372066287121177,Non-Gaming
Asus VP32AQ,999.0,1122.0,23564.31,31.5,2560.0,1440.0,1.7777777777777777,93.24474793999148,75.0,1000,350.0,IPS,5.0,3.6864,Large,QHD,0,0,Asus,10.067530994374211,Non-Gaming
Gigabyte M32UP,1979.0,2614.0,51028.23,31.5,3840.0,2160.0,1.7777777777777777,139.8671219099872,160.0,1000,350.0,IPS,4.951367781155016,8.2944,Large,4K,1,1,Gigabyte,10.840153884780937,Gaming
Iiyama ProLite LH5064UHS-B1AG,3172.0,3828.0,77770.0,50.0,3840.0,2160.0,1.7777777777777777,88.11628680329193,60.0,1200,500.0,IPS,4.951367781155016,8.2944,XLarge,4K,0,0,Iiyama,11.26152389003502,Non-Gaming
BenQ PD2706QN,1253.0,1798.0,33896.61,27.0,2560.0,1440.0,1.7777777777777777,108.78553926332336,100.0,1000,350.0,IPS,5.0,3.6864,Large,QHD,0,0,BenQ,10.43109978940827,Non-Gaming
Fujitsu P27-8 TS,1870.0,3005.0,54161.25,27.0,3840.0,2160.0,1.7777777777777777,163.1783088949851,60.0,1300,350.0,IPS,5.0,8.2944,Large,4K,0,0,Fujitsu,10.89973945029784,Non-Gaming
Asus VA27UCPS,1254.0,1632.0,32063.46,27.0,3840.0,2160.0,1.7777777777777777,163.1783088949851,60.0,1000,350.0,IPS,5.0,8.2944,Large,4K,0,0,Asus,10.375503530649015,Non-Gaming
Samsung S27C312E,425.0,696.0,12454.31,27.0,1920.0,1080.0,1.7777777777777777,81.58915444749253,75.0,1000,250.0,IPS,5.0,2.0736,Large,FullHD,0,0,Samsung,9.429902316989109,Non-Gaming
AOC U32P2,1400.0,1917.0,36851.869999999995,32.0,3840.0,2160.0,1.7777777777777777,137.68169813014364,60.0,3000,350.0,VA,4.0,8.2944,XLarge,4K,0,0,AOC,10.514688777895454,Non-Gaming
LG UltraFine 32UN650K,1296.0,1408.0,30041.44,31.5,3840.0,2160.0,1.7777777777777777,139.8671219099872,60.0,1000,350.0,IPS,5.0,8.2944,Large,4K,0,0,LG,10.310366327612785,Non-Gaming
Iiyama ProLite XU2793QS-B7,681.0,759.0,15998.4,27.0,2560.0,1440.0,1.7777777777777777,108.78553926332336,100.0,1300,300.0,IPS,4.951367781155016,3.6864,Large,QHD,0,0,Iiyama,9.680306500518777,Non-Gaming
HP M24fe,596.0,660.0,13954.16,23.8,1920.0,1080.0,1.7777777777777777,92.55912479337388,75.0,1000,300.0,IPS,5.0,2.0736,Small,FullHD,0,0,HP,9.543604611329274,Non-Gaming
HP 524da,559.0,662.0,13565.31,23.8,1920.0,1080.0,1.7777777777777777,92.55912479337388,100.0,1500,300.0,IPS,5.0,2.0736,Small,FullHD,0,0,HP,9.515344792490701,Non-Gaming
LC-Power LC-M27-FHD-165-C-V3,733.0,859.0,17687.12,27.0,1920.0,1080.0,1.7777777777777777,81.58915444749253,165.0,3000,300.0,VA,6.0,2.0736,Large,FullHD,1,0,LC-Power,9.780648506774785,Gaming
Terra 2727W HA V2,629.0,690.0,14654.09,27.0,1920.0,1080.0,1.7777777777777777,81.58915444749253,100.0,1000,300.0,VA,5.0,2.0736,Large,FullHD,0,0,Terra,9.592542994374856,Non-Gaming
KTC H27S17,619.0,1299.0,21308.98,27.0,2560.0,1440.0,1.7777777777777777,108.78553926332336,180.0,5000,300.0,VA,4.442516268980477,3.6864,Large,QHD,1,0,KTC,9.966930786565708,Gaming
Acer SA272Ebi,518.0,638.0,12843.16,27.0,1920.0,1080.0,1.7777777777777777,81.58915444749253,100.0,1000,250.0,IPS,4.0,2.0736,Large,FullHD,0,0,Acer,9.460644512310264,Non-Gaming
Viewsonic VG2708-4K,949.0,1794.0,30474.73,27.0,3840.0,2160.0,1.7777777777777777,163.1783088949851,60.0,1200,360.0,IPS,4.0,8.2944,Large,4K,0,0,Viewsonic,10.324685908123284,Non-Gaming
Philips 32M1N5800A,3428.0,3428.0,76170.15999999999,31.5,3840.0,2160.0,1.7777777777777777,139.8671219099872,144.0,1000,500.0,IPS,1.0,8.2944,Large,4K,1,1,Philips,11.240738192343692,Gaming
Sharp MultiSync EA272U,2729.0,3258.0,66515.56999999999,27.0,3840.0,2160.0,1.7777777777777777,163.1783088949851,60.0,1000,400.0,IPS,5.0,8.2944,Large,4K,0,0,Sharp,11.105206368537857,Non-Gaming
Acer KA240YHbi,674.0,674.0,14976.28,23.8,1920.0,1080.0,1.7777777777777777,92.55912479337388,100.0,3000,250.0,VA,4.442516268980477,2.0736,Small,FullHD,0,0,Acer,9.614289665150483,Non-Gaming
Lenovo C27-40,500.0,918.0,15753.98,27.0,1920.0,1080.0,1.7777777777777777,81.58915444749253,75.0,3000,250.0,VA,4.0,2.0736,Large,FullHD,0,0,Lenovo,9.664911784752295,Non-Gaming
AOC CU34G2XP,1084.0,1839.0,32474.53,34.0,3440.0,1440.0,2.388888888888889,109.68340725465096,180.0,4000,369.7073170731707,VA,1.0,4.9536,XLarge,QHD,1,0,AOC,10.38824216165197,Gaming
AOC AGON PRO AG276QZD2,2233.0,2783.0,55727.759999999995,26.7,2560.0,1440.0,1.7777777777777777,110.00784869324836,240.0,1500000,250.0,OLED,1.0,3.6864,Medium,QHD,1,0,AOC,10.928251630181467,Gaming
Arzopa M1RC,699.0,827.0,16953.86,27.0,2560.0,1440.0,1.7777777777777777,108.78553926332336,180.0,1000,350.0,IPS,1.0,3.6864,Large,QHD,1,0,Arzopa,9.738309797374367,Gaming
Acer Nitro XZ323QUP2bmiiphx,799.0,1030.0,20320.19,31.5,2560.0,1440.0,1.7777777777777777,93.24474793999148,180.0,3000,300.0,VA,2.0,3.6864,Large,QHD,1,0,Acer,9.919419462969799,Gaming
MSI MAG 255PXF,875.0,1131.0,22286.66,24.5,1920.0,1080.0,1.7777777777777777,89.91457837070605,300.0,1000,250.0,IPS,4.951367781155016,2.0736,Medium,FullHD,1,0,MSI,10.011788441057574,Gaming
Dell P2422H,720.0,1576.0,25508.56,24.0,1920.0,1080.0,1.7777777777777777,91.7877987534291,60.0,1000,250.0,IPS,5.0,2.0736,Medium,FullHD,0,0,Dell,10.146808562849122,Non-Gaming
Philips 32BDL3511Q,2041.0,2041.0,45351.02,31.5,1920.0,1080.0,1.7777777777777777,69.9335609549936,60.0,4000,350.0,VA,7.0,2.0736,Large,FullHD,0,0,Philips,10.722209996998927,Non-Gaming
LC-Power LC-M32-QHD-165-C-V2,989.0,1202.0,24342.01,31.5,2560.0,1440.0,1.7777777777777777,93.24474793999148,165.0,3500,300.0,VA,4.442516268980477,3.6864,Large,QHD,1,0,LC-Power,10.100000023645046,Gaming
Acer Nitro XV345CURX0bmiipphx,1299.0,1480.0,30874.69,34.0,3440.0,1440.0,2.388888888888889,109.68340725465096,200.0,3000,250.0,VA,1.0,4.9536,XLarge,QHD,1,0,Acer,10.337724421858699,Gaming
Philips 172B9T,1489.0,2046.0,39273.85,17.0,1280.0,1024.0,1.25,96.42351792840054,60.0,1000,250.0,TN,1.0,1.31072,Small,HD,0,0,Philips,10.578339643893104,Non-Gaming
Iiyama ProLite XUB2490HSUH-B2,727.0,967.0,18820.34,23.8,1920.0,1080.0,1.7777777777777777,92.55912479337388,100.0,1300,250.0,IPS,4.0,2.0736,Small,FullHD,0,0,Iiyama,9.842746611454869,Non-Gaming
Dell Pro Plus P2225H,529.0,684.0,13476.429999999998,21.5,1920.0,1080.0,1.7777777777777777,102.460798608479,100.0,1500,250.0,IPS,8.0,2.0736,Small,FullHD,0,0,Dell,9.508771713470749,Non-Gaming
Philips 40B1U5600,2273.0,2808.0,56449.91,39.5,3440.0,1440.0,2.388888888888889,94.41103409261096,120.0,1200,500.0,IPS,4.0,4.9536,XLarge,QHD,1,0,Philips,10.94112668990846,Gaming
Iiyama ProLite TF3215MC-B2AG,3772.0,4955.0,96956.97,31.5,1920.0,1080.0,1.7777777777777777,69.9335609549936,60.0,3000,425.0,VA,8.0,2.0736,Large,FullHD,0,0,Iiyama,11.482032864615324,Non-Gaming
Dell P2421,1317.0,2423.0,41551.4,24.0,1920.0,1200.0,1.6,94.33981132056604,60.0,1000,300.0,IPS,5.0,2.304,Medium,FullHD,0,0,Dell,10.634710560348301,Non-Gaming
Philips 34B1U5600CH,1774.0,4534.0,70081.87999999999,34.0,3440.0,1440.0,2.388888888888889,109.68340725465096,120.0,3000,350.0,VA,4.0,4.9536,XLarge,QHD,1,0,Philips,11.157433820656271,Gaming
Samsung ME32B,2772.0,2772.0,61593.84,32.0,1920.0,1080.0,1.7777777777777777,68.84084906507182,75.0,5000,350.0,TN,8.0,2.0736,XLarge,FullHD,0,0,Samsung,11.028333379779259,Non-Gaming
Acer Predator XB253QFbmiiprx,799.0,805.0,17820.44,24.5,1920.0,1080.0,1.7777777777777777,89.91457837070605,300.0,1000,250.0,IPS,4.0,2.0736,Medium,FullHD,1,0,Acer,9.788157505840811,Gaming
Philips 27E2N1100L,348.0,489.0,9299.07,27.0,1920.0,1080.0,1.7777777777777777,81.58915444749253,100.0,4000,250.0,VA,4.0,2.0736,Large,FullHD,0,0,Philips,9.137777205994741,Non-Gaming
Viewsonic VX2479-HD-PRO,399.0,1380.0,19764.69,23.8,1920.0,1080.0,1.7777777777777777,92.55912479337388,180.0,1000,250.0,IPS,4.951367781155016,2.0736,Small,FullHD,1,0,Viewsonic,9.891702885316228,Gaming
Acer Nitro ED340CUS3bmiipx,999.0,1709.0,30085.879999999997,34.0,3440.0,1440.0,2.388888888888889,109.68340725465096,180.0,4000,250.0,VA,4.442516268980477,4.9536,XLarge,QHD,1,0,Acer,10.311844475314821,Gaming
Samsung QE50T,2494.0,5000.0,83258.34,50.0,3840.0,2160.0,1.7777777777777777,88.11628680329193,60.0,4000,300.0,Other,8.0,8.2944,XLarge,4K,0,0,Samsung,11.32971559374181,Non-Gaming
LG 27BN55UP,909.0,1257.0,24064.26,27.0,3840.0,2160.0,1.7777777777777777,163.1783088949851,60.0,1000,300.0,IPS,5.0,8.2944,Large,4K,0,0,LG,10.08852458575115,Non-Gaming
Lenovo ThinkVision T24d-30,737.0,1115.0,20575.72,24.0,1920.0,1200.0,1.6,94.33981132056604,100.0,1500,300.0,IPS,4.0,2.304,Medium,FullHD,0,0,Lenovo,9.931915618649082,Non-Gaming
Samsung QB13R-T,1970.0,3858.0,64749.079999999994,13.0,1920.0,1080.0,1.7777777777777777,169.45439769863833,60.0,600,250.0,IPS,8.0,2.0736,Small,FullHD,0,0,Samsung,11.078290215082257,Non-Gaming
Iiyama ProLite T2254MSC-B1AG,1259.0,1568.0,31407.97,21.5,1920.0,1080.0,1.7777777777777777,102.460798608479,60.0,1000,250.0,IPS,4.0,2.0736,Small,FullHD,0,0,Iiyama,10.354848799890593,Non-Gaming
Asus VY249HF-W,447.0,701.0,12754.28,23.8,1920.0,1080.0,1.7777777777777777,92.55912479337388,100.0,1300,250.0,IPS,4.951367781155016,2.0736,Small,FullHD,0,0,Asus,9.453700582510583,Non-Gaming
Gigabyte Aorus FO27Q5P,3863.0,4837.0,96657.0,27.0,2560.0,1440.0,1.7777777777777777,108.78553926332336,500.0,1500000,300.0,OLED,1.0,3.6864,Large,QHD,1,0,Gigabyte,11.478934254102867,Gaming
Iiyama ProLite E2083HSD,671.0,671.0,14909.62,20.0,1600.0,900.0,1.7777777777777777,91.78779875342909,75.0,1000,250.0,TN,5.0,1.44,Small,HD,0,0,Iiyama,9.609828989724557,Non-Gaming
Dahua LM27-F400,1016.0,1048.0,22931.039999999997,27.0,3840.0,2160.0,1.7777777777777777,163.1783088949851,60.0,1000,350.0,IPS,5.0,8.2944,Large,4K,0,0,Dahua,10.040290338314211,Non-Gaming
Philips 27M1C3200VL,687.0,814.0,16676.11,27.0,1920.0,1080.0,1.7777777777777777,81.58915444749253,165.0,3000,250.0,VA,4.0,2.0736,Large,FullHD,1,0,Philips,9.721792399510361,Gaming
Asus VA24EHE,519.0,579.0,12198.78,24.0,1920.0,1080.0,1.7777777777777777,91.7877987534291,75.0,1000,250.0,IPS,5.0,2.0736,Medium,FullHD,0,0,Asus,9.409173197771871,Non-Gaming
Gigabyte MO27Q2A,2199.0,2830.0,55872.189999999995,27.0,2560.0,1440.0,1.7777777777777777,108.78553926332336,280.0,1500000,250.0,OLED,1.0,3.6864,Large,QHD,1,0,Gigabyte,10.930839937655163,Gaming
MSI MAG 244C,379.0,671.0,11665.5,23.6,1920.0,1080.0,1.7777777777777777,93.3435241560296,180.0,3000,250.0,VA,4.442516268980477,2.0736,Small,FullHD,1,0,MSI,9.364476765987114,Gaming
Viewsonic VX2468-PC-MHD,786.0,786.0,17464.92,24.0,1920.0,1080.0,1.7777777777777777,91.7877987534291,165.0,3000,250.0,VA,4.0,2.0736,Medium,FullHD,1,0,Viewsonic,9.768006832635695,Gaming
LG UltraGear 27GR95QE,3590.0,3590.0,79769.8,26.5,2560.0,1440.0,1.7777777777777777,110.83809660791438,240.0,1500000,200.0,OLED,1.0,3.6864,Medium,QHD,1,0,LG,11.286912801687782,Gaming
Asus ProArt PA328QV,1729.0,2244.0,44140.03,31.5,2560.0,1440.0,1.7777777777777777,93.24474793999148,75.0,1000,350.0,IPS,5.0,3.6864,Large,QHD,0,0,Asus,10.695145014382152,Non-Gaming
Philips 24E1N1100A,299.0,594.0,9921.23,23.8,1920.0,1080.0,1.7777777777777777,92.55912479337388,100.0,1300,250.0,IPS,4.0,2.0736,Small,FullHD,0,0,Philips,9.202532973402644,Non-Gaming
Lenovo L32p-30,1499.0,2058.0,39518.27,32.0,3840.0,2160.0,1.7777777777777777,137.68169813014364,60.0,1000,350.0,IPS,4.0,8.2944,XLarge,4K,0,0,Lenovo,10.584543680031281,Non-Gaming
Acer Vero RS272G0bpamix,599.0,599.0,13309.78,27.0,1920.0,1080.0,1.7777777777777777,81.58915444749253,120.0,1500,250.0,IPS,4.0,2.0736,Large,FullHD,1,0,Acer,9.496329512226565,Gaming
Iiyama ProLite XUB2797QSNP-B1,1070.0,1510.0,28663.8,27.0,2560.0,1440.0,1.7777777777777777,108.78553926332336,100.0,1300,300.0,IPS,4.951367781155016,3.6864,Large,QHD,0,0,Iiyama,10.263425168168308,Non-Gaming
MSI G272QPF E2,1256.0,1256.0,27908.32,27.0,2560.0,1440.0,1.7777777777777777,108.78553926332336,180.0,1200,300.0,IPS,1.0,3.6864,Large,QHD,1,0,MSI,10.236715962206329,Gaming
MSI MAG 274UPDF E16M,2219.0,2398.0,51294.869999999995,27.0,3840.0,2160.0,1.7777777777777777,163.1783088949851,160.0,1000,400.0,IPS,4.951367781155016,8.2944,Large,4K,1,1,MSI,10.8453655210954,Gaming
